id,stroke
15304,0.4637748897075653
15305,0.7376654148101807
15306,0.016909737139940262
15307,0.5621357560157776
15308,0.2001885324716568
15309,0.28066501021385193
15310,0.1451108753681183
15311,0.5687724947929382
15312,0.03673042356967926
15313,0.34440451860427856
15314,0.37382054328918457
15315,0.910435140132904
15316,0.0389266163110733
15317,0.15481673181056976
15318,0.3280668556690216
15319,0.016044262796640396
15320,0.016945261508226395
15321,0.08663050085306168
15322,0.520518958568573
15323,0.4729453921318054
15324,0.10156479477882385
15325,0.03299425542354584
15326,0.023556075990200043
15327,0.18108931183815002
15328,0.2683360278606415
15329,0.3909732699394226
15330,0.05096454918384552
15331,0.4983157813549042
15332,0.03330235928297043
15333,0.24109740555286407
15334,0.740244448184967
15335,0.1406431496143341
15336,0.3209664821624756
15337,0.5866407752037048
15338,0.6272363066673279
15339,0.029865188524127007
15340,0.7379125952720642
15341,0.2790999114513397
15342,0.0795833095908165
15343,0.07728957384824753
15344,0.050704192370176315
15345,0.0734623372554779
15346,0.018651382997632027
15347,0.6120812892913818
15348,0.5977284908294678
15349,0.02150215208530426
15350,0.3892640769481659
15351,0.026067106053233147
15352,0.7763423323631287
15353,0.07795736193656921
15354,0.028011806309223175
15355,0.03140121325850487
15356,0.015834501013159752
15357,0.12864096462726593
15358,0.9355469346046448
15359,0.04499078541994095
15360,0.508224368095398
15361,0.0891897976398468
15362,0.39894431829452515
15363,0.02658657729625702
15364,0.24505116045475006
15365,0.3870050311088562
15366,0.07841301709413528
15367,0.043014734983444214
15368,0.7130628228187561
15369,0.019516410306096077
15370,0.6365547776222229
15371,0.16849201917648315
15372,0.03375856205821037
15373,0.28762367367744446
15374,0.22111347317695618
15375,0.02449517883360386
15376,0.024944880977272987
15377,0.678411066532135
15378,0.0171822402626276
15379,0.8849171996116638
15380,0.3811376392841339
15381,0.012297507375478745
15382,0.9427778124809265
15383,0.11900831013917923
15384,0.24018535017967224
15385,0.3549598753452301
15386,0.09916190803050995
15387,0.7792655229568481
15388,0.02963082492351532
15389,0.4407039284706116
15390,0.5123229026794434
15391,0.43562090396881104
15392,0.0187111534178257
15393,0.09682367742061615
15394,0.9609206914901733
15395,0.18448418378829956
15396,0.0884520560503006
15397,0.44889920949935913
15398,0.028565553948283195
15399,0.2449062466621399
15400,0.09962008148431778
15401,0.3761760890483856
15402,0.031320951879024506
15403,0.28037360310554504
15404,0.22724486887454987
15405,0.6151788234710693
15406,0.2303866446018219
15407,0.14805196225643158
15408,0.7138767838478088
15409,0.35702991485595703
15410,0.525711715221405
15411,0.9076529145240784
15412,0.454772412776947
15413,0.38015037775039673
15414,0.021027902141213417
15415,0.03910078853368759
15416,0.9731534719467163
15417,0.5072577595710754
15418,0.0224052332341671
15419,0.7276512980461121
15420,0.23771482706069946
15421,0.8763205409049988
15422,0.017130812630057335
15423,0.08044970035552979
15424,0.024880656972527504
15425,0.23948757350444794
15426,0.47350773215293884
15427,0.17656052112579346
15428,0.43593916296958923
15429,0.46361228823661804
15430,0.03636092320084572
15431,0.08350946754217148
15432,0.0964151993393898
15433,0.09170202165842056
15434,0.09017942100763321
15435,0.3373393416404724
15436,0.30251771211624146
15437,0.41803258657455444
15438,0.7701963782310486
15439,0.14096495509147644
15440,0.1825663298368454
15441,0.5858251452445984
15442,0.013786382041871548
15443,0.1806502342224121
15444,0.03543243184685707
15445,0.513246476650238
15446,0.7191405892372131
15447,0.47285085916519165
15448,0.11463701725006104
15449,0.40635716915130615
15450,0.01360949408262968
15451,0.2545839250087738
15452,0.675937831401825
15453,0.4051799774169922
15454,0.3729247450828552
15455,0.08706657588481903
15456,0.35362720489501953
15457,0.14007967710494995
15458,0.10772286355495453
15459,0.3434692323207855
15460,0.8393054604530334
15461,0.02498631365597248
15462,0.4968454837799072
15463,0.3931620717048645
15464,0.4365663230419159
15465,0.7517270445823669
15466,0.2736336290836334
15467,0.04164854437112808
15468,0.38297486305236816
15469,0.01600855402648449
15470,0.5129554271697998
15471,0.8430638909339905
15472,0.19008822739124298
15473,0.22104080021381378
15474,0.06036940589547157
15475,0.43946853280067444
15476,0.13286560773849487
15477,0.012651379220187664
15478,0.10560561716556549
15479,0.6177637577056885
15480,0.43887749314308167
15481,0.1842317134141922
15482,0.3895546495914459
15483,0.2631397247314453
15484,0.9642755389213562
15485,0.3205787241458893
15486,0.2698078155517578
15487,0.567032516002655
15488,0.029454583302140236
15489,0.8542113900184631
15490,0.4411941468715668
15491,0.6450557708740234
15492,0.03267088904976845
15493,0.05890922620892525
15494,0.033741652965545654
15495,0.01625063642859459
15496,0.16765186190605164
15497,0.7796772718429565
15498,0.7964498400688171
15499,0.13357196748256683
15500,0.33068445324897766
15501,0.06087704747915268
15502,0.42516419291496277
15503,0.09045886993408203
15504,0.43001261353492737
15505,0.01430631522089243
15506,0.6738414168357849
15507,0.02311938814818859
15508,0.7048605680465698
15509,0.7777474522590637
15510,0.4081454277038574
15511,0.5795406699180603
15512,0.40887507796287537
15513,0.4534975290298462
15514,0.4479784667491913
15515,0.030392523854970932
15516,0.11346220970153809
15517,0.15173310041427612
15518,0.0934525802731514
15519,0.01670128107070923
15520,0.06929165869951248
15521,0.093561552464962
15522,0.7535868883132935
15523,0.011671796441078186
15524,0.012856677174568176
15525,0.43692460656166077
15526,0.24839378893375397
15527,0.10747136920690536
15528,0.23554851114749908
15529,0.8468867540359497
15530,0.633442759513855
15531,0.31252580881118774
15532,0.8538796901702881
15533,0.2197863906621933
15534,0.04506022110581398
15535,0.4477391541004181
15536,0.8126084208488464
15537,0.5877231359481812
15538,0.12893404066562653
15539,0.02706044539809227
15540,0.03670400381088257
15541,0.09480192512273788
15542,0.20447133481502533
15543,0.01868690736591816
15544,0.525933027267456
15545,0.7136374711990356
15546,0.7964058518409729
15547,0.05221303924918175
15548,0.7742125988006592
15549,0.7333228588104248
15550,0.08133921027183533
15551,0.2708652913570404
15552,0.14874106645584106
15553,0.016787497326731682
15554,0.020353026688098907
15555,0.5859237909317017
15556,0.12947487831115723
15557,0.06907685846090317
15558,0.15333716571331024
15559,0.6816898584365845
15560,0.09110819548368454
15561,0.17649124562740326
15562,0.1183675229549408
15563,0.049372583627700806
15564,0.04383475333452225
15565,0.020775096490979195
15566,0.6744057536125183
15567,0.4145677983760834
15568,0.010912863537669182
15569,0.2065659761428833
15570,0.3275008201599121
15571,0.7784802913665771
15572,0.010903891175985336
15573,0.308146595954895
15574,0.20217964053153992
15575,0.1638602614402771
15576,0.4624587595462799
15577,0.770171046257019
15578,0.7899659872055054
15579,0.016794495284557343
15580,0.23334956169128418
15581,0.012782171368598938
15582,0.5373913049697876
15583,0.15256360173225403
15584,0.025185303762555122
15585,0.6770377159118652
15586,0.10018743574619293
15587,0.19977553188800812
15588,0.025972522795200348
15589,0.1272716522216797
15590,0.8632664680480957
15591,0.0649670660495758
15592,0.07377459108829498
15593,0.15503251552581787
15594,0.40643441677093506
15595,0.9169358015060425
15596,0.026739545166492462
15597,0.42017653584480286
15598,0.01480245590209961
15599,0.5161304473876953
15600,0.15672710537910461
15601,0.37737226486206055
15602,0.3882569968700409
15603,0.5691325068473816
15604,0.4727354943752289
15605,0.4948025941848755
15606,0.1854386329650879
15607,0.6405390501022339
15608,0.27093014121055603
15609,0.11288350075483322
15610,0.4249037504196167
15611,0.37688228487968445
15612,0.8436933755874634
15613,0.5226410031318665
15614,0.014101018197834492
15615,0.4964660406112671
15616,0.39131689071655273
15617,0.13659362494945526
15618,0.8357667922973633
15619,0.5316774845123291
15620,0.36546018719673157
15621,0.02448968216776848
15622,0.038659900426864624
15623,0.396557480096817
15624,0.060090769082307816
15625,0.016057465225458145
15626,0.6730151772499084
15627,0.020469605922698975
15628,0.04307412728667259
15629,0.15073144435882568
15630,0.945233941078186
15631,0.04064911976456642
15632,0.023199912160634995
15633,0.07399207353591919
15634,0.5195275545120239
15635,0.8201580047607422
15636,0.1588674932718277
15637,0.6241353154182434
15638,0.10607206076383591
15639,0.04200995713472366
15640,0.02682468853890896
15641,0.30096930265426636
15642,0.13473424315452576
15643,0.26102718710899353
15644,0.01952202618122101
15645,0.2745673358440399
15646,0.8924596905708313
15647,0.01893788017332554
15648,0.020390136167407036
15649,0.22097498178482056
15650,0.08057215064764023
15651,0.014595679007470608
15652,0.7224118113517761
15653,0.10814240574836731
15654,0.012574778869748116
15655,0.09793461114168167
15656,0.1743551343679428
15657,0.45429715514183044
15658,0.7391059994697571
15659,0.34890955686569214
15660,0.25767871737480164
15661,0.061241500079631805
15662,0.014007301069796085
15663,0.9420437812805176
15664,0.19529984891414642
15665,0.07853935658931732
15666,0.03458322957158089
15667,0.04582544416189194
15668,0.08584032207727432
15669,0.28374263644218445
15670,0.6910565495491028
15671,0.07783972471952438
15672,0.8097601532936096
15673,0.4676564335823059
15674,0.049940332770347595
15675,0.6016641855239868
15676,0.7416755557060242
15677,0.1300988644361496
15678,0.10986440628767014
15679,0.05561692267656326
15680,0.7500415444374084
15681,0.37814879417419434
15682,0.014836541377007961
15683,0.02261951006948948
15684,0.22147627174854279
15685,0.2707953453063965
15686,0.3362242579460144
15687,0.12272831797599792
15688,0.5554968118667603
15689,0.4142683744430542
15690,0.7507408857345581
15691,0.7043212056159973
15692,0.6120010614395142
15693,0.08957888931035995
15694,0.16910159587860107
15695,0.026137234643101692
15696,0.1239791065454483
15697,0.8301299214363098
15698,0.2070113867521286
15699,0.5800859332084656
15700,0.03192520886659622
15701,0.22702176868915558
15702,0.03589686378836632
15703,0.8170360326766968
15704,0.16497203707695007
15705,0.23161166906356812
15706,0.4286558926105499
15707,0.27300751209259033
15708,0.014918691478669643
15709,0.0668158009648323
15710,0.24979887902736664
15711,0.2923027276992798
15712,0.1409020572900772
15713,0.08028659969568253
15714,0.8354288339614868
15715,0.05444885417819023
15716,0.5649513006210327
15717,0.31927260756492615
15718,0.454949289560318
15719,0.8414681553840637
15720,0.03660902753472328
15721,0.4279550015926361
15722,0.36838048696517944
15723,0.6873398423194885
15724,0.02182142622768879
15725,0.043699249625205994
15726,0.7642422914505005
15727,0.5907622575759888
15728,0.5940731763839722
15729,0.4465155005455017
15730,0.8378740549087524
15731,0.7068328857421875
15732,0.33541348576545715
15733,0.12017913907766342
15734,0.08939756453037262
15735,0.45862725377082825
15736,0.02054658904671669
15737,0.08487196266651154
15738,0.1632203906774521
15739,0.031814027577638626
15740,0.4934934079647064
15741,0.016248999163508415
15742,0.014961689710617065
15743,0.17146162688732147
15744,0.015724919736385345
15745,0.7964805960655212
15746,0.1605064868927002
15747,0.2730799913406372
15748,0.6386119723320007
15749,0.317884624004364
15750,0.7421045899391174
15751,0.019499996677041054
15752,0.03544297069311142
15753,0.6865860819816589
15754,0.3862520158290863
15755,0.448679655790329
15756,0.554246187210083
15757,0.2570236027240753
15758,0.023190675303339958
15759,0.275773823261261
15760,0.27402999997138977
15761,0.2541272044181824
15762,0.8434963822364807
15763,0.02832118421792984
15764,0.0829845666885376
15765,0.6160492897033691
15766,0.9065427184104919
15767,0.5489540100097656
15768,0.37929967045783997
15769,0.8310980200767517
15770,0.022654324769973755
15771,0.027299093082547188
15772,0.35096535086631775
15773,0.34934723377227783
15774,0.47643953561782837
15775,0.1714460402727127
15776,0.9415630102157593
15777,0.7984343767166138
15778,0.12448698282241821
15779,0.019860733300447464
15780,0.17807520925998688
15781,0.43593499064445496
15782,0.22662955522537231
15783,0.22657907009124756
15784,0.28888484835624695
15785,0.18609720468521118
15786,0.14158189296722412
15787,0.8721628785133362
15788,0.7530337572097778
15789,0.33043280243873596
15790,0.5751311779022217
15791,0.37851545214653015
15792,0.15017709136009216
15793,0.5053858757019043
15794,0.5394726991653442
15795,0.23600417375564575
15796,0.5428640842437744
15797,0.6816490888595581
15798,0.022216778248548508
15799,0.17484846711158752
15800,0.9526422023773193
15801,0.1962105929851532
15802,0.19914276897907257
15803,0.6147123575210571
15804,0.05726845562458038
15805,0.5881649255752563
15806,0.4692915976047516
15807,0.31784746050834656
15808,0.2739781439304352
15809,0.11238450556993484
15810,0.290766179561615
15811,0.1809992790222168
15812,0.05840937793254852
15813,0.08583143353462219
15814,0.10298570245504379
15815,0.3907904326915741
15816,0.5772255659103394
15817,0.16711939871311188
15818,0.3038495182991028
15819,0.38961198925971985
15820,0.43284907937049866
15821,0.1757788509130478
15822,0.5828128457069397
15823,0.24447870254516602
15824,0.045876916497945786
15825,0.2069465070962906
15826,0.8425701260566711
15827,0.3809494078159332
15828,0.26621899008750916
15829,0.014296164736151695
15830,0.26322078704833984
15831,0.06512496620416641
15832,0.49730443954467773
15833,0.021077854558825493
15834,0.015424703247845173
15835,0.4784984588623047
15836,0.021527262404561043
15837,0.1846182495355606
15838,0.6209491491317749
15839,0.47433382272720337
15840,0.015426631085574627
15841,0.6623300909996033
15842,0.6463167071342468
15843,0.6433064341545105
15844,0.02194366790354252
15845,0.17618060111999512
15846,0.2874819338321686
15847,0.6166831851005554
15848,0.026310887187719345
15849,0.5372434258460999
15850,0.032457783818244934
15851,0.03699428588151932
15852,0.30468690395355225
15853,0.015344586223363876
15854,0.22075536847114563
15855,0.027435731142759323
15856,0.34064966440200806
15857,0.03361523896455765
15858,0.2718774080276489
15859,0.1425381451845169
15860,0.3647831380367279
15861,0.04329230263829231
15862,0.3254847824573517
15863,0.044256970286369324
15864,0.562131404876709
15865,0.859081506729126
15866,0.3476825952529907
15867,0.7688328623771667
15868,0.44427692890167236
15869,0.45760759711265564
15870,0.514143168926239
15871,0.5971722602844238
15872,0.49094337224960327
15873,0.3143531084060669
15874,0.29096102714538574
15875,0.5999884009361267
15876,0.4116549789905548
15877,0.8034656643867493
15878,0.35820990800857544
15879,0.46966418623924255
15880,0.09956589341163635
15881,0.3045577108860016
15882,0.6925525665283203
15883,0.7705817222595215
15884,0.05242111161351204
15885,0.2575490474700928
15886,0.06370532512664795
15887,0.009370981715619564
15888,0.0912449061870575
15889,0.8280473351478577
15890,0.19850963354110718
15891,0.07749518752098083
15892,0.034493688493967056
15893,0.03494025766849518
15894,0.2714914083480835
15895,0.0730588287115097
15896,0.21553057432174683
15897,0.4376133680343628
15898,0.2227662056684494
15899,0.07916011661291122
15900,0.5725365877151489
15901,0.38694828748703003
15902,0.20154450833797455
15903,0.013364179991185665
15904,0.3111761212348938
15905,0.3426181375980377
15906,0.2615686357021332
15907,0.4035545587539673
15908,0.0170294102281332
15909,0.04312383383512497
15910,0.6957203149795532
15911,0.10336143523454666
15912,0.4324886202812195
15913,0.04913689196109772
15914,0.3540905714035034
15915,0.5014241337776184
15916,0.12268942594528198
15917,0.9215742945671082
15918,0.06451702862977982
15919,0.014467957429587841
15920,0.017585884779691696
15921,0.06926930695772171
15922,0.21285338699817657
15923,0.012642192654311657
15924,0.9240050911903381
15925,0.3272819221019745
15926,0.0155175244435668
15927,0.02901099994778633
15928,0.04400879889726639
15929,0.15361085534095764
15930,0.5506216883659363
15931,0.48462069034576416
15932,0.27201420068740845
15933,0.0317278690636158
15934,0.37303000688552856
15935,0.38727107644081116
15936,0.14049479365348816
15937,0.04409351572394371
15938,0.13555999100208282
15939,0.3900674879550934
15940,0.025408266112208366
15941,0.10626786947250366
15942,0.14422135055065155
15943,0.22429169714450836
15944,0.22098927199840546
15945,0.47628360986709595
15946,0.016111118718981743
15947,0.012745818123221397
15948,0.3943447768688202
15949,0.47775599360466003
15950,0.018671179190278053
15951,0.05875896289944649
15952,0.45149582624435425
15953,0.24403834342956543
15954,0.2719225287437439
15955,0.1983569860458374
15956,0.6002412438392639
15957,0.06404199451208115
15958,0.107759490609169
15959,0.7042627930641174
15960,0.30782267451286316
15961,0.026549292728304863
15962,0.016383817419409752
15963,0.013801918365061283
15964,0.041393741965293884
15965,0.05813218280673027
15966,0.07859302312135696
15967,0.031280048191547394
15968,0.031454045325517654
15969,0.014294404536485672
15970,0.02269512414932251
15971,0.13484804332256317
15972,0.41833412647247314
15973,0.3671855330467224
15974,0.7902718782424927
15975,0.2059134840965271
15976,0.5326677560806274
15977,0.41845810413360596
15978,0.09755924344062805
15979,0.01793004386126995
15980,0.679441511631012
15981,0.3194667100906372
15982,0.018787626177072525
15983,0.015490873716771603
15984,0.13598723709583282
15985,0.7193280458450317
15986,0.04676250368356705
15987,0.07684580981731415
15988,0.2965877056121826
15989,0.40016818046569824
15990,0.04239793121814728
15991,0.3022992014884949
15992,0.0408608503639698
15993,0.09946256875991821
15994,0.20003074407577515
15995,0.16729162633419037
15996,0.15183387696743011
15997,0.31789565086364746
15998,0.19181877374649048
15999,0.44781258702278137
16000,0.7094337344169617
16001,0.11383218318223953
16002,0.977794349193573
16003,0.22441020607948303
16004,0.1771157681941986
16005,0.13031862676143646
16006,0.15788479149341583
16007,0.01637977734208107
16008,0.0228743813931942
16009,0.25871914625167847
16010,0.903902530670166
16011,0.12798196077346802
16012,0.25731390714645386
16013,0.24799765646457672
16014,0.7111698389053345
16015,0.16642211377620697
16016,0.6600474715232849
16017,0.04796544462442398
16018,0.6088650822639465
16019,0.337165892124176
16020,0.6370710134506226
16021,0.4199114441871643
16022,0.08456173539161682
16023,0.3049813210964203
16024,0.304972767829895
16025,0.45647042989730835
16026,0.11258940398693085
16027,0.5056323409080505
16028,0.23170116543769836
16029,0.0445401631295681
16030,0.01850758120417595
16031,0.1467444896697998
16032,0.028148218989372253
16033,0.028681853786110878
16034,0.08419696241617203
16035,0.35876381397247314
16036,0.2201363742351532
16037,0.5246787667274475
16038,0.2311130315065384
16039,0.41978919506073
16040,0.1587551236152649
16041,0.04063692316412926
16042,0.013680794276297092
16043,0.46117737889289856
16044,0.0262856837362051
16045,0.019152725115418434
16046,0.8854936361312866
16047,0.18656380474567413
16048,0.016401439905166626
16049,0.03311222791671753
16050,0.2630769610404968
16051,0.06330849230289459
16052,0.43077361583709717
16053,0.4878813624382019
16054,0.1713230013847351
16055,0.593969464302063
16056,0.5455905199050903
16057,0.22097261250019073
16058,0.3181905448436737
16059,0.7738826274871826
16060,0.052039824426174164
16061,0.1368822455406189
16062,0.2074507474899292
16063,0.14508843421936035
16064,0.6841620802879333
16065,0.20430664718151093
16066,0.016676804050803185
16067,0.3591454029083252
16068,0.34005171060562134
16069,0.12556156516075134
16070,0.01361792627722025
16071,0.18953637778759003
16072,0.5074476599693298
16073,0.03350961208343506
16074,0.12153099477291107
16075,0.44288983941078186
16076,0.314252108335495
16077,0.06626168638467789
16078,0.22105097770690918
16079,0.6025393605232239
16080,0.01409071497619152
16081,0.28392601013183594
16082,0.45290854573249817
16083,0.39832231402397156
16084,0.3190614879131317
16085,0.40895429253578186
16086,0.2609953284263611
16087,0.2319217026233673
16088,0.22965997457504272
16089,0.30313771963119507
16090,0.228194922208786
16091,0.29332292079925537
16092,0.18190227448940277
16093,0.08955928683280945
16094,0.14842917025089264
16095,0.03749152272939682
16096,0.10457208007574081
16097,0.5319040417671204
16098,0.7556936144828796
16099,0.10505612194538116
16100,0.013886581175029278
16101,0.03359192982316017
16102,0.021901877596974373
16103,0.37536320090293884
16104,0.0130234993994236
16105,0.7385860681533813
16106,0.02425101399421692
16107,0.1844945251941681
16108,0.1600731462240219
16109,0.025906356051564217
16110,0.07716795802116394
16111,0.5202192068099976
16112,0.5015565156936646
16113,0.013002351857721806
16114,0.09973765909671783
16115,0.010053379461169243
16116,0.3382251262664795
16117,0.1808018982410431
16118,0.7229495048522949
16119,0.3371255695819855
16120,0.2946263551712036
16121,0.08400345593690872
16122,0.02660331130027771
16123,0.1220129057765007
16124,0.20007412135601044
16125,0.5305598378181458
16126,0.02376684918999672
16127,0.014142051339149475
16128,0.7705037593841553
16129,0.5800877213478088
16130,0.04215463995933533
16131,0.19770547747612
16132,0.20321157574653625
16133,0.4051361382007599
16134,0.01446550339460373
16135,0.215956911444664
16136,0.023722734302282333
16137,0.5663303136825562
16138,0.015727495774626732
16139,0.17705337703227997
16140,0.07666369527578354
16141,0.049645617604255676
16142,0.5460008978843689
16143,0.02865508571267128
16144,0.35568955540657043
16145,0.164324551820755
16146,0.07621853053569794
16147,0.400225967168808
16148,0.5573940873146057
16149,0.03833652660250664
16150,0.5378750562667847
16151,0.3396574854850769
16152,0.6046977639198303
16153,0.39239218831062317
16154,0.3769616186618805
16155,0.2731953561306
16156,0.5294723510742188
16157,0.08525725454092026
16158,0.4929704964160919
16159,0.3139403164386749
16160,0.21902930736541748
16161,0.02265162207186222
16162,0.5992605686187744
16163,0.08010485768318176
16164,0.9752169847488403
16165,0.05313721299171448
16166,0.7333528995513916
16167,0.22322307527065277
16168,0.04324210435152054
16169,0.7081888914108276
16170,0.015185297466814518
16171,0.257267564535141
16172,0.2642268240451813
16173,0.7874870300292969
16174,0.01579420268535614
16175,0.14127834141254425
16176,0.012196527794003487
16177,0.3071369528770447
16178,0.8508976101875305
16179,0.04978311061859131
16180,0.6316180229187012
16181,0.3123825192451477
16182,0.27853766083717346
16183,0.15534992516040802
16184,0.06731283664703369
16185,0.014366230927407742
16186,0.02266680635511875
16187,0.24988561868667603
16188,0.5852285027503967
16189,0.0388554222881794
16190,0.26462340354919434
16191,0.024516234174370766
16192,0.7533897161483765
16193,0.5749207139015198
16194,0.024267762899398804
16195,0.6969902515411377
16196,0.053031932562589645
16197,0.5684302449226379
16198,0.5743449330329895
16199,0.12399407476186752
16200,0.9442253112792969
16201,0.3229266405105591
16202,0.2514894902706146
16203,0.04031336307525635
16204,0.1165773794054985
16205,0.537162184715271
16206,0.24741728603839874
16207,0.1331586241722107
16208,0.7759590744972229
16209,0.8392799496650696
16210,0.0107797309756279
16211,0.040557872503995895
16212,0.04744669049978256
16213,0.6044970750808716
16214,0.2177353948354721
16215,0.6227976083755493
16216,0.8528193235397339
16217,0.011447247117757797
16218,0.9350029230117798
16219,0.1259031444787979
16220,0.485088050365448
16221,0.15611663460731506
16222,0.4950055778026581
16223,0.08219093829393387
16224,0.35896700620651245
16225,0.01758631318807602
16226,0.1661514937877655
16227,0.019058270379900932
16228,0.41482099890708923
16229,0.0208762027323246
16230,0.44288739562034607
16231,0.011636985465884209
16232,0.13323213160037994
16233,0.017578784376382828
16234,0.02061728574335575
16235,0.08825774490833282
16236,0.04418285936117172
16237,0.0347590371966362
16238,0.5427864193916321
16239,0.028775209560990334
16240,0.5241689085960388
16241,0.014019878581166267
16242,0.8789990544319153
16243,0.06514624506235123
16244,0.16799397766590118
16245,0.024417728185653687
16246,0.590969443321228
16247,0.0998188927769661
16248,0.02634262479841709
16249,0.7611531615257263
16250,0.4994778037071228
16251,0.6467087268829346
16252,0.7317196726799011
16253,0.8717931509017944
16254,0.03057033382356167
16255,0.7133495211601257
16256,0.5667492747306824
16257,0.47392430901527405
16258,0.016208618879318237
16259,0.2827354371547699
16260,0.06868954747915268
16261,0.39022117853164673
16262,0.24104255437850952
16263,0.011620329692959785
16264,0.4061742424964905
16265,0.09704060107469559
16266,0.9313543438911438
16267,0.5569980144500732
16268,0.015213562175631523
16269,0.5292458534240723
16270,0.6332947015762329
16271,0.9817933440208435
16272,0.09214664250612259
16273,0.366983026266098
16274,0.385670006275177
16275,0.3579699397087097
16276,0.2639924883842468
16277,0.5458452701568604
16278,0.28058922290802
16279,0.16977649927139282
16280,0.02106362208724022
16281,0.019607063382864
16282,0.1331179291009903
16283,0.28582608699798584
16284,0.015181055292487144
16285,0.04720184579491615
16286,0.022430282086133957
16287,0.25173982977867126
16288,0.7621376514434814
16289,0.17150530219078064
16290,0.08791482448577881
16291,0.09761536866426468
16292,0.10946836322546005
16293,0.37706321477890015
16294,0.2384306937456131
16295,0.7731585502624512
16296,0.1083017885684967
16297,0.15245802700519562
16298,0.4647441506385803
16299,0.019173545762896538
16300,0.014197458513081074
16301,0.6363663673400879
16302,0.39881443977355957
16303,0.14555802941322327
16304,0.3725695013999939
16305,0.4250696003437042
16306,0.0469939187169075
16307,0.33852851390838623
16308,0.2885332703590393
16309,0.10895086079835892
16310,0.14887310564517975
16311,0.13082973659038544
16312,0.1558103710412979
16313,0.032462090253829956
16314,0.334410160779953
16315,0.08221574872732162
16316,0.24897940456867218
16317,0.5358129143714905
16318,0.8691369295120239
16319,0.30647194385528564
16320,0.7291048765182495
16321,0.24691274762153625
16322,0.5491024255752563
16323,0.02167169377207756
16324,0.8900671601295471
16325,0.19404694437980652
16326,0.3601092994213104
16327,0.11524340510368347
16328,0.6180725693702698
16329,0.41235852241516113
16330,0.39632365107536316
16331,0.378118634223938
16332,0.6249253153800964
16333,0.8445872664451599
16334,0.33574801683425903
16335,0.02683597430586815
16336,0.626277506351471
16337,0.3406466543674469
16338,0.24126394093036652
16339,0.21412919461727142
16340,0.9300040006637573
16341,0.8290988206863403
16342,0.27484941482543945
16343,0.8376443982124329
16344,0.5285719037055969
16345,0.013891911134123802
16346,0.11244671791791916
16347,0.14650292694568634
16348,0.705161988735199
16349,0.6271028518676758
16350,0.6796605587005615
16351,0.019101561978459358
16352,0.7561322450637817
16353,0.023996921256184578
16354,0.23635724186897278
16355,0.2188771814107895
16356,0.09862406551837921
16357,0.1541910022497177
16358,0.2873402237892151
16359,0.06083839386701584
16360,0.28489023447036743
16361,0.37514734268188477
16362,0.0272570438683033
16363,0.26499971747398376
16364,0.4200589060783386
16365,0.3996600806713104
16366,0.12083292007446289
16367,0.2566872239112854
16368,0.502106249332428
16369,0.2871021628379822
16370,0.5877443552017212
16371,0.46199628710746765
16372,0.2542651295661926
16373,0.7055012583732605
16374,0.10171637684106827
16375,0.4068213701248169
16376,0.10614416003227234
16377,0.015853706747293472
16378,0.8263277411460876
16379,0.0321691520512104
16380,0.10972403734922409
16381,0.02237732708454132
16382,0.05494265258312225
16383,0.014618431217968464
16384,0.12490378320217133
16385,0.07182169705629349
16386,0.44925302267074585
16387,0.21201357245445251
16388,0.33034250140190125
16389,0.7329689264297485
16390,0.35131844878196716
16391,0.20984472334384918
16392,0.24316544830799103
16393,0.26243162155151367
16394,0.4239750802516937
16395,0.7775864005088806
16396,0.024386294186115265
16397,0.10356220602989197
16398,0.017487185075879097
16399,0.5013864636421204
16400,0.4316402077674866
16401,0.15675997734069824
16402,0.4145506024360657
16403,0.18095222115516663
16404,0.21903619170188904
16405,0.8350167870521545
16406,0.7899249196052551
16407,0.17352892458438873
16408,0.17245207726955414
16409,0.01336616650223732
16410,0.24573549628257751
16411,0.46408170461654663
16412,0.14165784418582916
16413,0.8936677575111389
16414,0.235981285572052
16415,0.5734015703201294
16416,0.3940235376358032
16417,0.5767456293106079
16418,0.07137630134820938
16419,0.6224889755249023
16420,0.22334393858909607
16421,0.8455731272697449
16422,0.015334314666688442
16423,0.42372673749923706
16424,0.18068049848079681
16425,0.36307981610298157
16426,0.4289453625679016
16427,0.04018992558121681
16428,0.10029129683971405
16429,0.48820483684539795
16430,0.3368009030818939
16431,0.01563090644776821
16432,0.21830090880393982
16433,0.6251948475837708
16434,0.4565177261829376
16435,0.38343968987464905
16436,0.3900761306285858
16437,0.49338477849960327
16438,0.3749358355998993
16439,0.22338621318340302
16440,0.1893368661403656
16441,0.9226799011230469
16442,0.2051621973514557
16443,0.045279573649168015
16444,0.40426722168922424
16445,0.07628105580806732
16446,0.14852172136306763
16447,0.015011017210781574
16448,0.2749541699886322
16449,0.1560850888490677
16450,0.8739350438117981
16451,0.7581256031990051
16452,0.013275198638439178
16453,0.043661024421453476
16454,0.0937623456120491
16455,0.7633833885192871
16456,0.05773670971393585
16457,0.28887948393821716
16458,0.4847725033760071
16459,0.47335362434387207
16460,0.5852778553962708
16461,0.3410908579826355
16462,0.02886275388300419
16463,0.27439114451408386
16464,0.2313157469034195
16465,0.19213123619556427
16466,0.028290677815675735
16467,0.02980477549135685
16468,0.9195497035980225
16469,0.5551500916481018
16470,0.017338749021291733
16471,0.14560960233211517
16472,0.03951682150363922
16473,0.0647188201546669
16474,0.1723705381155014
16475,0.11273214221000671
16476,0.12065056711435318
16477,0.08072647452354431
16478,0.7176995873451233
16479,0.41412845253944397
16480,0.9719052910804749
16481,0.47698384523391724
16482,0.658898115158081
16483,0.310918390750885
16484,0.019296269863843918
16485,0.08818472176790237
16486,0.8037342429161072
16487,0.018711481243371964
16488,0.04425468295812607
16489,0.8927255272865295
16490,0.6366710066795349
16491,0.6856741905212402
16492,0.11242564767599106
16493,0.043041590601205826
16494,0.2944856286048889
16495,0.21189641952514648
16496,0.14850947260856628
16497,0.036865901201963425
16498,0.021816452965140343
16499,0.01825808919966221
16500,0.016718408092856407
16501,0.011530926451086998
16502,0.11803720891475677
16503,0.3680506646633148
16504,0.03591465950012207
16505,0.1399412900209427
16506,0.46755290031433105
16507,0.34221693873405457
16508,0.4903997778892517
16509,0.03034413978457451
16510,0.07583694159984589
16511,0.04536287486553192
16512,0.5711702108383179
16513,0.02986985072493553
16514,0.26734891533851624
16515,0.022463606670498848
16516,0.8720434308052063
16517,0.20506946742534637
16518,0.46228066086769104
16519,0.2671939432621002
16520,0.6131709814071655
16521,0.5594930648803711
16522,0.10771695524454117
16523,0.03679899871349335
16524,0.12399149686098099
16525,0.39920082688331604
16526,0.37018170952796936
16527,0.22087699174880981
16528,0.27957263588905334
16529,0.06233546510338783
16530,0.6146084666252136
16531,0.016287993639707565
16532,0.04354263097047806
16533,0.25612297654151917
16534,0.011728920042514801
16535,0.02875402756035328
16536,0.0199628584086895
16537,0.09334073960781097
16538,0.0249324981123209
16539,0.613839864730835
16540,0.6329419612884521
16541,0.08369450271129608
16542,0.18711580336093903
16543,0.8020414113998413
16544,0.023581791669130325
16545,0.3189752399921417
16546,0.028808897361159325
16547,0.16061294078826904
16548,0.03294903039932251
16549,0.1893075555562973
16550,0.6977447867393494
16551,0.4728409945964813
16552,0.10248104482889175
16553,0.37017178535461426
16554,0.7901368737220764
16555,0.27311182022094727
16556,0.26620709896087646
16557,0.4445860683917999
16558,0.3804011344909668
16559,0.02852846123278141
16560,0.0784313753247261
16561,0.7061386704444885
16562,0.025682218372821808
16563,0.26326048374176025
16564,0.018020419403910637
16565,0.08328782767057419
16566,0.8696919679641724
16567,0.03343195095658302
16568,0.07747814804315567
16569,0.6712541580200195
16570,0.516583263874054
16571,0.18650202453136444
16572,0.7657133936882019
16573,0.3999386727809906
16574,0.13063032925128937
16575,0.7468599677085876
16576,0.013834564946591854
16577,0.3051711618900299
16578,0.08310381323099136
16579,0.017787227407097816
16580,0.017758917063474655
16581,0.03188634663820267
16582,0.022832931950688362
16583,0.07451216131448746
16584,0.012970471754670143
16585,0.5791633129119873
16586,0.476835161447525
16587,0.3458767235279083
16588,0.1861695498228073
16589,0.09839373826980591
16590,0.77178555727005
16591,0.6876751184463501
16592,0.16629540920257568
16593,0.19091598689556122
16594,0.6851595044136047
16595,0.0779896229505539
16596,0.2004450559616089
16597,0.7702171802520752
16598,0.3655496835708618
16599,0.3612009882926941
16600,0.8272302150726318
16601,0.025867227464914322
16602,0.44525888562202454
16603,0.7192036509513855
16604,0.5428649187088013
16605,0.40108802914619446
16606,0.36913105845451355
16607,0.44976532459259033
16608,0.02387394569814205
16609,0.040391914546489716
16610,0.45817846059799194
16611,0.09182674437761307
16612,0.4155331254005432
16613,0.07062181830406189
16614,0.019203783944249153
16615,0.12309449166059494
16616,0.3196381628513336
16617,0.836794912815094
16618,0.09542904049158096
16619,0.49515247344970703
16620,0.02016260288655758
16621,0.24398180842399597
16622,0.37959882616996765
16623,0.5255494117736816
16624,0.7143139243125916
16625,0.3708919882774353
16626,0.01932031475007534
16627,0.21237213909626007
16628,0.08399536460638046
16629,0.7712031602859497
16630,0.050280045717954636
16631,0.01775907538831234
16632,0.014052027836441994
16633,0.6054807901382446
16634,0.1921013742685318
16635,0.025545205920934677
16636,0.6986984014511108
16637,0.10063335299491882
16638,0.05934476852416992
16639,0.4653700590133667
16640,0.1863691508769989
16641,0.6283510327339172
16642,0.15593668818473816
16643,0.5467632412910461
16644,0.8274373412132263
16645,0.14877137541770935
16646,0.018787138164043427
16647,0.47499972581863403
16648,0.3998129367828369
16649,0.03855108842253685
16650,0.018812276422977448
16651,0.49130791425704956
16652,0.46391409635543823
16653,0.038436759263277054
16654,0.13855016231536865
16655,0.17602922022342682
16656,0.7800742387771606
16657,0.8113510012626648
16658,0.4450910985469818
16659,0.35711705684661865
16660,0.14013564586639404
16661,0.4526514410972595
16662,0.8172543048858643
16663,0.21880826354026794
16664,0.7990080118179321
16665,0.23084509372711182
16666,0.43499550223350525
16667,0.7708059549331665
16668,0.7828839421272278
16669,0.6924992203712463
16670,0.8075454831123352
16671,0.15825435519218445
16672,0.17041192948818207
16673,0.13849611580371857
16674,0.11048631370067596
16675,0.12206460535526276
16676,0.8402886986732483
16677,0.08277399092912674
16678,0.15602567791938782
16679,0.7129000425338745
16680,0.6943389773368835
16681,0.3610091805458069
16682,0.016157761216163635
16683,0.4743383228778839
16684,0.4657560884952545
16685,0.035132139921188354
16686,0.026959028095006943
16687,0.4738582372665405
16688,0.4272622764110565
16689,0.1583380103111267
16690,0.29635411500930786
16691,0.9183546900749207
16692,0.19695018231868744
16693,0.6980992555618286
16694,0.2006502002477646
16695,0.7767881751060486
16696,0.2725985646247864
16697,0.03439701348543167
16698,0.3742315471172333
16699,0.7242888808250427
16700,0.12362131476402283
16701,0.028915025293827057
16702,0.3539245128631592
16703,0.14588527381420135
16704,0.06398442387580872
16705,0.5761777758598328
16706,0.320128858089447
16707,0.34337571263313293
16708,0.5725018978118896
16709,0.6797531247138977
16710,0.10609332472085953
16711,0.2757510244846344
16712,0.3725647032260895
16713,0.06739731132984161
16714,0.1945507973432541
16715,0.51833176612854
16716,0.10695192217826843
16717,0.481266051530838
16718,0.2811693549156189
16719,0.06404246389865875
16720,0.548858106136322
16721,0.4817941188812256
16722,0.2521272897720337
16723,0.14649400115013123
16724,0.19158412516117096
16725,0.09464684873819351
16726,0.46964231133461
16727,0.08316923677921295
16728,0.7883134484291077
16729,0.03485232591629028
16730,0.5396507978439331
16731,0.22860877215862274
16732,0.22281503677368164
16733,0.19939808547496796
16734,0.49973830580711365
16735,0.031003689393401146
16736,0.28613537549972534
16737,0.9154015779495239
16738,0.019844431430101395
16739,0.02083779126405716
16740,0.8901766538619995
16741,0.026264457032084465
16742,0.24803751707077026
16743,0.3351011872291565
16744,0.603947103023529
16745,0.3884436786174774
16746,0.38935014605522156
16747,0.3606126010417938
16748,0.06842255592346191
16749,0.131058007478714
16750,0.3062536120414734
16751,0.748502254486084
16752,0.1549268215894699
16753,0.022666405886411667
16754,0.38678672909736633
16755,0.2573898434638977
16756,0.45022034645080566
16757,0.7651495933532715
16758,0.5561398863792419
16759,0.024137727916240692
16760,0.7659919261932373
16761,0.39711371064186096
16762,0.5802086591720581
16763,0.1227678582072258
16764,0.4553877115249634
16765,0.7365968227386475
16766,0.016511326655745506
16767,0.7119154930114746
16768,0.3472493886947632
16769,0.4831075370311737
16770,0.4196288287639618
16771,0.016160937026143074
16772,0.31564271450042725
16773,0.4467627704143524
16774,0.5796999335289001
16775,0.08903229236602783
16776,0.5262756943702698
16777,0.14437484741210938
16778,0.1839674860239029
16779,0.9699367880821228
16780,0.26406610012054443
16781,0.3729841113090515
16782,0.4741939306259155
16783,0.49860095977783203
16784,0.5424243211746216
16785,0.7474167943000793
16786,0.0892859548330307
16787,0.17101599276065826
16788,0.03566829860210419
16789,0.031256671994924545
16790,0.1506437212228775
16791,0.012702785432338715
16792,0.7567440867424011
16793,0.20662711560726166
16794,0.013042138889431953
16795,0.5286276936531067
16796,0.37566012144088745
16797,0.02291303686797619
16798,0.0423954539000988
16799,0.06562334299087524
16800,0.3914106488227844
16801,0.2558170557022095
16802,0.08964221924543381
16803,0.43092605471611023
16804,0.014079682528972626
16805,0.013088160194456577
16806,0.45595037937164307
16807,0.25389623641967773
16808,0.10378798097372055
16809,0.15222255885601044
16810,0.08501429110765457
16811,0.039059728384017944
16812,0.9553592205047607
16813,0.4514157474040985
16814,0.8495705127716064
16815,0.01327381283044815
16816,0.218802347779274
16817,0.015385814942419529
16818,0.01449767779558897
16819,0.4586591124534607
16820,0.1496199518442154
16821,0.8805166482925415
16822,0.7261614203453064
16823,0.15398797392845154
16824,0.20229269564151764
16825,0.020336756482720375
16826,0.3225570619106293
16827,0.016026658937335014
16828,0.03321290388703346
16829,0.15409813821315765
16830,0.08860726654529572
16831,0.4005892872810364
16832,0.7555326223373413
16833,0.29771944880485535
16834,0.13954173028469086
16835,0.34967729449272156
16836,0.2657352387905121
16837,0.17733760178089142
16838,0.011079546064138412
16839,0.5625615119934082
16840,0.01810770481824875
16841,0.5230433344841003
16842,0.15145426988601685
16843,0.37110844254493713
16844,0.032293614000082016
16845,0.021604368463158607
16846,0.026688484475016594
16847,0.7542048692703247
16848,0.5209200382232666
16849,0.02097899466753006
16850,0.5167932510375977
16851,0.03040570765733719
16852,0.5961236357688904
16853,0.08336006850004196
16854,0.7682404518127441
16855,0.5575977563858032
16856,0.03641548752784729
16857,0.7430476546287537
16858,0.259029746055603
16859,0.6446413993835449
16860,0.6017581224441528
16861,0.09373216331005096
16862,0.6857013702392578
16863,0.7610518932342529
16864,0.03557775169610977
16865,0.1436559110879898
16866,0.8399651050567627
16867,0.6111459732055664
16868,0.193532794713974
16869,0.11041756719350815
16870,0.6373006105422974
16871,0.5003302693367004
16872,0.27000609040260315
16873,0.3753714859485626
16874,0.11216717958450317
16875,0.17505712807178497
16876,0.40273910760879517
16877,0.06784731149673462
16878,0.029685933142900467
16879,0.6106595396995544
16880,0.05487320199608803
16881,0.20327302813529968
16882,0.12513156235218048
16883,0.10568232089281082
16884,0.016310056671500206
16885,0.018552303314208984
16886,0.7208711504936218
16887,0.2380065619945526
16888,0.37823134660720825
16889,0.3464511036872864
16890,0.079353466629982
16891,0.8557238578796387
16892,0.01971500925719738
16893,0.026010330766439438
16894,0.4540961980819702
16895,0.3518533408641815
16896,0.7177685499191284
16897,0.12542158365249634
16898,0.06079874560236931
16899,0.03237653151154518
16900,0.01415335200726986
16901,0.38277485966682434
16902,0.017384907230734825
16903,0.7996020913124084
16904,0.023101307451725006
16905,0.40633755922317505
16906,0.021054254844784737
16907,0.12437251955270767
16908,0.0403379462659359
16909,0.5325391292572021
16910,0.11853311210870743
16911,0.15695081651210785
16912,0.5762028098106384
16913,0.06180299073457718
16914,0.5110995173454285
16915,0.010599953122437
16916,0.10121795535087585
16917,0.231929212808609
16918,0.03451298922300339
16919,0.7360357642173767
16920,0.024967581033706665
16921,0.055679868906736374
16922,0.14892500638961792
16923,0.24716007709503174
16924,0.2509271800518036
16925,0.4697093963623047
16926,0.0427556037902832
16927,0.4872327446937561
16928,0.4165859520435333
16929,0.26436352729797363
16930,0.1392160952091217
16931,0.16622832417488098
16932,0.23809801042079926
16933,0.2956463098526001
16934,0.03520408272743225
16935,0.5054356455802917
16936,0.138102725148201
16937,0.06291069090366364
16938,0.7867697477340698
16939,0.151849627494812
16940,0.04682694748044014
16941,0.13585524260997772
16942,0.7848253846168518
16943,0.06728238612413406
16944,0.025651661679148674
16945,0.2337695211172104
16946,0.06134770065546036
16947,0.013033756986260414
16948,0.7453789710998535
16949,0.36880698800086975
16950,0.29907387495040894
16951,0.01515723392367363
16952,0.34800806641578674
16953,0.11969873309135437
16954,0.21964260935783386
16955,0.17732001841068268
16956,0.5027634501457214
16957,0.47575676441192627
16958,0.012122277170419693
16959,0.11769325286149979
16960,0.9116032719612122
16961,0.6167968511581421
16962,0.4402506351470947
16963,0.04268111661076546
16964,0.2379445880651474
16965,0.6782271265983582
16966,0.01565147191286087
16967,0.0905926451086998
16968,0.022856205701828003
16969,0.3369610011577606
16970,0.37084144353866577
16971,0.3767913579940796
16972,0.7844104170799255
16973,0.08008026331663132
16974,0.3311176300048828
16975,0.29084745049476624
16976,0.17861215770244598
16977,0.23579150438308716
16978,0.08425259590148926
16979,0.4675264358520508
16980,0.08557004481554031
16981,0.27855435013771057
16982,0.8450935482978821
16983,0.5483672618865967
16984,0.07783577591180801
16985,0.6312900185585022
16986,0.07940596342086792
16987,0.1796875
16988,0.2810550630092621
16989,0.014235053211450577
16990,0.013147180899977684
16991,0.12803378701210022
16992,0.5255387425422668
16993,0.21974064409732819
16994,0.6281834840774536
16995,0.10218500345945358
16996,0.9205990433692932
16997,0.46725842356681824
16998,0.41380077600479126
16999,0.021054938435554504
17000,0.22365312278270721
17001,0.046349238604307175
17002,0.011379424482584
17003,0.458850234746933
17004,0.02400069497525692
17005,0.6139125823974609
17006,0.15368501842021942
17007,0.08942756801843643
17008,0.015544216148555279
17009,0.7214446067810059
17010,0.5982610583305359
17011,0.7908273935317993
17012,0.32903850078582764
17013,0.013505586422979832
17014,0.3203185200691223
17015,0.3609746992588043
17016,0.027397295460104942
17017,0.3290242850780487
17018,0.33049628138542175
17019,0.017523877322673798
17020,0.027861395850777626
17021,0.09480120241641998
17022,0.17924842238426208
17023,0.4183238446712494
17024,0.10150688141584396
17025,0.8968400955200195
17026,0.18804611265659332
17027,0.019693078473210335
17028,0.042849838733673096
17029,0.022411687299609184
17030,0.514991819858551
17031,0.015481216832995415
17032,0.05634070560336113
17033,0.019060708582401276
17034,0.5655999779701233
17035,0.7914711236953735
17036,0.38049641251564026
17037,0.48079708218574524
17038,0.5379647612571716
17039,0.3304040729999542
17040,0.02855147235095501
17041,0.01970386877655983
17042,0.417397677898407
17043,0.8369201421737671
17044,0.021771693602204323
17045,0.035767413675785065
17046,0.3289742171764374
17047,0.6759958267211914
17048,0.025921912863850594
17049,0.17821213603019714
17050,0.02255025878548622
17051,0.03861580789089203
17052,0.7533230781555176
17053,0.6708067059516907
17054,0.28874069452285767
17055,0.01987382583320141
17056,0.39818960428237915
17057,0.2115781009197235
17058,0.5346867442131042
17059,0.09136351943016052
17060,0.2260131984949112
17061,0.08228254318237305
17062,0.5760948657989502
17063,0.019438257440924644
17064,0.2867465019226074
17065,0.5368133783340454
17066,0.43785497546195984
17067,0.19786183536052704
17068,0.7016357183456421
17069,0.4810122847557068
17070,0.7880886793136597
17071,0.3093288242816925
17072,0.07811631262302399
17073,0.10432087630033493
17074,0.022018957883119583
17075,0.8069447875022888
17076,0.016296766698360443
17077,0.5300615429878235
17078,0.17890891432762146
17079,0.05417122319340706
17080,0.3772895038127899
17081,0.6278384327888489
17082,0.013009152375161648
17083,0.28747493028640747
17084,0.027657123282551765
17085,0.6145031452178955
17086,0.5339992046356201
17087,0.03368572145700455
17088,0.06935881823301315
17089,0.09643914550542831
17090,0.13707110285758972
17091,0.01576230116188526
17092,0.017398955300450325
17093,0.2652167081832886
17094,0.12912972271442413
17095,0.3728683888912201
17096,0.01548243872821331
17097,0.4789832532405853
17098,0.6718762516975403
17099,0.15100662410259247
17100,0.47487154603004456
17101,0.39632943272590637
17102,0.20821914076805115
17103,0.15507492423057556
17104,0.7061919569969177
17105,0.4667811393737793
17106,0.44312387704849243
17107,0.4924314320087433
17108,0.2128196358680725
17109,0.027648692950606346
17110,0.3169154226779938
17111,0.6297681331634521
17112,0.7241484522819519
17113,0.3307539224624634
17114,0.5390124320983887
17115,0.017922647297382355
17116,0.5328541398048401
17117,0.015436903573572636
17118,0.04037316143512726
17119,0.3071809411048889
17120,0.01938299834728241
17121,0.36430492997169495
17122,0.4028598964214325
17123,0.2842288017272949
17124,0.19499172270298004
17125,0.020059755071997643
17126,0.6208078265190125
17127,0.2060377150774002
17128,0.550372838973999
17129,0.4976038634777069
17130,0.5856165289878845
17131,0.13117875158786774
17132,0.07413922995328903
17133,0.0348815992474556
17134,0.010770765133202076
17135,0.03146617114543915
17136,0.34886467456817627
17137,0.024328168481588364
17138,0.7741270661354065
17139,0.3385637104511261
17140,0.015226376242935658
17141,0.21217963099479675
17142,0.01642673648893833
17143,0.08620680868625641
17144,0.8088242411613464
17145,0.09408587217330933
17146,0.968359649181366
17147,0.03722091764211655
17148,0.2965877652168274
17149,0.6672340631484985
17150,0.02513614483177662
17151,0.1623714715242386
17152,0.8445009589195251
17153,0.02921571582555771
17154,0.3715101182460785
17155,0.39004388451576233
17156,0.3958248198032379
17157,0.27982303500175476
17158,0.4885304868221283
17159,0.04960120469331741
17160,0.23185467720031738
17161,0.13607555627822876
17162,0.01908032037317753
17163,0.3283616304397583
17164,0.03288969025015831
17165,0.17135147750377655
17166,0.010744803585112095
17167,0.017909299582242966
17168,0.06907407194375992
17169,0.21926334500312805
17170,0.4348559081554413
17171,0.33975085616111755
17172,0.046970583498477936
17173,0.3302815556526184
17174,0.022393152117729187
17175,0.47730594873428345
17176,0.9552677273750305
17177,0.018713854253292084
17178,0.09756119549274445
17179,0.25879499316215515
17180,0.018646471202373505
17181,0.02373305708169937
17182,0.4948076605796814
17183,0.01774340309202671
17184,0.5428813695907593
17185,0.7177159190177917
17186,0.27743804454803467
17187,0.08755511790513992
17188,0.36830541491508484
17189,0.2930491268634796
17190,0.08514416217803955
17191,0.2617103159427643
17192,0.3832249939441681
17193,0.20143678784370422
17194,0.3159688711166382
17195,0.8278837203979492
17196,0.17900241911411285
17197,0.5795279741287231
17198,0.6536973714828491
17199,0.01258942298591137
17200,0.1049613431096077
17201,0.523583173751831
17202,0.013858068734407425
17203,0.5104547142982483
17204,0.012621008791029453
17205,0.027896616607904434
17206,0.08630520105361938
17207,0.34488576650619507
17208,0.02912207879126072
17209,0.3199518620967865
17210,0.024175230413675308
17211,0.014630558900535107
17212,0.42589038610458374
17213,0.28342536091804504
17214,0.08550973236560822
17215,0.03379889205098152
17216,0.012168996036052704
17217,0.43776971101760864
17218,0.031014762818813324
17219,0.3842267692089081
17220,0.0971464291214943
17221,0.03210054337978363
17222,0.5390269756317139
17223,0.18347662687301636
17224,0.04376930370926857
17225,0.035724103450775146
17226,0.015676967799663544
17227,0.24910497665405273
17228,0.33833158016204834
17229,0.05229058489203453
17230,0.031211007386446
17231,0.07282360643148422
17232,0.2473272979259491
17233,0.371254026889801
17234,0.0701991394162178
17235,0.2793498635292053
17236,0.5364348888397217
17237,0.49541765451431274
17238,0.4679281711578369
17239,0.8687149882316589
17240,0.01709284633398056
17241,0.030889417976140976
17242,0.7570282816886902
17243,0.16044360399246216
17244,0.9379959106445312
17245,0.17215701937675476
17246,0.4652197062969208
17247,0.09345103055238724
17248,0.5940923094749451
17249,0.04124722257256508
17250,0.2514781951904297
17251,0.2747821807861328
17252,0.18214258551597595
17253,0.11474467813968658
17254,0.42777618765830994
17255,0.6067001223564148
17256,0.7651271224021912
17257,0.06821194291114807
17258,0.23963020741939545
17259,0.020217007026076317
17260,0.03875330090522766
17261,0.4075239300727844
17262,0.40242844820022583
17263,0.01381447073072195
17264,0.01657046563923359
17265,0.44396308064460754
17266,0.6453853845596313
17267,0.5778338313102722
17268,0.3787933588027954
17269,0.1293019950389862
17270,0.7514185309410095
17271,0.0438409261405468
17272,0.5827122330665588
17273,0.028180209919810295
17274,0.32301825284957886
17275,0.20661862194538116
17276,0.22486518323421478
17277,0.8851958513259888
17278,0.5007848143577576
17279,0.29399195313453674
17280,0.09179966896772385
17281,0.016534293070435524
17282,0.04617083817720413
17283,0.05098505690693855
17284,0.6694256067276001
17285,0.19713717699050903
17286,0.15750323235988617
17287,0.42455199360847473
17288,0.04811615124344826
17289,0.20086385309696198
17290,0.1309068650007248
17291,0.8811798095703125
17292,0.24536852538585663
17293,0.6192094087600708
17294,0.14598461985588074
17295,0.01914842613041401
17296,0.03935989737510681
17297,0.08038372546434402
17298,0.17019012570381165
17299,0.6890796422958374
17300,0.10397186130285263
17301,0.48676854372024536
17302,0.6513935327529907
17303,0.3447118103504181
17304,0.03407248109579086
17305,0.33097776770591736
17306,0.23596763610839844
17307,0.3835703730583191
17308,0.41241464018821716
17309,0.3140602707862854
17310,0.44388917088508606
17311,0.013658755458891392
17312,0.3862149119377136
17313,0.5564166903495789
17314,0.0946303978562355
17315,0.23637668788433075
17316,0.3349565863609314
17317,0.0957123264670372
17318,0.02150147408246994
17319,0.14086352288722992
17320,0.14543314278125763
17321,0.8359625339508057
17322,0.4293769896030426
17323,0.5736823081970215
17324,0.49055153131484985
17325,0.4641989469528198
17326,0.559736430644989
17327,0.37503308057785034
17328,0.5566948056221008
17329,0.4595285952091217
17330,0.10949213802814484
17331,0.5193909406661987
17332,0.39473071694374084
17333,0.015926385298371315
17334,0.03219973295927048
17335,0.08578573912382126
17336,0.11155225336551666
17337,0.01682203635573387
17338,0.6972390413284302
17339,0.20297376811504364
17340,0.45830586552619934
17341,0.1970316618680954
17342,0.11929739266633987
17343,0.05170669034123421
17344,0.1480032205581665
17345,0.154837965965271
17346,0.20676633715629578
17347,0.041111771017313004
17348,0.2125367522239685
17349,0.12920990586280823
17350,0.2893097996711731
17351,0.025055410340428352
17352,0.44120270013809204
17353,0.15863928198814392
17354,0.0155232734978199
17355,0.07638581097126007
17356,0.0978107899427414
17357,0.4469350576400757
17358,0.04805774241685867
17359,0.21653319895267487
17360,0.2027239054441452
17361,0.028097840026021004
17362,0.3720478415489197
17363,0.6823046207427979
17364,0.1445712447166443
17365,0.43046101927757263
17366,0.5059861540794373
17367,0.12364685535430908
17368,0.025972293689846992
17369,0.10583451390266418
17370,0.31095850467681885
17371,0.11511433124542236
17372,0.5327433943748474
17373,0.1728236824274063
17374,0.37782832980155945
17375,0.28097623586654663
17376,0.32261934876441956
17377,0.03368498384952545
17378,0.14410559833049774
17379,0.19804494082927704
17380,0.11307989060878754
17381,0.0355089008808136
17382,0.021333511918783188
17383,0.10716767609119415
17384,0.5660728216171265
17385,0.636191725730896
17386,0.4856031537055969
17387,0.7626699209213257
17388,0.12347704917192459
17389,0.5063972473144531
17390,0.17132174968719482
17391,0.34590068459510803
17392,0.039291203022003174
17393,0.048762738704681396
17394,0.14460650086402893
17395,0.5702216625213623
17396,0.04537701979279518
17397,0.10916410386562347
17398,0.3934461772441864
17399,0.3655618131160736
17400,0.4463735520839691
17401,0.8758118152618408
17402,0.7959387898445129
17403,0.3683924376964569
17404,0.5100988745689392
17405,0.08156681060791016
17406,0.10106579214334488
17407,0.029930973425507545
17408,0.0131661556661129
17409,0.042873039841651917
17410,0.2888858914375305
17411,0.05832727998495102
17412,0.7302703261375427
17413,0.19035375118255615
17414,0.1828123778104782
17415,0.20586399734020233
17416,0.4059206247329712
17417,0.03527402505278587
17418,0.39140576124191284
17419,0.021685011684894562
17420,0.38291966915130615
17421,0.12297461181879044
17422,0.15363268554210663
17423,0.2990652620792389
17424,0.5150418281555176
17425,0.09746482223272324
17426,0.12758919596672058
17427,0.03764083608984947
17428,0.12529301643371582
17429,0.02684970758855343
17430,0.3591970205307007
17431,0.3584288954734802
17432,0.5703138709068298
17433,0.9310336709022522
17434,0.07298488169908524
17435,0.3103313744068146
17436,0.7969542145729065
17437,0.1445966213941574
17438,0.017709942534565926
17439,0.19694742560386658
17440,0.1696799248456955
17441,0.24350808560848236
17442,0.5025670528411865
17443,0.8281033039093018
17444,0.4166159927845001
17445,0.20834138989448547
17446,0.7078118920326233
17447,0.43449148535728455
17448,0.12200067192316055
17449,0.452696293592453
17450,0.645796537399292
17451,0.8177484273910522
17452,0.013615377247333527
17453,0.11293422430753708
17454,0.8462406992912292
17455,0.45682618021965027
17456,0.026903264224529266
17457,0.18043838441371918
17458,0.1863648146390915
17459,0.793992817401886
17460,0.4156560003757477
17461,0.11759420484304428
17462,0.027535786852240562
17463,0.24430981278419495
17464,0.3896322250366211
17465,0.6427137851715088
17466,0.018195845186710358
17467,0.7290185689926147
17468,0.13950617611408234
17469,0.013239475898444653
17470,0.027901649475097656
17471,0.07609830796718597
17472,0.03621401637792587
17473,0.10572489351034164
17474,0.9274171590805054
17475,0.8832391500473022
17476,0.4751903712749481
17477,0.01229689922183752
17478,0.0408257320523262
17479,0.15507492423057556
17480,0.7599164247512817
17481,0.6803314089775085
17482,0.03608890250325203
17483,0.4200812876224518
17484,0.8769867420196533
17485,0.2044025957584381
17486,0.7234190106391907
17487,0.02828727662563324
17488,0.02433008886873722
17489,0.6017429828643799
17490,0.04794429987668991
17491,0.7494339942932129
17492,0.2589843273162842
17493,0.4731234312057495
17494,0.3325260579586029
17495,0.0976286381483078
17496,0.25783687829971313
17497,0.08683334290981293
17498,0.22126725316047668
17499,0.5232239365577698
17500,0.3112475872039795
17501,0.06945962458848953
17502,0.5973166227340698
17503,0.9581742882728577
17504,0.03704220429062843
17505,0.03385074809193611
17506,0.6601154208183289
17507,0.4057830274105072
17508,0.014106137678027153
17509,0.3231552541255951
17510,0.09174380451440811
17511,0.11347214132547379
17512,0.017331350594758987
17513,0.34264132380485535
17514,0.36553531885147095
17515,0.22861020267009735
17516,0.11577108502388
17517,0.5693799257278442
17518,0.013208313845098019
17519,0.7094299793243408
17520,0.25647446513175964
17521,0.9584511518478394
17522,0.01861211471259594
17523,0.7165933847427368
17524,0.674896776676178
17525,0.03223392739892006
17526,0.41102948784828186
17527,0.05753603205084801
17528,0.500507116317749
17529,0.2968111038208008
17530,0.04244404286146164
17531,0.04312184453010559
17532,0.2536534368991852
17533,0.3782433271408081
17534,0.5998913049697876
17535,0.01357224490493536
17536,0.02571156434714794
17537,0.29121243953704834
17538,0.1714213490486145
17539,0.3772006630897522
17540,0.09638358652591705
17541,0.02318204566836357
17542,0.43148913979530334
17543,0.1546560674905777
17544,0.8115391135215759
17545,0.46251118183135986
17546,0.498294472694397
17547,0.02328162081539631
17548,0.19547146558761597
17549,0.7891281843185425
17550,0.4982796609401703
17551,0.3916143476963043
17552,0.1975942701101303
17553,0.1118227019906044
17554,0.10690633952617645
17555,0.7241295576095581
17556,0.09700168669223785
17557,0.31509867310523987
17558,0.1752193570137024
17559,0.7325060367584229
17560,0.6883214712142944
17561,0.455570787191391
17562,0.9531459808349609
17563,0.41590431332588196
17564,0.500627338886261
17565,0.44376420974731445
17566,0.4561046361923218
17567,0.16178493201732635
17568,0.14662262797355652
17569,0.15241260826587677
17570,0.0212315171957016
17571,0.07977040857076645
17572,0.4789198040962219
17573,0.7595000267028809
17574,0.20091792941093445
17575,0.026214122772216797
17576,0.08612731844186783
17577,0.12408632785081863
17578,0.6476057171821594
17579,0.5414146184921265
17580,0.011352548375725746
17581,0.029638011008501053
17582,0.4944987893104553
17583,0.08336462080478668
17584,0.0738738551735878
17585,0.04533687233924866
17586,0.28881797194480896
17587,0.04661815986037254
17588,0.014429688453674316
17589,0.33927255868911743
17590,0.1314125508069992
17591,0.2031376212835312
17592,0.014917880296707153
17593,0.07042783498764038
17594,0.41955384612083435
17595,0.7602676749229431
17596,0.36372968554496765
17597,0.012307525612413883
17598,0.1401444673538208
17599,0.37020987272262573
17600,0.40532243251800537
17601,0.17488020658493042
17602,0.021894363686442375
17603,0.01124065462499857
17604,0.02201984077692032
17605,0.015457085333764553
17606,0.07089639455080032
17607,0.42097604274749756
17608,0.34697213768959045
17609,0.6025233864784241
17610,0.28994712233543396
17611,0.22784890234470367
17612,0.14428456127643585
17613,0.01355112437158823
17614,0.15931963920593262
17615,0.2447495311498642
17616,0.03139539062976837
17617,0.35884612798690796
17618,0.38431233167648315
17619,0.715705156326294
17620,0.020435798913240433
17621,0.38811826705932617
17622,0.44892534613609314
17623,0.08704057335853577
17624,0.012467840686440468
17625,0.03698672354221344
17626,0.01247740164399147
17627,0.42691856622695923
17628,0.31589171290397644
17629,0.10157134383916855
17630,0.4322609305381775
17631,0.3631974756717682
17632,0.16599462926387787
17633,0.525775134563446
17634,0.02453779987990856
17635,0.06373468041419983
17636,0.5436346530914307
17637,0.8069320321083069
17638,0.15222950279712677
17639,0.013547657057642937
17640,0.5756961703300476
17641,0.1878514587879181
17642,0.34140124917030334
17643,0.658449113368988
17644,0.015591448172926903
17645,0.28927111625671387
17646,0.1682300567626953
17647,0.3412426710128784
17648,0.3920813798904419
17649,0.7621989846229553
17650,0.6239238977432251
17651,0.7520120739936829
17652,0.02361053228378296
17653,0.6926071047782898
17654,0.3352757692337036
17655,0.24316291511058807
17656,0.10283681750297546
17657,0.4476574957370758
17658,0.2735370695590973
17659,0.057987280189991
17660,0.3647392690181732
17661,0.016835132613778114
17662,0.19683590531349182
17663,0.7162590026855469
17664,0.07067985087633133
17665,0.034056585282087326
17666,0.36742788553237915
17667,0.7496575713157654
17668,0.1332140862941742
17669,0.5773798227310181
17670,0.06904026120901108
17671,0.14828142523765564
17672,0.8195833563804626
17673,0.5301746129989624
17674,0.3846287429332733
17675,0.02322925254702568
17676,0.4157521426677704
17677,0.022102175280451775
17678,0.1251889318227768
17679,0.039784081280231476
17680,0.18811990320682526
17681,0.340790718793869
17682,0.25644636154174805
17683,0.862320601940155
17684,0.11552046239376068
17685,0.037165578454732895
17686,0.17911691963672638
17687,0.3439737856388092
17688,0.04012901335954666
17689,0.30527257919311523
17690,0.2596396803855896
17691,0.1100296676158905
17692,0.03654776141047478
17693,0.6902083158493042
17694,0.3921363651752472
17695,0.20858868956565857
17696,0.4088558256626129
17697,0.37387847900390625
17698,0.5726356506347656
17699,0.10685057938098907
17700,0.7488560080528259
17701,0.3707215487957001
17702,0.01300868671387434
17703,0.18514694273471832
17704,0.01834258995950222
17705,0.01612304337322712
17706,0.2824576795101166
17707,0.4102752208709717
17708,0.7388783097267151
17709,0.5092331767082214
17710,0.2938356101512909
17711,0.020891539752483368
17712,0.5886834263801575
17713,0.45870283246040344
17714,0.031631048768758774
17715,0.4009445309638977
17716,0.1634753942489624
17717,0.5122478604316711
17718,0.036273740231990814
17719,0.4792884588241577
17720,0.7232872843742371
17721,0.5368180274963379
17722,0.04646190628409386
17723,0.11589512974023819
17724,0.4564896821975708
17725,0.6524443030357361
17726,0.07760564237833023
17727,0.7478703856468201
17728,0.5149127840995789
17729,0.2104978710412979
17730,0.04835648462176323
17731,0.7572266459465027
17732,0.02817535772919655
17733,0.038469914346933365
17734,0.06297758966684341
17735,0.42808568477630615
17736,0.722112774848938
17737,0.5210661888122559
17738,0.8697174787521362
17739,0.398814857006073
17740,0.8367870450019836
17741,0.13608786463737488
17742,0.11380235105752945
17743,0.17852683365345
17744,0.2385442852973938
17745,0.03312040865421295
17746,0.6927638053894043
17747,0.43564510345458984
17748,0.17740115523338318
17749,0.5359767079353333
17750,0.8516100645065308
17751,0.38901761174201965
17752,0.175892636179924
17753,0.07528668642044067
17754,0.11697721481323242
17755,0.2558610737323761
17756,0.11247279495000839
17757,0.7419798970222473
17758,0.6983058452606201
17759,0.035117246210575104
17760,0.03575190156698227
17761,0.25123950839042664
17762,0.22666242718696594
17763,0.04009987413883209
17764,0.4240535497665405
17765,0.5988470911979675
17766,0.46456044912338257
17767,0.046265680342912674
17768,0.02786906808614731
17769,0.21582016348838806
17770,0.045544613152742386
17771,0.2318359613418579
17772,0.1819441020488739
17773,0.33501380681991577
17774,0.11421678960323334
17775,0.8563778400421143
17776,0.015395562164485455
17777,0.008285056799650192
17778,0.021828174591064453
17779,0.30964669585227966
17780,0.18483278155326843
17781,0.031855762004852295
17782,0.055699218064546585
17783,0.03380480408668518
17784,0.44880831241607666
17785,0.11240646988153458
17786,0.03848784789443016
17787,0.01828940585255623
17788,0.31725043058395386
17789,0.23445074260234833
17790,0.020015938207507133
17791,0.49898985028266907
17792,0.05124218016862869
17793,0.41151782870292664
17794,0.22403182089328766
17795,0.20429863035678864
17796,0.20460736751556396
17797,0.5797175168991089
17798,0.4840244948863983
17799,0.3453046381473541
17800,0.2906874120235443
17801,0.03198200836777687
17802,0.14633458852767944
17803,0.45547088980674744
17804,0.4641084372997284
17805,0.022036414593458176
17806,0.3909183144569397
17807,0.04257209599018097
17808,0.16237635910511017
17809,0.01868171989917755
17810,0.2746869921684265
17811,0.8597330451011658
17812,0.029071757569909096
17813,0.8578957915306091
17814,0.014783198945224285
17815,0.022145545110106468
17816,0.04868512973189354
17817,0.13543911278247833
17818,0.3701436221599579
17819,0.702325701713562
17820,0.3893272280693054
17821,0.656248927116394
17822,0.041227418929338455
17823,0.09477078169584274
17824,0.14258962869644165
17825,0.2560683786869049
17826,0.19353656470775604
17827,0.02351054549217224
17828,0.11883849650621414
17829,0.6107110977172852
17830,0.018985886126756668
17831,0.8019452691078186
17832,0.5150893926620483
17833,0.1605851799249649
17834,0.405878484249115
17835,0.14522241055965424
17836,0.011178330518305302
17837,0.01085391454398632
17838,0.17112913727760315
17839,0.46354034543037415
17840,0.34689682722091675
17841,0.03217625617980957
17842,0.10503151267766953
17843,0.13482624292373657
17844,0.21099254488945007
17845,0.2028622031211853
17846,0.010010560043156147
17847,0.3795793652534485
17848,0.03607754781842232
17849,0.42951077222824097
17850,0.14007797837257385
17851,0.7785823345184326
17852,0.6264585256576538
17853,0.014056441374123096
17854,0.36212730407714844
17855,0.05515257641673088
17856,0.02904266119003296
17857,0.21164655685424805
17858,0.11735419183969498
17859,0.23409351706504822
17860,0.4258825182914734
17861,0.02720283903181553
17862,0.41063031554222107
17863,0.14308223128318787
17864,0.09066759049892426
17865,0.6831041574478149
17866,0.5064807534217834
17867,0.01055664848536253
17868,0.2444649636745453
17869,0.7735384702682495
17870,0.594816267490387
17871,0.08694460988044739
17872,0.7591391205787659
17873,0.4926176071166992
17874,0.07783505320549011
17875,0.03938568755984306
17876,0.028019830584526062
17877,0.5883573293685913
17878,0.3932805359363556
17879,0.12988758087158203
17880,0.09715652465820312
17881,0.01545744203031063
17882,0.4315326511859894
17883,0.3559128940105438
17884,0.04228900372982025
17885,0.027654852718114853
17886,0.07244925200939178
17887,0.09656155854463577
17888,0.5434834361076355
17889,0.6336467862129211
17890,0.37490618228912354
17891,0.35085976123809814
17892,0.018229123204946518
17893,0.8887363076210022
17894,0.7797523736953735
17895,0.02559628337621689
17896,0.40265583992004395
17897,0.011891287751495838
17898,0.06719838827848434
17899,0.7638104557991028
17900,0.3343655467033386
17901,0.25056102871894836
17902,0.44772911071777344
17903,0.5503014922142029
17904,0.37877389788627625
17905,0.10787340253591537
17906,0.02109389379620552
17907,0.7603117823600769
17908,0.2670898139476776
17909,0.39474189281463623
17910,0.6819297671318054
17911,0.01154334656894207
17912,0.1100909635424614
17913,0.8196974396705627
17914,0.3343084454536438
17915,0.3148052990436554
17916,0.5754938721656799
17917,0.21370655298233032
17918,0.10339275002479553
17919,0.3140583634376526
17920,0.19331441819667816
17921,0.4086722731590271
17922,0.02008252590894699
17923,0.25768256187438965
17924,0.39012008905410767
17925,0.9591656923294067
17926,0.5037634372711182
17927,0.2521993815898895
17928,0.4502200484275818
17929,0.2461925745010376
17930,0.4471080005168915
17931,0.22938470542430878
17932,0.03243083879351616
17933,0.032105084508657455
17934,0.15601903200149536
17935,0.6352206468582153
17936,0.2930808961391449
17937,0.606850266456604
17938,0.06710290163755417
17939,0.27186962962150574
17940,0.4967467486858368
17941,0.5789635181427002
17942,0.14660581946372986
17943,0.021156787872314453
17944,0.04670955240726471
17945,0.1683838963508606
17946,0.31176289916038513
17947,0.10255037993192673
17948,0.2516609728336334
17949,0.22759541869163513
17950,0.5374027490615845
17951,0.8242049813270569
17952,0.10259974002838135
17953,0.017566395923495293
17954,0.010044874623417854
17955,0.1362028568983078
17956,0.01896769180893898
17957,0.11534827202558517
17958,0.06292419880628586
17959,0.5393211245536804
17960,0.42994382977485657
17961,0.2897326946258545
17962,0.7330502867698669
17963,0.21576228737831116
17964,0.14473183453083038
17965,0.16783125698566437
17966,0.09208547323942184
17967,0.47105711698532104
17968,0.2034345269203186
17969,0.10551473498344421
17970,0.8838776350021362
17971,0.22584886848926544
17972,0.07612106949090958
17973,0.42918527126312256
17974,0.020016832277178764
17975,0.3651735186576843
17976,0.3460425138473511
17977,0.018425313755869865
17978,0.7492141723632812
17979,0.19028209149837494
17980,0.04742951691150665
17981,0.24941129982471466
17982,0.014355471357703209
17983,0.0089911799877882
17984,0.7797920107841492
17985,0.20591232180595398
17986,0.019708668813109398
17987,0.014808563515543938
17988,0.21937860548496246
17989,0.4845631420612335
17990,0.3193375766277313
17991,0.29592883586883545
17992,0.05241663008928299
17993,0.06734739243984222
17994,0.4010346829891205
17995,0.43649616837501526
17996,0.4280988872051239
17997,0.7753029465675354
17998,0.3323201835155487
17999,0.016431067138910294
18000,0.29717516899108887
18001,0.2031642496585846
18002,0.02639596536755562
18003,0.21777980029582977
18004,0.10573501139879227
18005,0.05295790359377861
18006,0.014256433583796024
18007,0.4231361746788025
18008,0.020240681245923042
18009,0.01904546096920967
18010,0.02359326370060444
18011,0.7038570046424866
18012,0.028740229085087776
18013,0.31068116426467896
18014,0.11230512708425522
18015,0.08576726913452148
18016,0.18245232105255127
18017,0.023823216557502747
18018,0.5020784735679626
18019,0.4116261303424835
18020,0.5390981435775757
18021,0.2586533725261688
18022,0.5217650532722473
18023,0.18608804047107697
18024,0.679784893989563
18025,0.16039326786994934
18026,0.3110429346561432
18027,0.1797676831483841
18028,0.6481552124023438
18029,0.4308460056781769
18030,0.8308016657829285
18031,0.10112796723842621
18032,0.019857948645949364
18033,0.9260578751564026
18034,0.2813301980495453
18035,0.7277777791023254
18036,0.014763343147933483
18037,0.5491065382957458
18038,0.27861112356185913
18039,0.011800291948020458
18040,0.026042217388749123
18041,0.8004082441329956
18042,0.6343158483505249
18043,0.10140439867973328
18044,0.17217819392681122
18045,0.12959446012973785
18046,0.8073272705078125
18047,0.019512144848704338
18048,0.30922380089759827
18049,0.5060569643974304
18050,0.3967245817184448
18051,0.15241652727127075
18052,0.19909198582172394
18053,0.40778496861457825
18054,0.6912757158279419
18055,0.2672097980976105
18056,0.12773631513118744
18057,0.16235879063606262
18058,0.9088693857192993
18059,0.48797065019607544
18060,0.8132556080818176
18061,0.9151032567024231
18062,0.06453102827072144
18063,0.22050467133522034
18064,0.4838040769100189
18065,0.2233451008796692
18066,0.3152361214160919
18067,0.6616086959838867
18068,0.028700843453407288
18069,0.020419443026185036
18070,0.1954253762960434
18071,0.5968082547187805
18072,0.4145998954772949
18073,0.0367511548101902
18074,0.38266849517822266
18075,0.41155657172203064
18076,0.5798566937446594
18077,0.2997573912143707
18078,0.564574122428894
18079,0.44939732551574707
18080,0.3067186176776886
18081,0.10256246477365494
18082,0.14725984632968903
18083,0.08741428703069687
18084,0.026228366419672966
18085,0.7870174646377563
18086,0.7157013416290283
18087,0.014910181052982807
18088,0.17175744473934174
18089,0.05618890002369881
18090,0.49913284182548523
18091,0.013342581689357758
18092,0.6040816307067871
18093,0.4072914719581604
18094,0.08962401002645493
18095,0.01606622152030468
18096,0.08296889811754227
18097,0.19546140730381012
18098,0.19569797813892365
18099,0.06311257928609848
18100,0.12295999377965927
18101,0.0674356073141098
18102,0.14086411893367767
18103,0.29960086941719055
18104,0.4549299478530884
18105,0.5615364909172058
18106,0.7017996311187744
18107,0.3148993253707886
18108,0.029238581657409668
18109,0.5929168462753296
18110,0.30949410796165466
18111,0.06599549949169159
18112,0.5766131281852722
18113,0.02332155592739582
18114,0.11584603786468506
18115,0.29305657744407654
18116,0.03732603043317795
18117,0.03641864284873009
18118,0.012807624414563179
18119,0.4546821415424347
18120,0.038269832730293274
18121,0.464698851108551
18122,0.4009486734867096
18123,0.2297467291355133
18124,0.011613251641392708
18125,0.2754156291484833
18126,0.5052517652511597
18127,0.9353356957435608
18128,0.8181065917015076
18129,0.4073543846607208
18130,0.9548578858375549
18131,0.3704957365989685
18132,0.6516729593276978
18133,0.48127666115760803
18134,0.025583703070878983
18135,0.6260155439376831
18136,0.06381861865520477
18137,0.28305599093437195
18138,0.5905144810676575
18139,0.40604904294013977
18140,0.6660899519920349
18141,0.02043072134256363
18142,0.5179029107093811
18143,0.19203948974609375
18144,0.07772168517112732
18145,0.01913667656481266
18146,0.041960109025239944
18147,0.08124049752950668
18148,0.5923042893409729
18149,0.7763251662254333
18150,0.18741784989833832
18151,0.16903285682201385
18152,0.35797661542892456
18153,0.8375455141067505
18154,0.39151236414909363
18155,0.3017003834247589
18156,0.03664347529411316
18157,0.5659862756729126
18158,0.582081139087677
18159,0.34357231855392456
18160,0.4281007647514343
18161,0.214472234249115
18162,0.8618886470794678
18163,0.13280600309371948
18164,0.2656724750995636
18165,0.48945289850234985
18166,0.11035391688346863
18167,0.015359073877334595
18168,0.938846230506897
18169,0.8270044326782227
18170,0.13455109298229218
18171,0.5207647085189819
18172,0.7894481420516968
18173,0.1834668666124344
18174,0.1342606544494629
18175,0.07066705822944641
18176,0.16364173591136932
18177,0.5079805254936218
18178,0.7166810035705566
18179,0.12052443623542786
18180,0.011306059546768665
18181,0.6523138880729675
18182,0.018467558547854424
18183,0.5159974098205566
18184,0.40670883655548096
18185,0.2889958322048187
18186,0.5686659216880798
18187,0.09646669775247574
18188,0.028914911672472954
18189,0.1458815038204193
18190,0.24346308410167694
18191,0.4092836081981659
18192,0.03992169350385666
18193,0.18157821893692017
18194,0.6581336855888367
18195,0.015727762132883072
18196,0.15520469844341278
18197,0.3857820928096771
18198,0.22574961185455322
18199,0.16119660437107086
18200,0.09851758927106857
18201,0.38287684321403503
18202,0.060862138867378235
18203,0.3866593837738037
18204,0.5322759747505188
18205,0.7542189359664917
18206,0.03281865268945694
18207,0.594920814037323
18208,0.019764455035328865
18209,0.15031161904335022
18210,0.4007774889469147
18211,0.4471585750579834
18212,0.8374508619308472
18213,0.570776641368866
18214,0.008974035270512104
18215,0.7051036953926086
18216,0.10004309564828873
18217,0.26330307126045227
18218,0.04068859666585922
18219,0.0347176119685173
18220,0.27755266427993774
18221,0.5074083209037781
18222,0.1853749006986618
18223,0.018993481993675232
18224,0.30617979168891907
18225,0.2608621418476105
18226,0.104397714138031
18227,0.01379051897674799
18228,0.24124547839164734
18229,0.1948746144771576
18230,0.36928361654281616
18231,0.6959954500198364
18232,0.1690719574689865
18233,0.1220928356051445
18234,0.404621958732605
18235,0.9475176930427551
18236,0.5419895648956299
18237,0.17483438551425934
18238,0.0287986658513546
18239,0.011962964199483395
18240,0.8085253834724426
18241,0.8141187429428101
18242,0.10577194392681122
18243,0.21917098760604858
18244,0.38721272349357605
18245,0.020500212907791138
18246,0.01689089648425579
18247,0.04643944278359413
18248,0.6973536610603333
18249,0.442634642124176
18250,0.47337278723716736
18251,0.5636746287345886
18252,0.2963417172431946
18253,0.1143379807472229
18254,0.28253549337387085
18255,0.024452397599816322
18256,0.33783817291259766
18257,0.01606883853673935
18258,0.10074473917484283
18259,0.3720245659351349
18260,0.540037214756012
18261,0.09236472100019455
18262,0.3164413273334503
18263,0.7695274949073792
18264,0.015133434906601906
18265,0.4509972333908081
18266,0.03133564442396164
18267,0.044935308396816254
18268,0.13879108428955078
18269,0.0836547240614891
18270,0.03297361359000206
18271,0.012100031599402428
18272,0.10770110040903091
18273,0.12578026950359344
18274,0.013900927267968655
18275,0.04280773177742958
18276,0.9175809621810913
18277,0.7846025228500366
18278,0.8114403486251831
18279,0.1553509384393692
18280,0.3969665467739105
18281,0.2718546688556671
18282,0.2708031237125397
18283,0.11830388009548187
18284,0.27766990661621094
18285,0.06002878025174141
18286,0.23700623214244843
18287,0.861547589302063
18288,0.5991908311843872
18289,0.1351686418056488
18290,0.1032676100730896
18291,0.027012402191758156
18292,0.4883628189563751
18293,0.04730840399861336
18294,0.06723837554454803
18295,0.3018015921115875
18296,0.4306715428829193
18297,0.013343516737222672
18298,0.6419011354446411
18299,0.06942739337682724
18300,0.017342666164040565
18301,0.2645111680030823
18302,0.01711242087185383
18303,0.24258382618427277
18304,0.05717858672142029
18305,0.7568790912628174
18306,0.07715340703725815
18307,0.8074672818183899
18308,0.8010968565940857
18309,0.07212720811367035
18310,0.20721036195755005
18311,0.4884648323059082
18312,0.31992629170417786
18313,0.012677310034632683
18314,0.062153469771146774
18315,0.024753479287028313
18316,0.02318190596997738
18317,0.8363049030303955
18318,0.026038486510515213
18319,0.2880881428718567
18320,0.513974666595459
18321,0.021393541246652603
18322,0.20601889491081238
18323,0.4314475953578949
18324,0.7859222292900085
18325,0.29763534665107727
18326,0.05591975152492523
18327,0.12288696318864822
18328,0.1387776881456375
18329,0.02421535551548004
18330,0.10811562091112137
18331,0.020772816613316536
18332,0.03850795328617096
18333,0.5635387897491455
18334,0.37797826528549194
18335,0.8568643927574158
18336,0.7825551629066467
18337,0.038412708789110184
18338,0.7945135831832886
18339,0.7653394341468811
18340,0.11085855215787888
18341,0.22838227450847626
18342,0.2563336193561554
18343,0.2922961711883545
18344,0.4327685832977295
18345,0.1756875365972519
18346,0.4754709303379059
18347,0.3414866328239441
18348,0.03678051382303238
18349,0.2073332667350769
18350,0.43987131118774414
18351,0.7229654788970947
18352,0.32770776748657227
18353,0.18807002902030945
18354,0.04812399297952652
18355,0.6974681615829468
18356,0.013746541924774647
18357,0.4091545641422272
18358,0.02919665351510048
18359,0.033762264996767044
18360,0.38157978653907776
18361,0.4666779637336731
18362,0.029984548687934875
18363,0.05112450569868088
18364,0.03539137542247772
18365,0.1498301774263382
18366,0.10299926996231079
18367,0.1388033628463745
18368,0.15525463223457336
18369,0.015409301966428757
18370,0.15538150072097778
18371,0.09434989094734192
18372,0.28545746207237244
18373,0.8015220761299133
18374,0.34499433636665344
18375,0.02149297669529915
18376,0.013402922078967094
18377,0.0398639515042305
18378,0.31424564123153687
18379,0.025808172300457954
18380,0.4021868109703064
18381,0.033314455300569534
18382,0.38472244143486023
18383,0.6909736394882202
18384,0.23937104642391205
18385,0.41964176297187805
18386,0.061573825776576996
18387,0.7842372059822083
18388,0.27798107266426086
18389,0.29732462763786316
18390,0.35535600781440735
18391,0.247392475605011
18392,0.07386984676122665
18393,0.4348067343235016
18394,0.10829754918813705
18395,0.42820850014686584
18396,0.049796003848314285
18397,0.1028205007314682
18398,0.5062906742095947
18399,0.6865544319152832
18400,0.22452130913734436
18401,0.3111993372440338
18402,0.5500153303146362
18403,0.3603587746620178
18404,0.06182191148400307
18405,0.793816328048706
18406,0.16176052391529083
18407,0.30572953820228577
18408,0.18542343378067017
18409,0.32145124673843384
18410,0.10766508430242538
18411,0.02426346205174923
18412,0.7784608006477356
18413,0.19374004006385803
18414,0.858851432800293
18415,0.020162951201200485
18416,0.9488970041275024
18417,0.6053876876831055
18418,0.8100996017456055
18419,0.030006226152181625
18420,0.2248826026916504
18421,0.24632570147514343
18422,0.1991759091615677
18423,0.23130404949188232
18424,0.05113329738378525
18425,0.021969307214021683
18426,0.013084514997899532
18427,0.7831407785415649
18428,0.09080876410007477
18429,0.0812801942229271
18430,0.08876265585422516
18431,0.17496848106384277
18432,0.09019890427589417
18433,0.021483778953552246
18434,0.42864376306533813
18435,0.13140420615673065
18436,0.03662438318133354
18437,0.021508004516363144
18438,0.024543531239032745
18439,0.2999960482120514
18440,0.2963738739490509
18441,0.37656670808792114
18442,0.027028316631913185
18443,0.2793312668800354
18444,0.07070000469684601
18445,0.0232807919383049
18446,0.3348632752895355
18447,0.41070428490638733
18448,0.16678671538829803
18449,0.03439018875360489
18450,0.07745280861854553
18451,0.22996439039707184
18452,0.03583313897252083
18453,0.024816881865262985
18454,0.42942044138908386
18455,0.7198434472084045
18456,0.41173627972602844
18457,0.7618355751037598
18458,0.9519414305686951
18459,0.19979046285152435
18460,0.19235412776470184
18461,0.2638665735721588
18462,0.37254899740219116
18463,0.9103745222091675
18464,0.40710750222206116
18465,0.0321023054420948
18466,0.013694288209080696
18467,0.012235943228006363
18468,0.3638765215873718
18469,0.19437943398952484
18470,0.6910791397094727
18471,0.20510253310203552
18472,0.6250017285346985
18473,0.06496235728263855
18474,0.45265230536460876
18475,0.035844836384058
18476,0.03506140410900116
18477,0.4791906476020813
18478,0.7885486483573914
18479,0.1244632676243782
18480,0.020730579271912575
18481,0.11398110538721085
18482,0.211887389421463
18483,0.49233895540237427
18484,0.17997710406780243
18485,0.4122677445411682
18486,0.03350047767162323
18487,0.15808403491973877
18488,0.06872320920228958
18489,0.7576920986175537
18490,0.24829547107219696
18491,0.06453873962163925
18492,0.028554202988743782
18493,0.2711044251918793
18494,0.024636285379529
18495,0.029184870421886444
18496,0.04200180247426033
18497,0.31933891773223877
18498,0.18075592815876007
18499,0.37413930892944336
18500,0.34139156341552734
18501,0.8632679581642151
18502,0.01893199048936367
18503,0.023589955642819405
18504,0.2957557737827301
18505,0.08910229057073593
18506,0.3202492594718933
18507,0.024446135386824608
18508,0.11026949435472488
18509,0.09779907017946243
18510,0.454501211643219
18511,0.04030480608344078
18512,0.0741298496723175
18513,0.8010031580924988
18514,0.2084800750017166
18515,0.23709502816200256
18516,0.14772464334964752
18517,0.05708283185958862
18518,0.14147818088531494
18519,0.02722267061471939
18520,0.7916955351829529
18521,0.10054586827754974
18522,0.10651775449514389
18523,0.16415835916996002
18524,0.20647475123405457
18525,0.4385395348072052
18526,0.14755958318710327
18527,0.7368489503860474
18528,0.14037828147411346
18529,0.0738353505730629
18530,0.1315997838973999
18531,0.026378832757472992
18532,0.07252861559391022
18533,0.10669611394405365
18534,0.07491800934076309
18535,0.1498655527830124
18536,0.5468854904174805
18537,0.038291461765766144
18538,0.015324980951845646
18539,0.4292762875556946
18540,0.08717606216669083
18541,0.3518630564212799
18542,0.3053489625453949
18543,0.8807227611541748
18544,0.10652634501457214
18545,0.45684191584587097
18546,0.20847167074680328
18547,0.47786638140678406
18548,0.33224090933799744
18549,0.4067237079143524
18550,0.5096944570541382
18551,0.5236073732376099
18552,0.03661702945828438
18553,0.046873729676008224
18554,0.13269107043743134
18555,0.09573380649089813
18556,0.7536178827285767
18557,0.17898868024349213
18558,0.5608690977096558
18559,0.16996823251247406
18560,0.6177243590354919
18561,0.07801510393619537
18562,0.036308806389570236
18563,0.21493883430957794
18564,0.15343421697616577
18565,0.6967487335205078
18566,0.06848644465208054
18567,0.03840380534529686
18568,0.2599879205226898
18569,0.15334488451480865
18570,0.04980356618762016
18571,0.01327245682477951
18572,0.44119006395339966
18573,0.18691620230674744
18574,0.4589041769504547
18575,0.2003539800643921
18576,0.7614463567733765
18577,0.9112564921379089
18578,0.02380986325442791
18579,0.3038472533226013
18580,0.8327296376228333
18581,0.06707341223955154
18582,0.6375470161437988
18583,0.08051487803459167
18584,0.22436405718326569
18585,0.4348277449607849
18586,0.028864584863185883
18587,0.0253203883767128
18588,0.20430105924606323
18589,0.7868427634239197
18590,0.24862802028656006
18591,0.012143159285187721
18592,0.2262764722108841
18593,0.12097060680389404
18594,0.856545627117157
18595,0.28556811809539795
18596,0.2669699192047119
18597,0.10765781998634338
18598,0.055315710604190826
18599,0.8471930027008057
18600,0.23425981402397156
18601,0.05349452793598175
18602,0.31628796458244324
18603,0.3475554287433624
18604,0.6193387508392334
18605,0.012346412055194378
18606,0.03915205970406532
18607,0.35307592153549194
18608,0.47295835614204407
18609,0.7782010436058044
18610,0.28353527188301086
18611,0.1989363729953766
18612,0.07984887063503265
18613,0.024281207472085953
18614,0.5354940295219421
18615,0.260535329580307
18616,0.41074761748313904
18617,0.026278553530573845
18618,0.12827232480049133
18619,0.7201654314994812
18620,0.16271713376045227
18621,0.025967353954911232
18622,0.43085768818855286
18623,0.42636722326278687
18624,0.01368846744298935
18625,0.015999624505639076
18626,0.2712955176830292
18627,0.0225694477558136
18628,0.028398750349879265
18629,0.5856295228004456
18630,0.0683075338602066
18631,0.847241222858429
18632,0.6642321944236755
18633,0.8718978762626648
18634,0.1369202733039856
18635,0.33756616711616516
18636,0.046589091420173645
18637,0.19134986400604248
18638,0.0204586423933506
18639,0.4095554053783417
18640,0.6368753910064697
18641,0.0979737937450409
18642,0.0160568468272686
18643,0.015428933314979076
18644,0.48252853751182556
18645,0.3132936656475067
18646,0.761723518371582
18647,0.1972152441740036
18648,0.5847917199134827
18649,0.3606526851654053
18650,0.5317422747612
18651,0.4824872314929962
18652,0.012729478068649769
18653,0.018206898123025894
18654,0.5109713673591614
18655,0.25637203454971313
18656,0.5027135014533997
18657,0.416202574968338
18658,0.6127263903617859
18659,0.390866219997406
18660,0.1363198608160019
18661,0.2611567974090576
18662,0.6198557019233704
18663,0.02371702529489994
18664,0.42159536480903625
18665,0.16064104437828064
18666,0.22882524132728577
18667,0.2595908045768738
18668,0.06814339011907578
18669,0.4738846719264984
18670,0.7560902237892151
18671,0.3077026605606079
18672,0.29058584570884705
18673,0.09285388886928558
18674,0.42957019805908203
18675,0.7331016659736633
18676,0.17587359249591827
18677,0.022568827494978905
18678,0.02057458832859993
18679,0.7122197151184082
18680,0.03345969691872597
18681,0.48446017503738403
18682,0.4441013038158417
18683,0.15715177357196808
18684,0.2937919795513153
18685,0.48287296295166016
18686,0.742131233215332
18687,0.012760251760482788
18688,0.11106181144714355
18689,0.019558953121304512
18690,0.012560187838971615
18691,0.19572880864143372
18692,0.48387014865875244
18693,0.2036862075328827
18694,0.2509937882423401
18695,0.11492153257131577
18696,0.6600109934806824
18697,0.8585824370384216
18698,0.47221001982688904
18699,0.033127907663583755
18700,0.12737034261226654
18701,0.027783963829278946
18702,0.13451316952705383
18703,0.24972736835479736
18704,0.2732997238636017
18705,0.014617820270359516
18706,0.7102885246276855
18707,0.03470360115170479
18708,0.38954800367355347
18709,0.9818098545074463
18710,0.1304275393486023
18711,0.46452972292900085
18712,0.01762009784579277
18713,0.5048667192459106
18714,0.08890870213508606
18715,0.19279266893863678
18716,0.10910695791244507
18717,0.08550138026475906
18718,0.3313378393650055
18719,0.014453740790486336
18720,0.7540303468704224
18721,0.199824720621109
18722,0.7114934921264648
18723,0.49388620257377625
18724,0.2649061977863312
18725,0.17241694033145905
18726,0.41879868507385254
18727,0.034518662840127945
18728,0.19981230795383453
18729,0.4073687791824341
18730,0.3388109803199768
18731,0.03833139315247536
18732,0.7683790326118469
18733,0.2735406160354614
18734,0.35110050439834595
18735,0.5700429081916809
18736,0.13997583091259003
18737,0.06892818212509155
18738,0.011108899489045143
18739,0.0359327495098114
18740,0.35049012303352356
18741,0.013966817408800125
18742,0.2642906904220581
18743,0.23372815549373627
18744,0.7187623977661133
18745,0.290537029504776
18746,0.07802926748991013
18747,0.021098516881465912
18748,0.03568117693066597
18749,0.38791272044181824
18750,0.6153804659843445
18751,0.18889226019382477
18752,0.795331597328186
18753,0.015569630078971386
18754,0.1762387454509735
18755,0.16617518663406372
18756,0.24645110964775085
18757,0.36066630482673645
18758,0.0374385230243206
18759,0.023991864174604416
18760,0.042114872485399246
18761,0.35096797347068787
18762,0.0171247199177742
18763,0.7406625151634216
18764,0.016178520396351814
18765,0.14573299884796143
18766,0.06276756525039673
18767,0.5093113780021667
18768,0.15496525168418884
18769,0.31209421157836914
18770,0.9705194234848022
18771,0.346370130777359
18772,0.04037844389677048
18773,0.015972869470715523
18774,0.2129625380039215
18775,0.7644801735877991
18776,0.06614579260349274
18777,0.019874000921845436
18778,0.7127261161804199
18779,0.19725999236106873
18780,0.7660305500030518
18781,0.06890581548213959
18782,0.3590499758720398
18783,0.14612512290477753
18784,0.024146411567926407
18785,0.08161953091621399
18786,0.657426655292511
18787,0.7628433704376221
18788,0.6054993271827698
18789,0.1626783013343811
18790,0.09524120390415192
18791,0.026419470086693764
18792,0.5197442173957825
18793,0.02430138736963272
18794,0.010649963282048702
18795,0.03579070046544075
18796,0.12955166399478912
18797,0.02682887762784958
18798,0.3447462022304535
18799,0.058365531265735626
18800,0.40375950932502747
18801,0.34859731793403625
18802,0.03948033228516579
18803,0.044352926313877106
18804,0.03776044398546219
18805,0.7446105480194092
18806,0.045726530253887177
18807,0.5283921957015991
18808,0.01944367028772831
18809,0.10636606067419052
18810,0.04054431989789009
18811,0.4946296215057373
18812,0.7444990277290344
18813,0.03901801258325577
18814,0.259562611579895
18815,0.35942399501800537
18816,0.0666593611240387
18817,0.13359728455543518
18818,0.05843495577573776
18819,0.8798496723175049
18820,0.36974871158599854
18821,0.016175804659724236
18822,0.5189298987388611
18823,0.35101431608200073
18824,0.03684970363974571
18825,0.025005029514431953
18826,0.08913606405258179
18827,0.02049878239631653
18828,0.41923001408576965
18829,0.8130031824111938
18830,0.13618667423725128
18831,0.028135159984230995
18832,0.05057889595627785
18833,0.04438707232475281
18834,0.2845701277256012
18835,0.03844892978668213
18836,0.781618058681488
18837,0.11293725669384003
18838,0.7121347188949585
18839,0.6697037220001221
18840,0.8249456882476807
18841,0.31163257360458374
18842,0.5169807076454163
18843,0.08042991906404495
18844,0.3076476752758026
18845,0.2919973134994507
18846,0.30260804295539856
18847,0.33725035190582275
18848,0.0592542365193367
18849,0.1571330726146698
18850,0.7702451944351196
18851,0.2438715547323227
18852,0.030638815835118294
18853,0.20347914099693298
18854,0.021706508472561836
18855,0.02217433601617813
18856,0.3513708710670471
18857,0.43673378229141235
18858,0.046552058309316635
18859,0.03172147274017334
18860,0.8145888447761536
18861,0.053820013999938965
18862,0.4879325032234192
18863,0.025948287919163704
18864,0.1545407474040985
18865,0.8581655621528625
18866,0.24818117916584015
18867,0.38186243176460266
18868,0.027636336162686348
18869,0.21922220289707184
18870,0.03679370880126953
18871,0.2004883587360382
18872,0.0795402005314827
18873,0.441201776266098
18874,0.4925896227359772
18875,0.46903330087661743
18876,0.16277141869068146
18877,0.018895208835601807
18878,0.32327696681022644
18879,0.8243893980979919
18880,0.47990164160728455
18881,0.03734612464904785
18882,0.22684937715530396
18883,0.02468309924006462
18884,0.41150304675102234
18885,0.021183520555496216
18886,0.3737228810787201
18887,0.1489783227443695
18888,0.11647394299507141
18889,0.7352355122566223
18890,0.19537882506847382
18891,0.06637012958526611
18892,0.04918888583779335
18893,0.028545605018734932
18894,0.8118149638175964
18895,0.8474997878074646
18896,0.3421054780483246
18897,0.05328358709812164
18898,0.5953437089920044
18899,0.19907720386981964
18900,0.583034098148346
18901,0.2106982320547104
18902,0.6266498565673828
18903,0.12641121447086334
18904,0.07041226327419281
18905,0.2779568135738373
18906,0.28102463483810425
18907,0.4351876676082611
18908,0.2201048582792282
18909,0.7347845435142517
18910,0.4452959895133972
18911,0.030079718679189682
18912,0.3952099680900574
18913,0.17658811807632446
18914,0.01772344298660755
18915,0.03827342018485069
18916,0.23003844916820526
18917,0.6658414602279663
18918,0.011876438744366169
18919,0.019342245534062386
18920,0.6307594180107117
18921,0.030605856329202652
18922,0.012675538659095764
18923,0.02098451368510723
18924,0.44909369945526123
18925,0.2894413471221924
18926,0.20925208926200867
18927,0.03471417352557182
18928,0.025168662890791893
18929,0.33298173546791077
18930,0.17881496250629425
18931,0.15522359311580658
18932,0.022898953408002853
18933,0.15139475464820862
18934,0.015167851001024246
18935,0.3272705674171448
18936,0.026474621146917343
18937,0.19918015599250793
18938,0.14547662436962128
18939,0.5429946184158325
18940,0.019282592460513115
18941,0.3811228275299072
18942,0.44495582580566406
18943,0.30700457096099854
18944,0.8438229560852051
18945,0.04237509146332741
18946,0.45645004510879517
18947,0.5664374828338623
18948,0.8228135704994202
18949,0.39389848709106445
18950,0.6744512915611267
18951,0.16337525844573975
18952,0.7653385996818542
18953,0.4938938319683075
18954,0.12186325341463089
18955,0.0444730743765831
18956,0.6518517732620239
18957,0.11064892262220383
18958,0.11192778497934341
18959,0.3182309865951538
18960,0.018260905519127846
18961,0.04709462821483612
18962,0.13004761934280396
18963,0.13627855479717255
18964,0.30322974920272827
18965,0.02117602713406086
18966,0.05179324373602867
18967,0.06484711915254593
18968,0.21699261665344238
18969,0.7340139746665955
18970,0.019451353698968887
18971,0.6494429707527161
18972,0.5650032758712769
18973,0.3317483067512512
18974,0.17763042449951172
18975,0.30833572149276733
18976,0.7435224652290344
18977,0.010740775614976883
18978,0.3491399884223938
18979,0.015544464811682701
18980,0.5934039950370789
18981,0.02393261156976223
18982,0.15103089809417725
18983,0.0369209349155426
18984,0.16746430099010468
18985,0.017564265057444572
18986,0.2502646744251251
18987,0.837762176990509
18988,0.4794578552246094
18989,0.6021539568901062
18990,0.3253909647464752
18991,0.024817241355776787
18992,0.04156743735074997
18993,0.5174461603164673
18994,0.7103568315505981
18995,0.01564120501279831
18996,0.7383026480674744
18997,0.06609426438808441
18998,0.189487487077713
18999,0.1701754331588745
19000,0.025083204731345177
19001,0.042361821979284286
19002,0.459136039018631
19003,0.5601008534431458
19004,0.3393997251987457
19005,0.27567967772483826
19006,0.025394733995199203
19007,0.012130364775657654
19008,0.6223580837249756
19009,0.05019042268395424
19010,0.1628834456205368
19011,0.017379775643348694
19012,0.024920165538787842
19013,0.19358199834823608
19014,0.38095882534980774
19015,0.5962668061256409
19016,0.8541222810745239
19017,0.4187421500682831
19018,0.6965538263320923
19019,0.32058393955230713
19020,0.0411478653550148
19021,0.28821322321891785
19022,0.019762080162763596
19023,0.9437944889068604
19024,0.6072025895118713
19025,0.7843572497367859
19026,0.09932734072208405
19027,0.06497494876384735
19028,0.21653461456298828
19029,0.16912978887557983
19030,0.7130264639854431
19031,0.022920852527022362
19032,0.27704405784606934
19033,0.8027072548866272
19034,0.0956285297870636
19035,0.2067314088344574
19036,0.21899278461933136
19037,0.23571965098381042
19038,0.24187862873077393
19039,0.35489267110824585
19040,0.03955452889204025
19041,0.134441539645195
19042,0.15634071826934814
19043,0.0337732657790184
19044,0.04328099265694618
19045,0.07012738287448883
19046,0.13047842681407928
19047,0.031664688140153885
19048,0.36498868465423584
19049,0.037318989634513855
19050,0.6079515814781189
19051,0.04338875040411949
19052,0.05187801271677017
19053,0.11722347885370255
19054,0.31669706106185913
19055,0.32928693294525146
19056,0.6456143260002136
19057,0.03419547900557518
19058,0.6911985278129578
19059,0.019703827798366547
19060,0.6066301465034485
19061,0.3686133921146393
19062,0.24785248935222626
19063,0.1912083923816681
19064,0.3543892204761505
19065,0.7947112321853638
19066,0.5475485324859619
19067,0.04471699148416519
19068,0.14948974549770355
19069,0.014561180025339127
19070,0.18984074890613556
19071,0.17443209886550903
19072,0.1710215061903
19073,0.1711781620979309
19074,0.3086184561252594
19075,0.5070524215698242
19076,0.5928227305412292
19077,0.09890216588973999
19078,0.015220536850392818
19079,0.16448457539081573
19080,0.19412054121494293
19081,0.02424795553088188
19082,0.0692809671163559
19083,0.048790547996759415
19084,0.012028338387608528
19085,0.03463210165500641
19086,0.04423997178673744
19087,0.16550379991531372
19088,0.024234138429164886
19089,0.040030717849731445
19090,0.052155230194330215
19091,0.08513964712619781
19092,0.14459934830665588
19093,0.45374780893325806
19094,0.021046290174126625
19095,0.013044705614447594
19096,0.026498455554246902
19097,0.30904796719551086
19098,0.8054451942443848
19099,0.3345756530761719
19100,0.09426698833703995
19101,0.0990159809589386
19102,0.024929067119956017
19103,0.5035969614982605
19104,0.03991726040840149
19105,0.19921396672725677
19106,0.02459799125790596
19107,0.020550915971398354
19108,0.060965217649936676
19109,0.015153021551668644
19110,0.011605399660766125
19111,0.7976896166801453
19112,0.9759562015533447
19113,0.31350311636924744
19114,0.187697172164917
19115,0.06797164678573608
19116,0.3830413818359375
19117,0.20767556130886078
19118,0.3258553445339203
19119,0.27714434266090393
19120,0.3528982698917389
19121,0.10023234784603119
19122,0.015578096732497215
19123,0.2041526585817337
19124,0.011095182970166206
19125,0.07933540642261505
19126,0.38428616523742676
19127,0.015043073333799839
19128,0.10130070149898529
19129,0.09373244643211365
19130,0.014440745115280151
19131,0.7536040544509888
19132,0.1758897453546524
19133,0.027627868577837944
19134,0.12668098509311676
19135,0.7747312784194946
19136,0.02251945249736309
19137,0.6984364986419678
19138,0.1963309496641159
19139,0.08092926442623138
19140,0.4886228144168854
19141,0.017643719911575317
19142,0.10075335204601288
19143,0.1353660225868225
19144,0.06144323572516441
19145,0.016871698200702667
19146,0.02419031411409378
19147,0.9447192549705505
19148,0.04255598410964012
19149,0.01948648691177368
19150,0.23211093246936798
19151,0.01559420581907034
19152,0.18600775301456451
19153,0.774503231048584
19154,0.46905091404914856
19155,0.7701492309570312
19156,0.20870386064052582
19157,0.8232940435409546
19158,0.6506985425949097
19159,0.16982142627239227
19160,0.7485629916191101
19161,0.45424485206604004
19162,0.03865653648972511
19163,0.30218666791915894
19164,0.07250812649726868
19165,0.7738595604896545
19166,0.09914495795965195
19167,0.7116091251373291
19168,0.23591762781143188
19169,0.015672046691179276
19170,0.014659597538411617
19171,0.05641494318842888
19172,0.2888018786907196
19173,0.09053658694028854
19174,0.3752519190311432
19175,0.1582372933626175
19176,0.21056227385997772
19177,0.16311416029930115
19178,0.31523311138153076
19179,0.8577972054481506
19180,0.1273430734872818
19181,0.06183478608727455
19182,0.026144221425056458
19183,0.19564057886600494
19184,0.5727298259735107
19185,0.35372617840766907
19186,0.017068445682525635
19187,0.5286110043525696
19188,0.47112560272216797
19189,0.33164021372795105
19190,0.20338433980941772
19191,0.42637407779693604
19192,0.06493189185857773
19193,0.12344095855951309
19194,0.28849315643310547
19195,0.17057080566883087
19196,0.958640456199646
19197,0.8914756178855896
19198,0.7860719561576843
19199,0.7942190766334534
19200,0.5368669033050537
19201,0.026446552947163582
19202,0.08942081779241562
19203,0.36429280042648315
19204,0.04210548475384712
19205,0.5436304807662964
19206,0.023583587259054184
19207,0.7134681940078735
19208,0.013813775032758713
19209,0.044380806386470795
19210,0.5176482796669006
19211,0.18250896036624908
19212,0.1113862618803978
19213,0.1703399270772934
19214,0.20487384498119354
19215,0.2698386609554291
19216,0.5190838575363159
19217,0.7071743011474609
19218,0.8981168270111084
19219,0.01602538861334324
19220,0.01897265762090683
19221,0.21434247493743896
19222,0.18445485830307007
19223,0.11753017455339432
19224,0.23154649138450623
19225,0.35358232259750366
19226,0.059753239154815674
19227,0.34406229853630066
19228,0.28878283500671387
19229,0.1989137828350067
19230,0.14076916873455048
19231,0.8370320796966553
19232,0.025912556797266006
19233,0.4179938733577728
19234,0.7393765449523926
19235,0.13313330709934235
19236,0.7347675561904907
19237,0.012938687577843666
19238,0.11588238179683685
19239,0.37341272830963135
19240,0.7821022272109985
19241,0.05620322749018669
19242,0.7802537679672241
19243,0.17804300785064697
19244,0.2488878071308136
19245,0.02173490636050701
19246,0.014797428622841835
19247,0.5117067098617554
19248,0.7852907776832581
19249,0.8385951519012451
19250,0.10370577871799469
19251,0.05274050682783127
19252,0.15633049607276917
19253,0.5928322076797485
19254,0.9225695729255676
19255,0.12426315248012543
19256,0.4686697721481323
19257,0.2669810652732849
19258,0.19826066493988037
19259,0.23888540267944336
19260,0.12228842079639435
19261,0.5628275871276855
19262,0.4560620188713074
19263,0.7180765867233276
19264,0.20110547542572021
19265,0.4580529034137726
19266,0.5835687518119812
19267,0.023650258779525757
19268,0.3849632441997528
19269,0.25078320503234863
19270,0.13039541244506836
19271,0.5268985033035278
19272,0.4224046468734741
19273,0.331198513507843
19274,0.23706190288066864
19275,0.6309865713119507
19276,0.22173048555850983
19277,0.19272007048130035
19278,0.008532938547432423
19279,0.3141931891441345
19280,0.2648128271102905
19281,0.7362165451049805
19282,0.04285655543208122
19283,0.14304962754249573
19284,0.47129198908805847
19285,0.5632163882255554
19286,0.2700088620185852
19287,0.3086205720901489
19288,0.2909505069255829
19289,0.3395797908306122
19290,0.2533579170703888
19291,0.012947349809110165
19292,0.023252632468938828
19293,0.07550090551376343
19294,0.023644451051950455
19295,0.030214713886380196
19296,0.026960251852869987
19297,0.16456292569637299
19298,0.16879618167877197
19299,0.015854621306061745
19300,0.4607212543487549
19301,0.033868975937366486
19302,0.4399705231189728
19303,0.10271394997835159
19304,0.250585675239563
19305,0.5361959934234619
19306,0.5147079229354858
19307,0.6327748894691467
19308,0.512310802936554
19309,0.49050331115722656
19310,0.29509568214416504
19311,0.6998471021652222
19312,0.257851243019104
19313,0.010962259955704212
19314,0.018921881914138794
19315,0.34626463055610657
19316,0.2408086508512497
19317,0.4145191013813019
19318,0.9395701289176941
19319,0.5456981062889099
19320,0.18806438148021698
19321,0.16819971799850464
19322,0.15273326635360718
19323,0.13859593868255615
19324,0.2740694582462311
19325,0.022963913157582283
19326,0.57015061378479
19327,0.2188563495874405
19328,0.30619898438453674
19329,0.04027003422379494
19330,0.4007991850376129
19331,0.7351793646812439
19332,0.03797610476613045
19333,0.42764660716056824
19334,0.023166006430983543
19335,0.17361633479595184
19336,0.3170025646686554
19337,0.35722965002059937
19338,0.09845706075429916
19339,0.028646180406212807
19340,0.534390389919281
19341,0.8840171694755554
19342,0.033789023756980896
19343,0.032438404858112335
19344,0.02924899198114872
19345,0.3690444529056549
19346,0.7505459785461426
19347,0.014760985039174557
19348,0.5893151164054871
19349,0.673014760017395
19350,0.017161060124635696
19351,0.02455568127334118
19352,0.18890289962291718
19353,0.06652958691120148
19354,0.2986776828765869
19355,0.7230288982391357
19356,0.02601877972483635
19357,0.05433627590537071
19358,0.36155468225479126
19359,0.2623375952243805
19360,0.033000264316797256
19361,0.3230862319469452
19362,0.40723833441734314
19363,0.13011634349822998
19364,0.42674532532691956
19365,0.07505375146865845
19366,0.3393445909023285
19367,0.42060109972953796
19368,0.21040953695774078
19369,0.7661464810371399
19370,0.5802607536315918
19371,0.22835004329681396
19372,0.02293308451771736
19373,0.545785129070282
19374,0.15232598781585693
19375,0.023109126836061478
19376,0.24067328870296478
19377,0.019470343366265297
19378,0.007337208837270737
19379,0.4494619071483612
19380,0.13238729536533356
19381,0.6853153705596924
19382,0.3985642194747925
19383,0.3097556531429291
19384,0.24361367523670197
19385,0.3924877643585205
19386,0.11335829645395279
19387,0.01372517179697752
19388,0.41319429874420166
19389,0.2851599156856537
19390,0.34143203496932983
19391,0.22827935218811035
19392,0.022159799933433533
19393,0.2408726066350937
19394,0.8892064094543457
19395,0.01285447459667921
19396,0.7199499011039734
19397,0.855918824672699
19398,0.013634968549013138
19399,0.0536605566740036
19400,0.06171320006251335
19401,0.09697096794843674
19402,0.015858862549066544
19403,0.5192713737487793
19404,0.3951609432697296
19405,0.43870729207992554
19406,0.1336067020893097
19407,0.513579785823822
19408,0.5594539046287537
19409,0.5741240382194519
19410,0.018250392749905586
19411,0.16310052573680878
19412,0.17211730778217316
19413,0.351781964302063
19414,0.0191126000136137
19415,0.02294043079018593
19416,0.06361428648233414
19417,0.639136016368866
19418,0.028110362589359283
19419,0.018495509400963783
19420,0.16030924022197723
19421,0.03446899354457855
19422,0.6466306447982788
19423,0.05276303365826607
19424,0.11806386709213257
19425,0.020391887053847313
19426,0.3346399962902069
19427,0.02468561939895153
19428,0.18686306476593018
19429,0.2452469766139984
19430,0.1756756752729416
19431,0.19810162484645844
19432,0.2938440442085266
19433,0.5464368462562561
19434,0.07197532057762146
19435,0.6891917586326599
19436,0.3470725417137146
19437,0.12315894663333893
19438,0.086453877389431
19439,0.027165116742253304
19440,0.41461220383644104
19441,0.830731987953186
19442,0.1457976996898651
19443,0.026877816766500473
19444,0.1560555100440979
19445,0.21638134121894836
19446,0.3203294277191162
19447,0.7437848448753357
19448,0.831725537776947
19449,0.551895022392273
19450,0.537797212600708
19451,0.01773320883512497
19452,0.36718234419822693
19453,0.3164691925048828
19454,0.043494559824466705
19455,0.035379357635974884
19456,0.13079194724559784
19457,0.02934301644563675
19458,0.15162210166454315
19459,0.6257064342498779
19460,0.4872233271598816
19461,0.014239282347261906
19462,0.7657727599143982
19463,0.2873270809650421
19464,0.19043919444084167
19465,0.044471967965364456
19466,0.8647449612617493
19467,0.3775120675563812
19468,0.03651053458452225
19469,0.8454480171203613
19470,0.7806346416473389
19471,0.1423761397600174
19472,0.02991296537220478
19473,0.779203474521637
19474,0.08863022178411484
19475,0.06824132800102234
19476,0.5691599249839783
19477,0.39601996541023254
19478,0.298850953578949
19479,0.7547953128814697
19480,0.8220440149307251
19481,0.17818844318389893
19482,0.15144005417823792
19483,0.5146604180335999
19484,0.4161239564418793
19485,0.015063238330185413
19486,0.1929263472557068
19487,0.018303435295820236
19488,0.03464310243725777
19489,0.14925865828990936
19490,0.4748316705226898
19491,0.20329849421977997
19492,0.32490620017051697
19493,0.03451719135046005
19494,0.06630291044712067
19495,0.05296802148222923
19496,0.16281600296497345
19497,0.5271037220954895
19498,0.7060369253158569
19499,0.03698915243148804
19500,0.022880766540765762
19501,0.22854024171829224
19502,0.028603071346879005
19503,0.6735745072364807
19504,0.4461386799812317
19505,0.3648315370082855
19506,0.44569385051727295
19507,0.19631624221801758
19508,0.6768271327018738
19509,0.4212983250617981
19510,0.03784728795289993
19511,0.5756518244743347
19512,0.11778375506401062
19513,0.802765965461731
19514,0.019641561433672905
19515,0.5994295477867126
19516,0.503056526184082
19517,0.22054219245910645
19518,0.8269750475883484
19519,0.4039902985095978
19520,0.08679131418466568
19521,0.7126894593238831
19522,0.4666229784488678
19523,0.025179684162139893
19524,0.11312934756278992
19525,0.6294175386428833
19526,0.08767934143543243
19527,0.2856985628604889
19528,0.5758920907974243
19529,0.5087448358535767
19530,0.026961173862218857
19531,0.14750462770462036
19532,0.19575990736484528
19533,0.08872170746326447
19534,0.5916619300842285
19535,0.34031227231025696
19536,0.5396143198013306
19537,0.11721889674663544
19538,0.17071864008903503
19539,0.01662290468811989
19540,0.18048331141471863
19541,0.22754192352294922
19542,0.011794348247349262
19543,0.6544488668441772
19544,0.17085690796375275
19545,0.01806574873626232
19546,0.034941237419843674
19547,0.04235468804836273
19548,0.20946821570396423
19549,0.6186334490776062
19550,0.40159907937049866
19551,0.3487330377101898
19552,0.6458155512809753
19553,0.020615888759493828
19554,0.24670478701591492
19555,0.47492262721061707
19556,0.2658156156539917
19557,0.0348987877368927
19558,0.013900299556553364
19559,0.0646536573767662
19560,0.15056589245796204
19561,0.41239890456199646
19562,0.35192424058914185
19563,0.14428560435771942
19564,0.19848503172397614
19565,0.5140790343284607
19566,0.029642578214406967
19567,0.06873761117458344
19568,0.08893822133541107
19569,0.26449131965637207
19570,0.5245883464813232
19571,0.029691755771636963
19572,0.4180528223514557
19573,0.2531244456768036
19574,0.2557031512260437
19575,0.835602879524231
19576,0.8005902767181396
19577,0.9477716088294983
19578,0.013565441593527794
19579,0.28213781118392944
19580,0.05395291745662689
19581,0.15331138670444489
19582,0.026453038677573204
19583,0.33299604058265686
19584,0.46187663078308105
19585,0.4629005491733551
19586,0.2080124169588089
19587,0.18003956973552704
19588,0.03925934433937073
19589,0.7129284143447876
19590,0.3876482844352722
19591,0.013618549332022667
19592,0.022860748693346977
19593,0.7111607193946838
19594,0.4547446370124817
19595,0.13748647272586823
19596,0.45198625326156616
19597,0.1622801274061203
19598,0.31739500164985657
19599,0.5795105695724487
19600,0.1910872608423233
19601,0.3437987267971039
19602,0.20958812534809113
19603,0.019690684974193573
19604,0.02645253948867321
19605,0.4688494801521301
19606,0.22823600471019745
19607,0.01889796182513237
19608,0.015259185805916786
19609,0.012516310438513756
19610,0.062405336648225784
19611,0.7809790968894958
19612,0.5617178678512573
19613,0.25521501898765564
19614,0.29266783595085144
19615,0.8109760284423828
19616,0.8718928098678589
19617,0.666400671005249
19618,0.04927386716008186
19619,0.37509220838546753
19620,0.1843118816614151
19621,0.015294507145881653
19622,0.037661224603652954
19623,0.3165183365345001
19624,0.13601134717464447
19625,0.013145912438631058
19626,0.38639289140701294
19627,0.26698511838912964
19628,0.5742301940917969
19629,0.3206370174884796
19630,0.028270959854125977
19631,0.03360838443040848
19632,0.12341606616973877
19633,0.013656547293066978
19634,0.4981541037559509
19635,0.17543421685695648
19636,0.22039318084716797
19637,0.025217043235898018
19638,0.012108727358281612
19639,0.025145798921585083
19640,0.05020296946167946
19641,0.755233108997345
19642,0.33527323603630066
19643,0.023770771920681
19644,0.040390610694885254
19645,0.2269751876592636
19646,0.09045281261205673
19647,0.19008049368858337
19648,0.8493823409080505
19649,0.5778027772903442
19650,0.011911137960851192
19651,0.5069779753684998
19652,0.13940083980560303
19653,0.32409903407096863
19654,0.3872966170310974
19655,0.028493361547589302
19656,0.014764029532670975
19657,0.03282812982797623
19658,0.3552296459674835
19659,0.018816184252500534
19660,0.2455069124698639
19661,0.02809911221265793
19662,0.7260774970054626
19663,0.7868069410324097
19664,0.30473220348358154
19665,0.012394420802593231
19666,0.3509543538093567
19667,0.3919335901737213
19668,0.04081418365240097
19669,0.022631626576185226
19670,0.6847642660140991
19671,0.24135686457157135
19672,0.1430118829011917
19673,0.20289871096611023
19674,0.34063759446144104
19675,0.01444259099662304
19676,0.21737517416477203
19677,0.34172382950782776
19678,0.4307195246219635
19679,0.3161391317844391
19680,0.8604099154472351
19681,0.23764047026634216
19682,0.40507230162620544
19683,0.6705573201179504
19684,0.19115348160266876
19685,0.2001163363456726
19686,0.043586187064647675
19687,0.4438517391681671
19688,0.06194760650396347
19689,0.025065306574106216
19690,0.12110614776611328
19691,0.012790494598448277
19692,0.24543115496635437
19693,0.35653743147850037
19694,0.08624475449323654
19695,0.4940721392631531
19696,0.03310171887278557
19697,0.17660096287727356
19698,0.4374142587184906
19699,0.47488462924957275
19700,0.12207435816526413
19701,0.2397093027830124
19702,0.03662410005927086
19703,0.3750225603580475
19704,0.35272282361984253
19705,0.8417301177978516
19706,0.21374616026878357
19707,0.6832406520843506
19708,0.2861851155757904
19709,0.6985486149787903
19710,0.8190635442733765
19711,0.07909534871578217
19712,0.09317703545093536
19713,0.7580756545066833
19714,0.10323189198970795
19715,0.015883591026067734
19716,0.058635927736759186
19717,0.1394806057214737
19718,0.026924125850200653
19719,0.5699440836906433
19720,0.43373391032218933
19721,0.17148560285568237
19722,0.3266664445400238
19723,0.2552545666694641
19724,0.2255532294511795
19725,0.26697301864624023
19726,0.42709699273109436
19727,0.013036745600402355
19728,0.19387397170066833
19729,0.01930835284292698
19730,0.28941676020622253
19731,0.4371798038482666
19732,0.043007440865039825
19733,0.7831220626831055
19734,0.1033872440457344
19735,0.1362239271402359
19736,0.10359642654657364
19737,0.11696410924196243
19738,0.9062039852142334
19739,0.45373907685279846
19740,0.02266032062470913
19741,0.2824157178401947
19742,0.8080511093139648
19743,0.3452977240085602
19744,0.7170036435127258
19745,0.839549720287323
19746,0.5863212943077087
19747,0.04993351176381111
19748,0.19323435425758362
19749,0.04278026148676872
19750,0.5433559417724609
19751,0.02368558943271637
19752,0.35267820954322815
19753,0.09749293327331543
19754,0.588752269744873
19755,0.07135411351919174
19756,0.3144266605377197
19757,0.19001729786396027
19758,0.4700823426246643
19759,0.35866445302963257
19760,0.15261177718639374
19761,0.03969591110944748
19762,0.03765299916267395
19763,0.8756811618804932
19764,0.3241890072822571
19765,0.015309919603168964
19766,0.21119651198387146
19767,0.24924619495868683
19768,0.6063852310180664
19769,0.6321960687637329
19770,0.21194703876972198
19771,0.6685909032821655
19772,0.5180140733718872
19773,0.016696348786354065
19774,0.03905632719397545
19775,0.2698752284049988
19776,0.020026687532663345
19777,0.22504697740077972
19778,0.011809942312538624
19779,0.013784579932689667
19780,0.1760440617799759
19781,0.03774681314826012
19782,0.36629369854927063
19783,0.759082019329071
19784,0.5229591131210327
19785,0.19768087565898895
19786,0.014547721482813358
19787,0.016552338376641273
19788,0.018629519268870354
19789,0.036862701177597046
19790,0.10982678085565567
19791,0.6359745264053345
19792,0.47153523564338684
19793,0.018822824582457542
19794,0.1314070224761963
19795,0.039420560002326965
19796,0.6495429277420044
19797,0.3413294553756714
19798,0.014918951317667961
19799,0.02326996810734272
19800,0.18845276534557343
19801,0.06836175173521042
19802,0.05324265733361244
19803,0.23087646067142487
19804,0.7962564826011658
19805,0.01227517705410719
19806,0.05263002961874008
19807,0.020839620381593704
19808,0.2595319449901581
19809,0.4991720914840698
19810,0.387452632188797
19811,0.1256811022758484
19812,0.07032410800457001
19813,0.5672387480735779
19814,0.6220324635505676
19815,0.7748671770095825
19816,0.11713451892137527
19817,0.117594413459301
19818,0.014595713466405869
19819,0.4025757908821106
19820,0.015754712745547295
19821,0.2434472292661667
19822,0.06699477136135101
19823,0.07269476354122162
19824,0.3883092701435089
19825,0.6702042818069458
19826,0.36208561062812805
19827,0.013896052725613117
19828,0.8307738900184631
19829,0.0318177156150341
19830,0.602662980556488
19831,0.04036927968263626
19832,0.14468246698379517
19833,0.4834534227848053
19834,0.03997824341058731
19835,0.027114538475871086
19836,0.03253430128097534
19837,0.49426835775375366
19838,0.1948244720697403
19839,0.5201295614242554
19840,0.6432770490646362
19841,0.017551729455590248
19842,0.01168980821967125
19843,0.2482353150844574
19844,0.391319215297699
19845,0.24597172439098358
19846,0.09469176828861237
19847,0.4389365613460541
19848,0.18870186805725098
19849,0.6107358932495117
19850,0.11831231415271759
19851,0.3526768982410431
19852,0.5473151803016663
19853,0.17629416286945343
19854,0.5419023036956787
19855,0.9304326772689819
19856,0.3558492362499237
19857,0.31748369336128235
19858,0.601969301700592
19859,0.19054342806339264
19860,0.4750710427761078
19861,0.554350733757019
19862,0.17602798342704773
19863,0.24114972352981567
19864,0.30215492844581604
19865,0.020741723477840424
19866,0.7896788716316223
19867,0.6034302711486816
19868,0.31530165672302246
19869,0.36146989464759827
19870,0.03897414356470108
19871,0.11542506515979767
19872,0.4162866771221161
19873,0.7520800828933716
19874,0.24911382794380188
19875,0.01718338392674923
19876,0.6014229655265808
19877,0.32340484857559204
19878,0.014085575938224792
19879,0.32861045002937317
19880,0.9274846315383911
19881,0.08662131428718567
19882,0.27807891368865967
19883,0.01979929395020008
19884,0.05792972072958946
19885,0.7417407631874084
19886,0.5973380208015442
19887,0.5236369371414185
19888,0.7942469120025635
19889,0.2752404808998108
19890,0.36455655097961426
19891,0.36072251200675964
19892,0.37406378984451294
19893,0.271174818277359
19894,0.14309896528720856
19895,0.20453059673309326
19896,0.7036960124969482
19897,0.03486892953515053
19898,0.09728812426328659
19899,0.3891521692276001
19900,0.6703537702560425
19901,0.580338716506958
19902,0.015662582591176033
19903,0.2855796217918396
19904,0.6405615210533142
19905,0.3631872236728668
19906,0.4292418956756592
19907,0.3057863414287567
19908,0.030953088775277138
19909,0.027636148035526276
19910,0.07711150497198105
19911,0.36118242144584656
19912,0.019951730966567993
19913,0.14201714098453522
19914,0.0860295444726944
19915,0.7287911772727966
19916,0.07709662616252899
19917,0.23152709007263184
19918,0.4115872085094452
19919,0.11542297899723053
19920,0.767953097820282
19921,0.08368797600269318
19922,0.045828308910131454
19923,0.0192554984241724
19924,0.1409429907798767
19925,0.8886168599128723
19926,0.13779927790164948
19927,0.17040222883224487
19928,0.017783230170607567
19929,0.08007477968931198
19930,0.21919435262680054
19931,0.07959876209497452
19932,0.45736125111579895
19933,0.4606357514858246
19934,0.014008571393787861
19935,0.5013235211372375
19936,0.039403967559337616
19937,0.01971759833395481
19938,0.8239713311195374
19939,0.2509494125843048
19940,0.10351650416851044
19941,0.2518828809261322
19942,0.5081201791763306
19943,0.5157884359359741
19944,0.6990746855735779
19945,0.24309022724628448
19946,0.5830880403518677
19947,0.024739371612668037
19948,0.3621991276741028
19949,0.015238936990499496
19950,0.29973548650741577
19951,0.3401971161365509
19952,0.2660978138446808
19953,0.15786738693714142
19954,0.7523946762084961
19955,0.2295808345079422
19956,0.791222095489502
19957,0.7420994639396667
19958,0.105412058532238
19959,0.12043146044015884
19960,0.046996187418699265
19961,0.4310499429702759
19962,0.013592547737061977
19963,0.39693400263786316
19964,0.1626148372888565
19965,0.40508735179901123
19966,0.593846321105957
19967,0.03093833103775978
19968,0.1220998615026474
19969,0.04537171125411987
19970,0.8041017055511475
19971,0.10366233438253403
19972,0.7384411692619324
19973,0.7259830236434937
19974,0.5087570548057556
19975,0.15706495940685272
19976,0.11667386442422867
19977,0.38531923294067383
19978,0.6111355423927307
19979,0.1644088476896286
19980,0.23188535869121552
19981,0.1811148077249527
19982,0.15824678540229797
19983,0.1891670823097229
19984,0.2173883616924286
19985,0.357929527759552
19986,0.016944371163845062
19987,0.10175419598817825
19988,0.056615207344293594
19989,0.7428223490715027
19990,0.1402055025100708
19991,0.6023686528205872
19992,0.030826900154352188
19993,0.021205462515354156
19994,0.3052555322647095
19995,0.7145105600357056
19996,0.014773929491639137
19997,0.02715212106704712
19998,0.02903243713080883
19999,0.5399641990661621
20000,0.44241777062416077
20001,0.2335597276687622
20002,0.3891330361366272
20003,0.11959666758775711
20004,0.04592966288328171
20005,0.01446189358830452
20006,0.17797164618968964
20007,0.07171023637056351
20008,0.13123390078544617
20009,0.04402412846684456
20010,0.02954261191189289
20011,0.013949013315141201
20012,0.14385461807250977
20013,0.33515533804893494
20014,0.24914276599884033
20015,0.3160971999168396
20016,0.030013402923941612
20017,0.2974329888820648
20018,0.29624032974243164
20019,0.6149295568466187
20020,0.32978707551956177
20021,0.24190780520439148
20022,0.1906975954771042
20023,0.04707501083612442
20024,0.13752886652946472
20025,0.24887719750404358
20026,0.3002147674560547
20027,0.020966051146388054
20028,0.14830376207828522
20029,0.034760087728500366
20030,0.6957030892372131
20031,0.053648900240659714
20032,0.610851526260376
20033,0.6760349273681641
20034,0.10835476219654083
20035,0.6047736406326294
20036,0.05925252288579941
20037,0.5597814917564392
20038,0.5761454701423645
20039,0.43593135476112366
20040,0.25146952271461487
20041,0.18453802168369293
20042,0.19430862367153168
20043,0.07443558424711227
20044,0.35808995366096497
20045,0.014285149052739143
20046,0.07814433425664902
20047,0.21374140679836273
20048,0.5758950114250183
20049,0.15564511716365814
20050,0.7512804865837097
20051,0.704914391040802
20052,0.23256194591522217
20053,0.14345167577266693
20054,0.10176006704568863
20055,0.11806531995534897
20056,0.14067941904067993
20057,0.12535236775875092
20058,0.01763026975095272
20059,0.42547348141670227
20060,0.2841273546218872
20061,0.15673111379146576
20062,0.1660701334476471
20063,0.6256461143493652
20064,0.41860824823379517
20065,0.05890906974673271
20066,0.03509436920285225
20067,0.5947978496551514
20068,0.751325249671936
20069,0.17406782507896423
20070,0.01926894299685955
20071,0.3637375235557556
20072,0.12179004400968552
20073,0.8129668831825256
20074,0.3414911925792694
20075,0.6520712971687317
20076,0.01635517179965973
20077,0.8457528352737427
20078,0.5145671367645264
20079,0.13081544637680054
20080,0.5650063753128052
20081,0.2854849398136139
20082,0.19827556610107422
20083,0.26244959235191345
20084,0.8494449853897095
20085,0.13798576593399048
20086,0.09198913723230362
20087,0.7186983227729797
20088,0.7558165192604065
20089,0.3676161468029022
20090,0.015283409506082535
20091,0.21574905514717102
20092,0.30837109684944153
20093,0.24196243286132812
20094,0.03020157665014267
20095,0.28791582584381104
20096,0.6002373695373535
20097,0.01670496165752411
20098,0.7711057662963867
20099,0.10453258454799652
20100,0.2460537999868393
20101,0.5707963705062866
20102,0.025938207283616066
20103,0.7026621103286743
20104,0.3810998499393463
20105,0.03528773784637451
20106,0.32930639386177063
20107,0.17061054706573486
20108,0.27132442593574524
20109,0.8658002614974976
20110,0.6345251202583313
20111,0.4003816545009613
20112,0.011209692806005478
20113,0.20464615523815155
20114,0.5531206727027893
20115,0.45049849152565
20116,0.32163530588150024
20117,0.03910687938332558
20118,0.041701141744852066
20119,0.31348666548728943
20120,0.02857627160847187
20121,0.7072939276695251
20122,0.4451937973499298
20123,0.12766067683696747
20124,0.020286699756979942
20125,0.5839999318122864
20126,0.017934847623109818
20127,0.020794549956917763
20128,0.6018725037574768
20129,0.016257673501968384
20130,0.033914223313331604
20131,0.01468205451965332
20132,0.22903071343898773
20133,0.9068911671638489
20134,0.8247569799423218
20135,0.2725801169872284
20136,0.6987364292144775
20137,0.7807748913764954
20138,0.4344519376754761
20139,0.027270127087831497
20140,0.1411459743976593
20141,0.2350168228149414
20142,0.30744776129722595
20143,0.0738091766834259
20144,0.26249808073043823
20145,0.3131074607372284
20146,0.6108888983726501
20147,0.3763365149497986
20148,0.8000276684761047
20149,0.15291573107242584
20150,0.37179088592529297
20151,0.08357445150613785
20152,0.04124254360795021
20153,0.24337045848369598
20154,0.17998473346233368
20155,0.12892158329486847
20156,0.7899907231330872
20157,0.021469218656420708
20158,0.07934889197349548
20159,0.06508517265319824
20160,0.036066051572561264
20161,0.29960688948631287
20162,0.01192021556198597
20163,0.4790709912776947
20164,0.9726143479347229
20165,0.2873065173625946
20166,0.46148815751075745
20167,0.399923712015152
20168,0.35853612422943115
20169,0.045405708253383636
20170,0.10583242028951645
20171,0.8362219333648682
20172,0.036533135920763016
20173,0.8564991354942322
20174,0.704334557056427
20175,0.20803159475326538
20176,0.9556489586830139
20177,0.8465551137924194
20178,0.40475571155548096
20179,0.06778152287006378
20180,0.910160481929779
20181,0.15248970687389374
20182,0.43794405460357666
20183,0.023547038435935974
20184,0.2966354787349701
20185,0.3394980728626251
20186,0.8411890268325806
20187,0.06460689008235931
20188,0.06882057338953018
20189,0.024458961561322212
20190,0.018526000902056694
20191,0.2807137668132782
20192,0.8698856234550476
20193,0.10696528851985931
20194,0.015077478252351284
20195,0.0700673833489418
20196,0.028610097244381905
20197,0.790019154548645
20198,0.025973528623580933
20199,0.018307052552700043
20200,0.0831867977976799
20201,0.02296043559908867
20202,0.024248700588941574
20203,0.026160387322306633
20204,0.4354247748851776
20205,0.378464013338089
20206,0.4094260036945343
20207,0.030520308762788773
20208,0.21024373173713684
20209,0.02469830960035324
20210,0.015347683802247047
20211,0.013511382043361664
20212,0.027326293289661407
20213,0.26926979422569275
20214,0.6803992986679077
20215,0.1286911815404892
20216,0.6958706974983215
20217,0.020955758169293404
20218,0.17157135903835297
20219,0.02113923616707325
20220,0.032435957342386246
20221,0.5996819734573364
20222,0.37506523728370667
20223,0.6633746027946472
20224,0.18510250747203827
20225,0.12291858345270157
20226,0.1306583136320114
20227,0.6539555191993713
20228,0.5228243470191956
20229,0.884921133518219
20230,0.16429473459720612
20231,0.03508508577942848
20232,0.6662410497665405
20233,0.29004406929016113
20234,0.20445983111858368
20235,0.7063700556755066
20236,0.2582229673862457
20237,0.04816848412156105
20238,0.21388079226016998
20239,0.02373017743229866
20240,0.19296228885650635
20241,0.03583700582385063
20242,0.20247681438922882
20243,0.03515048325061798
20244,0.0900518074631691
20245,0.7506182193756104
20246,0.7646281123161316
20247,0.6289787292480469
20248,0.7768273949623108
20249,0.05447477847337723
20250,0.04354872927069664
20251,0.015376895666122437
20252,0.22523003816604614
20253,0.555080235004425
20254,0.20470090210437775
20255,0.08573410660028458
20256,0.33943209052085876
20257,0.3097538948059082
20258,0.6901582479476929
20259,0.547633171081543
20260,0.8732360601425171
20261,0.39090496301651
20262,0.05066588893532753
20263,0.07059694826602936
20264,0.08384089171886444
20265,0.6448395252227783
20266,0.07269618660211563
20267,0.6278727650642395
20268,0.3398749530315399
20269,0.254970520734787
20270,0.1681433469057083
20271,0.3564847409725189
20272,0.773413896560669
20273,0.020209239795804024
20274,0.8240024447441101
20275,0.13774241507053375
20276,0.13431255519390106
20277,0.11540679633617401
20278,0.5447514653205872
20279,0.033259317278862
20280,0.01981702260673046
20281,0.18953345715999603
20282,0.20839837193489075
20283,0.2186150699853897
20284,0.12916843593120575
20285,0.1807721108198166
20286,0.022960003465414047
20287,0.7054604887962341
20288,0.35239577293395996
20289,0.268226683139801
20290,0.20930905640125275
20291,0.6202796697616577
20292,0.7727682590484619
20293,0.2896663248538971
20294,0.014330158941447735
20295,0.36217325925827026
20296,0.26803871989250183
20297,0.6945592761039734
20298,0.016001712530851364
20299,0.7133093476295471
20300,0.20887227356433868
20301,0.10365380346775055
20302,0.6177266836166382
20303,0.7746562957763672
20304,0.03568568080663681
20305,0.4552919864654541
20306,0.5323678851127625
20307,0.3302125632762909
20308,0.564154326915741
20309,0.32612597942352295
20310,0.712831974029541
20311,0.20865389704704285
20312,0.20511925220489502
20313,0.20153293013572693
20314,0.8190293312072754
20315,0.03106989711523056
20316,0.3095613420009613
20317,0.010630927979946136
20318,0.3305600881576538
20319,0.01930917054414749
20320,0.5826585292816162
20321,0.02525022253394127
20322,0.025441786274313927
20323,0.04334147647023201
20324,0.2299795299768448
20325,0.10123310983181
20326,0.027195343747735023
20327,0.15468516945838928
20328,0.02189377136528492
20329,0.48005759716033936
20330,0.015966791659593582
20331,0.4432687759399414
20332,0.017821332439780235
20333,0.6923560500144958
20334,0.03479655086994171
20335,0.50078946352005
20336,0.18650270998477936
20337,0.8884148001670837
20338,0.03705470636487007
20339,0.3660876154899597
20340,0.44738897681236267
20341,0.23194612562656403
20342,0.052660707384347916
20343,0.07387736439704895
20344,0.06211807578802109
20345,0.1257205456495285
20346,0.18944719433784485
20347,0.05448584631085396
20348,0.963326096534729
20349,0.8663123250007629
20350,0.033559367060661316
20351,0.4357786476612091
20352,0.8517358303070068
20353,0.7164116501808167
20354,0.24599532783031464
20355,0.27903634309768677
20356,0.03850928321480751
20357,0.5117688179016113
20358,0.5284020304679871
20359,0.4416913688182831
20360,0.7101134061813354
20361,0.01684732176363468
20362,0.02739628404378891
20363,0.23457802832126617
20364,0.7527993321418762
20365,0.7855727076530457
20366,0.5471212863922119
20367,0.11526644974946976
20368,0.3472587466239929
20369,0.21570970118045807
20370,0.15882040560245514
20371,0.07453521341085434
20372,0.018617846071720123
20373,0.5150591731071472
20374,0.1694309115409851
20375,0.1800723671913147
20376,0.1867220252752304
20377,0.7740609049797058
20378,0.7555856704711914
20379,0.7783253788948059
20380,0.026201561093330383
20381,0.8333612084388733
20382,0.31879034638404846
20383,0.041826047003269196
20384,0.6558074951171875
20385,0.27471867203712463
20386,0.13921818137168884
20387,0.38369616866111755
20388,0.24304768443107605
20389,0.11805865913629532
20390,0.2811276316642761
20391,0.051325004547834396
20392,0.3554205000400543
20393,0.5043267011642456
20394,0.26825401186943054
20395,0.47987014055252075
20396,0.38199684023857117
20397,0.13405583798885345
20398,0.3043563961982727
20399,0.4824683666229248
20400,0.13667143881320953
20401,0.15644903481006622
20402,0.1012047827243805
20403,0.015577182173728943
20404,0.04560031369328499
20405,0.5791401863098145
20406,0.015062099322676659
20407,0.4858245551586151
20408,0.8307061195373535
20409,0.011294206604361534
20410,0.351138710975647
20411,0.38649868965148926
20412,0.34903791546821594
20413,0.3127264976501465
20414,0.3542267382144928
20415,0.8182575106620789
20416,0.14471054077148438
20417,0.020463736727833748
20418,0.113552026450634
20419,0.4165973663330078
20420,0.07193095237016678
20421,0.5868921279907227
20422,0.7270169854164124
20423,0.033676326274871826
20424,0.015316944569349289
20425,0.4372236430644989
20426,0.01955784671008587
20427,0.6639043092727661
20428,0.038011059165000916
20429,0.5367527604103088
20430,0.02430836483836174
20431,0.10439575463533401
20432,0.18990561366081238
20433,0.11430947482585907
20434,0.2141926884651184
20435,0.04395204782485962
20436,0.381763756275177
20437,0.17416387796401978
20438,0.20422495901584625
20439,0.15334877371788025
20440,0.2943669855594635
20441,0.028452081605792046
20442,0.016830556094646454
20443,0.03644242137670517
20444,0.83998703956604
20445,0.786689817905426
20446,0.4851130545139313
20447,0.0420554056763649
20448,0.3252444863319397
20449,0.176822692155838
20450,0.1208658292889595
20451,0.11636277288198471
20452,0.2646889090538025
20453,0.0733211562037468
20454,0.04146100953221321
20455,0.015060040168464184
20456,0.5015486478805542
20457,0.09158795326948166
20458,0.5824487209320068
20459,0.5168342590332031
20460,0.01995714008808136
20461,0.20598962903022766
20462,0.6903300285339355
20463,0.015444211661815643
20464,0.11158332973718643
20465,0.02985343523323536
20466,0.012903936207294464
20467,0.6836345791816711
20468,0.42677822709083557
20469,0.26270923018455505
20470,0.05337176099419594
20471,0.2101166695356369
20472,0.8204653859138489
20473,0.025125369429588318
20474,0.8290141820907593
20475,0.32256069779396057
20476,0.14628197252750397
20477,0.3781818151473999
20478,0.029646310955286026
20479,0.22486071288585663
20480,0.7742292881011963
20481,0.13098226487636566
20482,0.0989578515291214
20483,0.31231364607810974
20484,0.033380236476659775
20485,0.18176130950450897
20486,0.017900755628943443
20487,0.44672903418540955
20488,0.04058512672781944
20489,0.08111671358346939
20490,0.014191959984600544
20491,0.5277343988418579
20492,0.8436400890350342
20493,0.03282590210437775
20494,0.10328949242830276
20495,0.43403637409210205
20496,0.9514583945274353
20497,0.21589551866054535
20498,0.6750519871711731
20499,0.32936787605285645
20500,0.02518269792199135
20501,0.698851466178894
20502,0.16056400537490845
20503,0.35572561621665955
20504,0.9522920250892639
20505,0.1884983330965042
20506,0.027177488431334496
20507,0.3256862163543701
20508,0.5359908938407898
20509,0.4583764970302582
20510,0.024349676445126534
20511,0.15950122475624084
20512,0.5726014375686646
20513,0.10130185633897781
20514,0.4613359570503235
20515,0.10362425446510315
20516,0.029229987412691116
20517,0.019386211410164833
20518,0.22117064893245697
20519,0.6545163989067078
20520,0.5141695141792297
20521,0.28354355692863464
20522,0.13796046376228333
20523,0.37031611800193787
20524,0.0550922267138958
20525,0.46476393938064575
20526,0.9256124496459961
20527,0.15554295480251312
20528,0.23259620368480682
20529,0.013682340271770954
20530,0.44893378019332886
20531,0.20294424891471863
20532,0.028057677671313286
20533,0.0391060896217823
20534,0.2514796555042267
20535,0.7959954738616943
20536,0.01975955069065094
20537,0.020181600004434586
20538,0.2289324849843979
20539,0.13808326423168182
20540,0.0332157276570797
20541,0.031977199018001556
20542,0.14779086410999298
20543,0.06374071538448334
20544,0.5182287096977234
20545,0.27735981345176697
20546,0.06981068849563599
20547,0.14620687067508698
20548,0.4071963429450989
20549,0.14874982833862305
20550,0.0319523885846138
20551,0.10865762084722519
20552,0.03774520754814148
20553,0.21834762394428253
20554,0.1641482561826706
20555,0.16070041060447693
20556,0.06550304591655731
20557,0.7614498734474182
20558,0.04866248369216919
20559,0.2640778124332428
20560,0.20393334329128265
20561,0.5205261707305908
20562,0.3759959638118744
20563,0.2510204613208771
20564,0.08475680649280548
20565,0.051740556955337524
20566,0.18805554509162903
20567,0.7269935011863708
20568,0.030153922736644745
20569,0.2725348472595215
20570,0.1757097840309143
20571,0.36245378851890564
20572,0.012104490771889687
20573,0.31997010111808777
20574,0.37827637791633606
20575,0.8528979420661926
20576,0.40253597497940063
20577,0.24976091086864471
20578,0.23459619283676147
20579,0.3086661398410797
20580,0.1811559796333313
20581,0.6331403851509094
20582,0.401865154504776
20583,0.7226242423057556
20584,0.014906616881489754
20585,0.5166869759559631
20586,0.18122190237045288
20587,0.5797730684280396
20588,0.04231115058064461
20589,0.951404869556427
20590,0.32275018095970154
20591,0.017538053914904594
20592,0.03485165908932686
20593,0.1597398817539215
20594,0.3511812388896942
20595,0.8151575922966003
20596,0.3755219578742981
20597,0.8562071323394775
20598,0.015392114408314228
20599,0.03041188418865204
20600,0.8144311904907227
20601,0.03208514675498009
20602,0.7642719745635986
20603,0.9571526050567627
20604,0.06585778295993805
20605,0.10020918399095535
20606,0.5891332030296326
20607,0.5340632796287537
20608,0.33360719680786133
20609,0.9251116514205933
20610,0.7622854113578796
20611,0.014090927317738533
20612,0.07916140556335449
20613,0.41582193970680237
20614,0.06270492821931839
20615,0.290505051612854
20616,0.18678291141986847
20617,0.02603088691830635
20618,0.046680886298418045
20619,0.011770236305892467
20620,0.018158776685595512
20621,0.4560723900794983
20622,0.3522244691848755
20623,0.577437698841095
20624,0.09701511263847351
20625,0.05162953957915306
20626,0.7078831195831299
20627,0.028428321704268456
20628,0.6963832378387451
20629,0.6507486701011658
20630,0.017582830041646957
20631,0.3256724178791046
20632,0.9151891469955444
20633,0.20541216433048248
20634,0.01638362556695938
20635,0.12343613058328629
20636,0.815453290939331
20637,0.7301396727561951
20638,0.09223242104053497
20639,0.2662842571735382
20640,0.6255030035972595
20641,0.29458412528038025
20642,0.4737055003643036
20643,0.6712614893913269
20644,0.022230910137295723
20645,0.09894454479217529
20646,0.7345792651176453
20647,0.026140695437788963
20648,0.05607431009411812
20649,0.02475866675376892
20650,0.3640359342098236
20651,0.0615069717168808
20652,0.16407066583633423
20653,0.4298577904701233
20654,0.024607926607131958
20655,0.7559987902641296
20656,0.012562364339828491
20657,0.12226684391498566
20658,0.8058093786239624
20659,0.40510156750679016
20660,0.07592052966356277
20661,0.008690162561833858
20662,0.4856778383255005
20663,0.13556574285030365
20664,0.14123450219631195
20665,0.4558119475841522
20666,0.49345624446868896
20667,0.12173143774271011
20668,0.17427006363868713
20669,0.6006537079811096
20670,0.74427729845047
20671,0.01616850681602955
20672,0.019965320825576782
20673,0.7766065001487732
20674,0.19948971271514893
20675,0.7557652592658997
20676,0.0651293620467186
20677,0.044959522783756256
20678,0.019522774964571
20679,0.0165904238820076
20680,0.6473831534385681
20681,0.144418403506279
20682,0.8181146383285522
20683,0.5818257927894592
20684,0.8576300144195557
20685,0.09479158371686935
20686,0.01904411055147648
20687,0.35949090123176575
20688,0.1168297529220581
20689,0.8978880643844604
20690,0.1367567926645279
20691,0.2470129132270813
20692,0.02689662016928196
20693,0.24105024337768555
20694,0.6230236887931824
20695,0.1858457773923874
20696,0.23499354720115662
20697,0.605741024017334
20698,0.1361866444349289
20699,0.021485568955540657
20700,0.030552158132195473
20701,0.023154715076088905
20702,0.7519897818565369
20703,0.5536630749702454
20704,0.021145088598132133
20705,0.01264858152717352
20706,0.7015511393547058
20707,0.13721078634262085
20708,0.035042654722929
20709,0.4687504470348358
20710,0.7721664905548096
20711,0.4194084107875824
20712,0.1906154900789261
20713,0.04347582906484604
20714,0.07813821732997894
20715,0.6752094626426697
20716,0.03718436881899834
20717,0.033260490745306015
20718,0.8758881688117981
20719,0.06050252169370651
20720,0.021871283650398254
20721,0.16832998394966125
20722,0.36701494455337524
20723,0.5220193266868591
20724,0.43623441457748413
20725,0.02614477463066578
20726,0.02887551300227642
20727,0.40542665123939514
20728,0.0286412313580513
20729,0.336477130651474
20730,0.2353867143392563
20731,0.3916262984275818
20732,0.7503508925437927
20733,0.7624756693840027
20734,0.15999113023281097
20735,0.1258830726146698
20736,0.37084364891052246
20737,0.6451056003570557
20738,0.30245450139045715
20739,0.05078597366809845
20740,0.3429543972015381
20741,0.3928038775920868
20742,0.1942228078842163
20743,0.6114956140518188
20744,0.32367387413978577
20745,0.4499620199203491
20746,0.7373604774475098
20747,0.7980157136917114
20748,0.49861854314804077
20749,0.01469458732753992
20750,0.0458645224571228
20751,0.223300039768219
20752,0.337218701839447
20753,0.012801029719412327
20754,0.22840170562267303
20755,0.25072503089904785
20756,0.2227672040462494
20757,0.04324668273329735
20758,0.3315272331237793
20759,0.658130407333374
20760,0.7197261452674866
20761,0.8308505415916443
20762,0.022140465676784515
20763,0.45410847663879395
20764,0.17852792143821716
20765,0.5378073453903198
20766,0.03347044810652733
20767,0.09943186491727829
20768,0.021511537954211235
20769,0.5113649964332581
20770,0.01357472874224186
20771,0.11874835193157196
20772,0.03062634915113449
20773,0.4086184501647949
20774,0.026461126282811165
20775,0.0294357780367136
20776,0.9439569115638733
20777,0.8123791217803955
20778,0.6205926537513733
20779,0.052705470472574234
20780,0.11047007888555527
20781,0.051701851189136505
20782,0.4224320352077484
20783,0.20447266101837158
20784,0.4217675030231476
20785,0.09899808466434479
20786,0.01739390380680561
20787,0.3407686650753021
20788,0.46072226762771606
20789,0.6668485403060913
20790,0.20129452645778656
20791,0.044714342802762985
20792,0.04534977301955223
20793,0.9132983684539795
20794,0.02406681515276432
20795,0.2210717499256134
20796,0.0883842185139656
20797,0.1051759347319603
20798,0.3271901309490204
20799,0.4606998562812805
20800,0.3555022180080414
20801,0.24751155078411102
20802,0.19182994961738586
20803,0.49973562359809875
20804,0.3683800995349884
20805,0.41056349873542786
20806,0.3960876166820526
20807,0.12001383304595947
20808,0.02562134712934494
20809,0.03854268416762352
20810,0.022364391013979912
20811,0.010556623339653015
20812,0.07103320956230164
20813,0.09891857206821442
20814,0.45302334427833557
20815,0.23125901818275452
20816,0.11600515991449356
20817,0.41501522064208984
20818,0.26389777660369873
20819,0.046444155275821686
20820,0.8569981455802917
20821,0.28590279817581177
20822,0.15047506988048553
20823,0.09329070150852203
20824,0.6733760237693787
20825,0.4879833161830902
20826,0.8395799994468689
20827,0.012856284156441689
20828,0.26283738017082214
20829,0.40335655212402344
20830,0.8095558285713196
20831,0.9288501143455505
20832,0.013356204144656658
20833,0.055935174226760864
20834,0.8234825730323792
20835,0.5422766208648682
20836,0.533985435962677
20837,0.20287549495697021
20838,0.09258528798818588
20839,0.030758371576666832
20840,0.11197926849126816
20841,0.6396366357803345
20842,0.717531144618988
20843,0.6578206419944763
20844,0.29766225814819336
20845,0.5161176919937134
20846,0.6163332462310791
20847,0.4198157787322998
20848,0.2734958231449127
20849,0.1226491928100586
20850,0.04810459911823273
20851,0.4443461298942566
20852,0.04694781452417374
20853,0.2552623748779297
20854,0.08258957415819168
20855,0.3767106235027313
20856,0.17328782379627228
20857,0.3267761468887329
20858,0.33474403619766235
20859,0.01993621699512005
20860,0.06390593200922012
20861,0.1389256715774536
20862,0.4931267201900482
20863,0.017968278378248215
20864,0.015896989032626152
20865,0.5207587480545044
20866,0.08145888894796371
20867,0.25510174036026
20868,0.7515855431556702
20869,0.7276157736778259
20870,0.013283190317451954
20871,0.07155993580818176
20872,0.029985008761286736
20873,0.020436197519302368
20874,0.030084749683737755
20875,0.15503090620040894
20876,0.09966306388378143
20877,0.6444125175476074
20878,0.04058358818292618
20879,0.34637027978897095
20880,0.1964675933122635
20881,0.23300182819366455
20882,0.27756139636039734
20883,0.028148669749498367
20884,0.15315639972686768
20885,0.018072232604026794
20886,0.16240544617176056
20887,0.5984109044075012
20888,0.43480944633483887
20889,0.2145186811685562
20890,0.03751906380057335
20891,0.503827691078186
20892,0.170755997300148
20893,0.21226410567760468
20894,0.02033379301428795
20895,0.6539825201034546
20896,0.46399396657943726
20897,0.4840224087238312
20898,0.48282530903816223
20899,0.5253255367279053
20900,0.704974353313446
20901,0.03584069013595581
20902,0.7964258193969727
20903,0.01879417896270752
20904,0.3565850555896759
20905,0.7655543088912964
20906,0.025415735319256783
20907,0.06605494022369385
20908,0.568362832069397
20909,0.4841581881046295
20910,0.016545090824365616
20911,0.06904374808073044
20912,0.8008995056152344
20913,0.3017987906932831
20914,0.023096535354852676
20915,0.2889905571937561
20916,0.02603732980787754
20917,0.20442324876785278
20918,0.03968740627169609
20919,0.15126925706863403
20920,0.588947594165802
20921,0.022111618891358376
20922,0.43682757019996643
20923,0.030818918719887733
20924,0.09001869708299637
20925,0.010876525193452835
20926,0.010796666145324707
20927,0.16012315452098846
20928,0.46090665459632874
20929,0.13856646418571472
20930,0.0218802560120821
20931,0.1351167857646942
20932,0.0922289714217186
20933,0.722170352935791
20934,0.26211079955101013
20935,0.01813974790275097
20936,0.05326452478766441
20937,0.01369648426771164
20938,0.33417147397994995
20939,0.37393254041671753
20940,0.394614040851593
20941,0.10728708654642105
20942,0.06697942316532135
20943,0.23137390613555908
20944,0.05900996923446655
20945,0.020954739302396774
20946,0.3302720785140991
20947,0.2600218653678894
20948,0.1246928870677948
20949,0.044336479157209396
20950,0.26215872168540955
20951,0.4181461036205292
20952,0.02436762861907482
20953,0.17512734234333038
20954,0.1970963180065155
20955,0.1797853410243988
20956,0.1062924861907959
20957,0.4836036264896393
20958,0.7251282334327698
20959,0.1351383775472641
20960,0.4620920419692993
20961,0.7943784594535828
20962,0.10610401630401611
20963,0.5324898958206177
20964,0.18169496953487396
20965,0.24110914766788483
20966,0.1653738170862198
20967,0.21959716081619263
20968,0.013039727695286274
20969,0.08891571313142776
20970,0.10520537942647934
20971,0.23176929354667664
20972,0.04343365132808685
20973,0.5145115256309509
20974,0.3818219304084778
20975,0.15821470320224762
20976,0.5638425946235657
20977,0.24634908139705658
20978,0.6876035928726196
20979,0.37562188506126404
20980,0.4185405373573303
20981,0.11242992430925369
20982,0.46958592534065247
20983,0.01850254088640213
20984,0.17469236254692078
20985,0.04702385142445564
20986,0.018885836005210876
20987,0.015168228186666965
20988,0.01278168335556984
20989,0.015795454382896423
20990,0.7332651019096375
20991,0.12853756546974182
20992,0.020426319912075996
20993,0.019411245360970497
20994,0.07702423632144928
20995,0.8098748922348022
20996,0.32741397619247437
20997,0.6790044903755188
20998,0.34167516231536865
20999,0.24539613723754883
21000,0.8462811708450317
21001,0.12471947818994522
21002,0.5282217860221863
21003,0.3174975514411926
21004,0.07009550929069519
21005,0.438066691160202
21006,0.35559937357902527
21007,0.07026035338640213
21008,0.011966615915298462
21009,0.6160426139831543
21010,0.10549593716859818
21011,0.7950586080551147
21012,0.39914071559906006
21013,0.9359670281410217
21014,0.14269812405109406
21015,0.8298258781433105
21016,0.7862497568130493
21017,0.3409649431705475
21018,0.7830637693405151
21019,0.10372902452945709
21020,0.036440152674913406
21021,0.21165449917316437
21022,0.23244260251522064
21023,0.33906129002571106
21024,0.023238223046064377
21025,0.25284430384635925
21026,0.462695837020874
21027,0.014475601725280285
21028,0.41693711280822754
21029,0.029654230922460556
21030,0.7988936901092529
21031,0.4329479932785034
21032,0.546562135219574
21033,0.9295880198478699
21034,0.6149060726165771
21035,0.02597874589264393
21036,0.014213095419108868
21037,0.3390209674835205
21038,0.099335215985775
21039,0.2287440448999405
21040,0.44416290521621704
21041,0.2716922461986542
21042,0.7952194809913635
21043,0.4468434453010559
21044,0.04882122948765755
21045,0.03661930188536644
21046,0.18577641248703003
21047,0.4094383120536804
21048,0.5135514736175537
21049,0.6637008786201477
21050,0.4508264362812042
21051,0.3441983461380005
21052,0.5171477794647217
21053,0.22688031196594238
21054,0.1949699968099594
21055,0.5282472372055054
21056,0.026408178731799126
21057,0.023854335770010948
21058,0.7842808961868286
21059,0.1254952847957611
21060,0.41669222712516785
21061,0.0439024344086647
21062,0.3337610065937042
21063,0.4695174992084503
21064,0.15352225303649902
21065,0.06820136308670044
21066,0.1543666571378708
21067,0.5442953705787659
21068,0.26917263865470886
21069,0.17464199662208557
21070,0.9272996783256531
21071,0.29790329933166504
21072,0.5937649607658386
21073,0.1694922298192978
21074,0.030776571482419968
21075,0.06687689572572708
21076,0.04874129965901375
21077,0.06842414289712906
21078,0.6244843006134033
21079,0.41908401250839233
21080,0.759903073310852
21081,0.03151410445570946
21082,0.1080654114484787
21083,0.09185229986906052
21084,0.1277800053358078
21085,0.5276380777359009
21086,0.3914894163608551
21087,0.05001715198159218
21088,0.02404029667377472
21089,0.6231442093849182
21090,0.013797069899737835
21091,0.02566101774573326
21092,0.041623733937740326
21093,0.6883594393730164
21094,0.08079005777835846
21095,0.01610398478806019
21096,0.13013678789138794
21097,0.2883787453174591
21098,0.367046594619751
21099,0.23673221468925476
21100,0.028957277536392212
21101,0.752875804901123
21102,0.2421545684337616
21103,0.12867926061153412
21104,0.06362326443195343
21105,0.8079414963722229
21106,0.013935960829257965
21107,0.46627509593963623
21108,0.2989385724067688
21109,0.0710330531001091
21110,0.3450392186641693
21111,0.017746029421687126
21112,0.4820955991744995
21113,0.0234996285289526
21114,0.46072670817375183
21115,0.05721881613135338
21116,0.7113450765609741
21117,0.9082303643226624
21118,0.3272327482700348
21119,0.6477473378181458
21120,0.017407942563295364
21121,0.012421965599060059
21122,0.028599221259355545
21123,0.5208992958068848
21124,0.29374465346336365
21125,0.7840286493301392
21126,0.7666692137718201
21127,0.29698702692985535
21128,0.57155442237854
21129,0.04442884027957916
21130,0.3795408010482788
21131,0.4469265639781952
21132,0.16704106330871582
21133,0.39129796624183655
21134,0.2372717559337616
21135,0.6851106882095337
21136,0.6501045227050781
21137,0.04985039681196213
21138,0.7848068475723267
21139,0.01381840743124485
21140,0.016601046547293663
21141,0.2904631793498993
21142,0.7027740478515625
21143,0.4920966327190399
21144,0.45525872707366943
21145,0.6963685154914856
21146,0.5702292919158936
21147,0.0215639378875494
21148,0.9359329342842102
21149,0.28122660517692566
21150,0.6627278923988342
21151,0.1998014897108078
21152,0.1465572565793991
21153,0.2959924638271332
21154,0.18297067284584045
21155,0.015840185806155205
21156,0.24839672446250916
21157,0.07119392603635788
21158,0.06266767531633377
21159,0.017631929367780685
21160,0.2525450885295868
21161,0.024751443415880203
21162,0.09713353961706161
21163,0.36161378026008606
21164,0.0453743152320385
21165,0.25064218044281006
21166,0.5150206685066223
21167,0.04488380625844002
21168,0.40333372354507446
21169,0.02659795805811882
21170,0.15775303542613983
21171,0.8598230481147766
21172,0.033806174993515015
21173,0.032652370631694794
21174,0.022206835448741913
21175,0.2894853353500366
21176,0.27108901739120483
21177,0.372655987739563
21178,0.03416968509554863
21179,0.25609973073005676
21180,0.9294005632400513
21181,0.3393351137638092
21182,0.8252362608909607
21183,0.15730103850364685
21184,0.018429026007652283
21185,0.3029443323612213
21186,0.2604529857635498
21187,0.2786003351211548
21188,0.02246510423719883
21189,0.09487725794315338
21190,0.07570470124483109
21191,0.4356822073459625
21192,0.29575973749160767
21193,0.3962930738925934
21194,0.4864489734172821
21195,0.054893385618925095
21196,0.24515362083911896
21197,0.019199002534151077
21198,0.05169864371418953
21199,0.5329161882400513
21200,0.6528458595275879
21201,0.03547557815909386
21202,0.2566682994365692
21203,0.024126291275024414
21204,0.8063309192657471
21205,0.6945852637290955
21206,0.31409725546836853
21207,0.02879488468170166
21208,0.1157926693558693
21209,0.032507430762052536
21210,0.10415282845497131
21211,0.020884547382593155
21212,0.4943614602088928
21213,0.5958572030067444
21214,0.06369684636592865
21215,0.3294147849082947
21216,0.7545918226242065
21217,0.4676915407180786
21218,0.03846500813961029
21219,0.030318405479192734
21220,0.8467200398445129
21221,0.04038238897919655
21222,0.056339509785175323
21223,0.18476784229278564
21224,0.0880391076207161
21225,0.7845354676246643
21226,0.13069063425064087
21227,0.9469280242919922
21228,0.01254583615809679
21229,0.511829137802124
21230,0.17239108681678772
21231,0.2569020688533783
21232,0.02352205663919449
21233,0.02364434115588665
21234,0.5138114094734192
21235,0.4137277901172638
21236,0.029373157769441605
21237,0.017551623284816742
21238,0.24188537895679474
21239,0.7234906554222107
21240,0.3795801103115082
21241,0.6289010643959045
21242,0.09599695354700089
21243,0.09679538756608963
21244,0.7968571186065674
21245,0.06913594156503677
21246,0.08288577198982239
21247,0.42340588569641113
21248,0.10946722328662872
21249,0.2684529721736908
21250,0.06065897271037102
21251,0.1343051940202713
21252,0.026838714256882668
21253,0.21306955814361572
21254,0.5282303094863892
21255,0.5103200078010559
21256,0.49674344062805176
21257,0.0134372403845191
21258,0.163762629032135
21259,0.8047774434089661
21260,0.037254251539707184
21261,0.012134102173149586
21262,0.16835975646972656
21263,0.6804915070533752
21264,0.0250196922570467
21265,0.08227378129959106
21266,0.8362070918083191
21267,0.13232049345970154
21268,0.4614247977733612
21269,0.27213814854621887
21270,0.5726537704467773
21271,0.012627273797988892
21272,0.07161688059568405
21273,0.16378456354141235
21274,0.7021001577377319
21275,0.05122442543506622
21276,0.5752530694007874
21277,0.7812041640281677
21278,0.020020760595798492
21279,0.027903109788894653
21280,0.03181042894721031
21281,0.01942608132958412
21282,0.7537165880203247
21283,0.18589651584625244
21284,0.015422742813825607
21285,0.1164231225848198
21286,0.14398343861103058
21287,0.5978167057037354
21288,0.09015747159719467
21289,0.12107202410697937
21290,0.6204714775085449
21291,0.6047590374946594
21292,0.2769319713115692
21293,0.03990083932876587
21294,0.11406006664037704
21295,0.3136029839515686
21296,0.2654532194137573
21297,0.2570251226425171
21298,0.23998287320137024
21299,0.3461657464504242
21300,0.9410688877105713
21301,0.03935056924819946
21302,0.14481042325496674
21303,0.08901385962963104
21304,0.35496512055397034
21305,0.019803764298558235
21306,0.6669806838035583
21307,0.35341304540634155
21308,0.2177571952342987
21309,0.1400199979543686
21310,0.13671965897083282
21311,0.34875860810279846
21312,0.6303956508636475
21313,0.5222606658935547
21314,0.021756546571850777
21315,0.0134173184633255
21316,0.5643156170845032
21317,0.3680512607097626
21318,0.33007368445396423
21319,0.34700462222099304
21320,0.013326809741556644
21321,0.016976522281765938
21322,0.8679497838020325
21323,0.23190805315971375
21324,0.4466356039047241
21325,0.3556879758834839
21326,0.029288889840245247
21327,0.7804243564605713
21328,0.16000863909721375
21329,0.5643330812454224
21330,0.09025769680738449
21331,0.3520539104938507
21332,0.49671921133995056
21333,0.41055944561958313
21334,0.09337553381919861
21335,0.11642914265394211
21336,0.42480093240737915
21337,0.21010524034500122
21338,0.31351906061172485
21339,0.02366134710609913
21340,0.016157405450940132
21341,0.01948223076760769
21342,0.1397646814584732
21343,0.12093635648488998
21344,0.0146635165438056
21345,0.012693739496171474
21346,0.03299823775887489
21347,0.11690615862607956
21348,0.3520357012748718
21349,0.051133401691913605
21350,0.7566956877708435
21351,0.062321919947862625
21352,0.1621435582637787
21353,0.17382994294166565
21354,0.5201547741889954
21355,0.24722379446029663
21356,0.788221538066864
21357,0.11427579820156097
21358,0.08516169339418411
21359,0.17914146184921265
21360,0.029257507994771004
21361,0.5563726425170898
21362,0.8456836342811584
21363,0.3009091317653656
21364,0.36177748441696167
21365,0.2413138449192047
21366,0.788231611251831
21367,0.024265633895993233
21368,0.3147287368774414
21369,0.6296675205230713
21370,0.030454469844698906
21371,0.4442296028137207
21372,0.3823881447315216
21373,0.4702658951282501
21374,0.42584702372550964
21375,0.031971368938684464
21376,0.017313355579972267
21377,0.24309414625167847
21378,0.04963855817914009
21379,0.3941636085510254
21380,0.017869858071208
21381,0.04133502393960953
21382,0.9633128046989441
21383,0.29653891921043396
21384,0.039823319762945175
21385,0.4743732511997223
21386,0.5774995684623718
21387,0.01336468942463398
21388,0.047655683010816574
21389,0.036751847714185715
21390,0.08514507859945297
21391,0.2615492641925812
21392,0.18283036351203918
21393,0.37746044993400574
21394,0.1679222732782364
21395,0.8197291493415833
21396,0.311700701713562
21397,0.40908393263816833
21398,0.27154865860939026
21399,0.03560734540224075
21400,0.04550052434206009
21401,0.548979640007019
21402,0.7899337410926819
21403,0.6209179759025574
21404,0.2524465322494507
21405,0.4064847230911255
21406,0.03084743209183216
21407,0.26113706827163696
21408,0.4393289387226105
21409,0.6136999130249023
21410,0.11275358498096466
21411,0.7018376588821411
21412,0.20941230654716492
21413,0.6851224899291992
21414,0.532658576965332
21415,0.7772724628448486
21416,0.09933944046497345
21417,0.20585231482982635
21418,0.018607934936881065
21419,0.4444518983364105
21420,0.38593006134033203
21421,0.47133535146713257
21422,0.20647287368774414
21423,0.14059343934059143
21424,0.7981315851211548
21425,0.05437405779957771
21426,0.0896976888179779
21427,0.37193939089775085
21428,0.7534146904945374
21429,0.33818519115448
21430,0.82099449634552
21431,0.5415980219841003
21432,0.5224599242210388
21433,0.34250807762145996
21434,0.27541255950927734
21435,0.04870804771780968
21436,0.0928904265165329
21437,0.8095094561576843
21438,0.04234930872917175
21439,0.23340348899364471
21440,0.32333025336265564
21441,0.07785453647375107
21442,0.14824381470680237
21443,0.4643881916999817
21444,0.7798011302947998
21445,0.6627985835075378
21446,0.29811200499534607
21447,0.3879331648349762
21448,0.3377529978752136
21449,0.027673613280057907
21450,0.1238708421587944
21451,0.3760374188423157
21452,0.017644835636019707
21453,0.2969362735748291
21454,0.6483270525932312
21455,0.2559364140033722
21456,0.6793179512023926
21457,0.2458229809999466
21458,0.5634864568710327
21459,0.7976082563400269
21460,0.02978414297103882
21461,0.710574209690094
21462,0.016096219420433044
21463,0.5286216139793396
21464,0.019160708412528038
21465,0.09874532371759415
21466,0.17453300952911377
21467,0.03481511399149895
21468,0.11018253117799759
21469,0.35718834400177
21470,0.5709709525108337
21471,0.020257094874978065
21472,0.023709949105978012
21473,0.0229021068662405
21474,0.29306021332740784
21475,0.037030093371868134
21476,0.04182892292737961
21477,0.03494426608085632
21478,0.025966310873627663
21479,0.06545592099428177
21480,0.14291353523731232
21481,0.39281004667282104
21482,0.5068355202674866
21483,0.024648113176226616
21484,0.31334370374679565
21485,0.3650611937046051
21486,0.39332178235054016
21487,0.14244228601455688
21488,0.01095515862107277
21489,0.3929923176765442
21490,0.3585723638534546
21491,0.10699081420898438
21492,0.1866646409034729
21493,0.22249536216259003
21494,0.014880932867527008
21495,0.21307578682899475
21496,0.04223542660474777
21497,0.4632520079612732
21498,0.7507779002189636
21499,0.5956060886383057
21500,0.2582457661628723
21501,0.09725236892700195
21502,0.38598397374153137
21503,0.1050264909863472
21504,0.2891775965690613
21505,0.27793750166893005
21506,0.054535966366529465
21507,0.889738917350769
21508,0.25160324573516846
21509,0.04832444712519646
21510,0.0522107258439064
21511,0.05326857417821884
21512,0.2169538140296936
21513,0.1196681335568428
21514,0.016389597207307816
21515,0.4308312237262726
21516,0.32165515422821045
21517,0.437630295753479
21518,0.1350502222776413
21519,0.8645278811454773
21520,0.02833273634314537
21521,0.3239858150482178
21522,0.030321810394525528
21523,0.21379108726978302
21524,0.011518855579197407
21525,0.4195477366447449
21526,0.7486175298690796
21527,0.025524282827973366
21528,0.11717864125967026
21529,0.024651627987623215
21530,0.129308819770813
21531,0.42065685987472534
21532,0.18218004703521729
21533,0.013047228567302227
21534,0.7973107099533081
21535,0.21868573129177094
21536,0.20490941405296326
21537,0.34827524423599243
21538,0.1073327586054802
21539,0.2903798818588257
21540,0.3850346505641937
21541,0.050127629190683365
21542,0.015408318489789963
21543,0.2831219732761383
21544,0.1754322499036789
21545,0.0681777149438858
21546,0.046296101063489914
21547,0.05261880159378052
21548,0.8096677660942078
21549,0.5359923243522644
21550,0.034952543675899506
21551,0.03618307784199715
21552,0.6263722777366638
21553,0.051573608070611954
21554,0.055845048278570175
21555,0.10613083094358444
21556,0.03586261346936226
21557,0.22003714740276337
21558,0.015261342748999596
21559,0.16567231714725494
21560,0.4578896462917328
21561,0.5599074363708496
21562,0.4126235246658325
21563,0.6049500107765198
21564,0.04332943633198738
21565,0.5020804405212402
21566,0.7756742835044861
21567,0.577309250831604
21568,0.7808814644813538
21569,0.11036685109138489
21570,0.5699215531349182
21571,0.2960110008716583
21572,0.6746202111244202
21573,0.4018916189670563
21574,0.07130401581525803
21575,0.7678220272064209
21576,0.6060922145843506
21577,0.4025782346725464
21578,0.22312207520008087
21579,0.3562040328979492
21580,0.014290629886090755
21581,0.7872503995895386
21582,0.22801217436790466
21583,0.01797870732843876
21584,0.370512992143631
21585,0.48982301354408264
21586,0.5286349058151245
21587,0.6920670866966248
21588,0.8495138883590698
21589,0.08721158653497696
21590,0.6243826150894165
21591,0.22461837530136108
21592,0.3083512783050537
21593,0.010877012275159359
21594,0.08777257055044174
21595,0.5132805705070496
21596,0.02090229094028473
21597,0.34266650676727295
21598,0.19947555661201477
21599,0.739133358001709
21600,0.10422632098197937
21601,0.3017907738685608
21602,0.29661890864372253
21603,0.46078792214393616
21604,0.31216174364089966
21605,0.018242010846734047
21606,0.5964105129241943
21607,0.013094487600028515
21608,0.45489808917045593
21609,0.15924564003944397
21610,0.39545708894729614
21611,0.01141037605702877
21612,0.322603702545166
21613,0.49965107440948486
21614,0.01749124936759472
21615,0.6651730537414551
21616,0.5844959616661072
21617,0.8250756859779358
21618,0.30405712127685547
21619,0.7888363599777222
21620,0.1841830462217331
21621,0.027279026806354523
21622,0.32312318682670593
21623,0.017888344824314117
21624,0.03155335783958435
21625,0.45406079292297363
21626,0.5101468563079834
21627,0.28872543573379517
21628,0.20791006088256836
21629,0.42858970165252686
21630,0.07380946725606918
21631,0.2914627194404602
21632,0.5173301100730896
21633,0.4160078167915344
21634,0.4915124773979187
21635,0.4682158827781677
21636,0.35948923230171204
21637,0.030292535200715065
21638,0.48775264620780945
21639,0.31159523129463196
21640,0.08990471810102463
21641,0.3460831940174103
21642,0.3352205455303192
21643,0.02358918823301792
21644,0.06109704077243805
21645,0.9301176071166992
21646,0.024539746344089508
21647,0.04316505417227745
21648,0.030573653057217598
21649,0.5637131333351135
21650,0.1993730366230011
21651,0.5731388330459595
21652,0.2446780800819397
21653,0.3630664646625519
21654,0.3063347339630127
21655,0.02540471777319908
21656,0.5729394555091858
21657,0.4973610043525696
21658,0.23388881981372833
21659,0.023327605798840523
21660,0.10705327242612839
21661,0.0562857910990715
21662,0.01562006026506424
21663,0.7031033635139465
21664,0.21751698851585388
21665,0.3438164293766022
21666,0.486543744802475
21667,0.27519503235816956
21668,0.0540243498980999
21669,0.7687768936157227
21670,0.07814311236143112
21671,0.5165972113609314
21672,0.4330484867095947
21673,0.4944930076599121
21674,0.14817000925540924
21675,0.4546133875846863
21676,0.01801988296210766
21677,0.012599747627973557
21678,0.6912950873374939
21679,0.051985595375299454
21680,0.7902963757514954
21681,0.292745441198349
21682,0.12402036041021347
21683,0.27283942699432373
21684,0.8070424199104309
21685,0.355945885181427
21686,0.7834616303443909
21687,0.7755703330039978
21688,0.03309258446097374
21689,0.3893907964229584
21690,0.2603127062320709
21691,0.01590479537844658
21692,0.2861543595790863
21693,0.9390004277229309
21694,0.8041841387748718
21695,0.049798138439655304
21696,0.20048725605010986
21697,0.031028099358081818
21698,0.25345128774642944
21699,0.1194717139005661
21700,0.014359641820192337
21701,0.22350697219371796
21702,0.019123714417219162
21703,0.2951624393463135
21704,0.11113449931144714
21705,0.0243784561753273
21706,0.8412312269210815
21707,0.07454899698495865
21708,0.5274324417114258
21709,0.01792747527360916
21710,0.4361041486263275
21711,0.2011592537164688
21712,0.17205221951007843
21713,0.11323282122612
21714,0.3865276277065277
21715,0.03765912353992462
21716,0.23036044836044312
21717,0.22095558047294617
21718,0.4241407811641693
21719,0.01972142793238163
21720,0.07850135862827301
21721,0.5579869151115417
21722,0.17829932272434235
21723,0.24150264263153076
21724,0.6695417165756226
21725,0.39521345496177673
21726,0.19153618812561035
21727,0.23279738426208496
21728,0.2432156205177307
21729,0.7394859194755554
21730,0.822834312915802
21731,0.2552710175514221
21732,0.39059510827064514
21733,0.47742220759391785
21734,0.2984311282634735
21735,0.21265912055969238
21736,0.30657169222831726
21737,0.3321336805820465
21738,0.0447605699300766
21739,0.033384185284376144
21740,0.1543818563222885
21741,0.0364641509950161
21742,0.6955397129058838
21743,0.0206559170037508
21744,0.016697116196155548
21745,0.1920262724161148
21746,0.0841253325343132
21747,0.13130274415016174
21748,0.015102764591574669
21749,0.030917972326278687
21750,0.32872942090034485
21751,0.057327285408973694
21752,0.07740120589733124
21753,0.44454488158226013
21754,0.16355544328689575
21755,0.3755880892276764
21756,0.028644662350416183
21757,0.021107904613018036
21758,0.09950251132249832
21759,0.12201301753520966
21760,0.4553837776184082
21761,0.022989854216575623
21762,0.5878060460090637
21763,0.013555140234529972
21764,0.7741529941558838
21765,0.17243313789367676
21766,0.3514617085456848
21767,0.49858713150024414
21768,0.426401823759079
21769,0.9369990825653076
21770,0.1526825726032257
21771,0.16135315597057343
21772,0.01572399027645588
21773,0.1616615653038025
21774,0.03571717441082001
21775,0.2111620455980301
21776,0.4480349123477936
21777,0.012943821959197521
21778,0.054867565631866455
21779,0.030530083924531937
21780,0.040631357580423355
21781,0.031354133039712906
21782,0.20055627822875977
21783,0.08793435990810394
21784,0.021080264821648598
21785,0.41180306673049927
21786,0.49925580620765686
21787,0.3273461163043976
21788,0.012633826583623886
21789,0.3430553078651428
21790,0.49935734272003174
21791,0.5683238506317139
21792,0.24724839627742767
21793,0.1261611133813858
21794,0.055655427277088165
21795,0.4011921286582947
21796,0.31909430027008057
21797,0.1295110285282135
21798,0.31901001930236816
21799,0.0229622982442379
21800,0.023428333923220634
21801,0.030792417004704475
21802,0.09872942417860031
21803,0.012281128205358982
21804,0.7388466596603394
21805,0.3352895975112915
21806,0.12160135060548782
21807,0.10816289484500885
21808,0.7597390413284302
21809,0.7450780272483826
21810,0.1376006007194519
21811,0.023368097841739655
21812,0.43348538875579834
21813,0.0981697365641594
21814,0.3919447958469391
21815,0.16911806166172028
21816,0.34464606642723083
21817,0.39961349964141846
21818,0.030726060271263123
21819,0.503331184387207
21820,0.03739091008901596
21821,0.19811907410621643
21822,0.2176850587129593
21823,0.28864145278930664
21824,0.29419249296188354
21825,0.01579064317047596
21826,0.034238625317811966
21827,0.037568166851997375
21828,0.7412850856781006
21829,0.022225091233849525
21830,0.06513240933418274
21831,0.632358729839325
21832,0.781179666519165
21833,0.019957847893238068
21834,0.08623844385147095
21835,0.4595180153846741
21836,0.8120200634002686
21837,0.28514179587364197
21838,0.3966641128063202
21839,0.738641083240509
21840,0.1677241176366806
21841,0.012414030730724335
21842,0.3933434784412384
21843,0.969620406627655
21844,0.3241068124771118
21845,0.10338826477527618
21846,0.03970825672149658
21847,0.4847460389137268
21848,0.5993984937667847
21849,0.4090504050254822
21850,0.23476147651672363
21851,0.04036576300859451
21852,0.11330481618642807
21853,0.8197582960128784
21854,0.27180030941963196
21855,0.314097136259079
21856,0.02547096461057663
21857,0.811974048614502
21858,0.04154958203434944
21859,0.35668453574180603
21860,0.37999168038368225
21861,0.2634805142879486
21862,0.23307961225509644
21863,0.019031113013625145
21864,0.7697789669036865
21865,0.06742485612630844
21866,0.1127278283238411
21867,0.015500817447900772
21868,0.05884880945086479
21869,0.0716259777545929
21870,0.5973531603813171
21871,0.06400749087333679
21872,0.6563995480537415
21873,0.012231264263391495
21874,0.39744681119918823
21875,0.7323987483978271
21876,0.2126205712556839
21877,0.5296503901481628
21878,0.4270079433917999
21879,0.284652978181839
21880,0.761389434337616
21881,0.5453092455863953
21882,0.03354410454630852
21883,0.2423253357410431
21884,0.6983584761619568
21885,0.014006905257701874
21886,0.2761929929256439
21887,0.03596377745270729
21888,0.9752687215805054
21889,0.3050643503665924
21890,0.01515666488558054
21891,0.8449682593345642
21892,0.14550194144248962
21893,0.022858580574393272
21894,0.4165249168872833
21895,0.37979546189308167
21896,0.2234315276145935
21897,0.03236802667379379
21898,0.08166558295488358
21899,0.04246334731578827
21900,0.43893009424209595
21901,0.33810487389564514
21902,0.19701892137527466
21903,0.12979386746883392
21904,0.0616229884326458
21905,0.0387924388051033
21906,0.3819708824157715
21907,0.15543396770954132
21908,0.03510863706469536
21909,0.10362489521503448
21910,0.3299004137516022
21911,0.030841384083032608
21912,0.02779369056224823
21913,0.017355801537632942
21914,0.7502004504203796
21915,0.023720115423202515
21916,0.2586755156517029
21917,0.835354745388031
21918,0.020150694996118546
21919,0.12473022937774658
21920,0.6098389625549316
21921,0.5920921564102173
21922,0.1634380966424942
21923,0.08089995384216309
21924,0.36175933480262756
21925,0.38139480352401733
21926,0.9459571242332458
21927,0.33295193314552307
21928,0.11955461651086807
21929,0.08912455290555954
21930,0.10039422661066055
21931,0.3898411691188812
21932,0.03733832389116287
21933,0.40301045775413513
21934,0.9447339177131653
21935,0.10977058857679367
21936,0.46611618995666504
21937,0.22579020261764526
21938,0.013771673664450645
21939,0.5614796280860901
21940,0.020460592582821846
21941,0.11068236082792282
21942,0.8367951512336731
21943,0.8233544230461121
21944,0.7374007701873779
21945,0.20934265851974487
21946,0.033457931131124496
21947,0.284750759601593
21948,0.8147255182266235
21949,0.8627362251281738
21950,0.02227330580353737
21951,0.7895011305809021
21952,0.03244847059249878
21953,0.5472741723060608
21954,0.019337909296154976
21955,0.29396113753318787
21956,0.48475244641304016
21957,0.020046547055244446
21958,0.09100694209337234
21959,0.3732515573501587
21960,0.5728757381439209
21961,0.5901060104370117
21962,0.4754010736942291
21963,0.020184975117444992
21964,0.6930267214775085
21965,0.07565275579690933
21966,0.02833126299083233
21967,0.6571807861328125
21968,0.11121780425310135
21969,0.7274056077003479
21970,0.9402616024017334
21971,0.02521151676774025
21972,0.18404030799865723
21973,0.02030634880065918
21974,0.12910233438014984
21975,0.37083420157432556
21976,0.6917329430580139
21977,0.09394180774688721
21978,0.2310543656349182
21979,0.07857506722211838
21980,0.740336000919342
21981,0.011148233897984028
21982,0.03088190406560898
21983,0.21486490964889526
21984,0.22497744858264923
21985,0.14090146124362946
21986,0.36751589179039
21987,0.09695293009281158
21988,0.6952086091041565
21989,0.36277496814727783
21990,0.03749881684780121
21991,0.1022806316614151
21992,0.1793656051158905
21993,0.06532260775566101
21994,0.03125855699181557
21995,0.1348811686038971
21996,0.037709902971982956
21997,0.026694728061556816
21998,0.37242060899734497
21999,0.08031976968050003
22000,0.2982224225997925
22001,0.49749916791915894
22002,0.8149600625038147
22003,0.7240459322929382
22004,0.23261380195617676
22005,0.06813698261976242
22006,0.12958109378814697
22007,0.14043046534061432
22008,0.035743724554777145
22009,0.058673758059740067
22010,0.3956305682659149
22011,0.01837046444416046
22012,0.7979186177253723
22013,0.1468486487865448
22014,0.5986135601997375
22015,0.36511698365211487
22016,0.5887227654457092
22017,0.01742081716656685
22018,0.0178622268140316
22019,0.013726876117289066
22020,0.30925452709198
22021,0.04679489508271217
22022,0.41152456402778625
22023,0.6936447024345398
22024,0.063560850918293
22025,0.11395646631717682
22026,0.5463483333587646
22027,0.3449746072292328
22028,0.01245546992868185
22029,0.027592793107032776
22030,0.39843571186065674
22031,0.6739228963851929
22032,0.02955549769103527
22033,0.026659781113266945
22034,0.1864999681711197
22035,0.6392093300819397
22036,0.047419045120477676
22037,0.037411950528621674
22038,0.7745189666748047
22039,0.4833334684371948
22040,0.037755902856588364
22041,0.5756000280380249
22042,0.24020785093307495
22043,0.41244611144065857
22044,0.04052178934216499
22045,0.7661827802658081
22046,0.029629625380039215
22047,0.016666140407323837
22048,0.09363247454166412
22049,0.2504475712776184
22050,0.02107410505414009
22051,0.03041309118270874
22052,0.4042011499404907
22053,0.1391465961933136
22054,0.6988282799720764
22055,0.3877163231372833
22056,0.3025611639022827
22057,0.16035307943820953
22058,0.5932535529136658
22059,0.798237681388855
22060,0.3510380685329437
22061,0.3664403557777405
22062,0.3841260075569153
22063,0.03762974962592125
22064,0.1842574030160904
22065,0.7734759449958801
22066,0.017805850133299828
22067,0.7838149666786194
22068,0.39956796169281006
22069,0.012982924468815327
22070,0.570376455783844
22071,0.2900354266166687
22072,0.7635786533355713
22073,0.14094361662864685
22074,0.4769943058490753
22075,0.04752299189567566
22076,0.14015059173107147
22077,0.5512633323669434
22078,0.4286104738712311
22079,0.02223852276802063
22080,0.01742936484515667
22081,0.020603040233254433
22082,0.06593974679708481
22083,0.03805673122406006
22084,0.04259100928902626
22085,0.43887951970100403
22086,0.37596842646598816
22087,0.6693047285079956
22088,0.05767792835831642
22089,0.5702705383300781
22090,0.12319141626358032
22091,0.022197021171450615
22092,0.3031717538833618
22093,0.07196180522441864
22094,0.07142694294452667
22095,0.01136864721775055
22096,0.10029138624668121
22097,0.4044397175312042
22098,0.055540647357702255
22099,0.027556216344237328
22100,0.6566343307495117
22101,0.3338560163974762
22102,0.739560067653656
22103,0.015467219054698944
22104,0.5379704236984253
22105,0.38105282187461853
22106,0.2710556387901306
22107,0.08199314028024673
22108,0.3254026472568512
22109,0.053273238241672516
22110,0.7133455276489258
22111,0.7656790614128113
22112,0.28988584876060486
22113,0.3387047350406647
22114,0.01231225673109293
22115,0.020052066072821617
22116,0.13495372235774994
22117,0.023105734959244728
22118,0.5150417685508728
22119,0.12522906064987183
22120,0.3099660277366638
22121,0.4599190056324005
22122,0.21144413948059082
22123,0.08846250921487808
22124,0.8905034065246582
22125,0.14227867126464844
22126,0.03960714116692543
22127,0.07371498644351959
22128,0.8528286218643188
22129,0.8389787673950195
22130,0.6066663265228271
22131,0.025254223495721817
22132,0.2089332938194275
22133,0.7690562009811401
22134,0.7160161733627319
22135,0.4123370051383972
22136,0.22874340415000916
22137,0.018412593752145767
22138,0.2756951153278351
22139,0.10121027380228043
22140,0.1454716920852661
22141,0.3639478087425232
22142,0.5709896087646484
22143,0.29076316952705383
22144,0.12642130255699158
22145,0.7630829811096191
22146,0.644288182258606
22147,0.4438449442386627
22148,0.38677912950515747
22149,0.02785705029964447
22150,0.7380271553993225
22151,0.5099197030067444
22152,0.4720441997051239
22153,0.8887186050415039
22154,0.01951248198747635
22155,0.5458362102508545
22156,0.2641807794570923
22157,0.025930702686309814
22158,0.42613914608955383
22159,0.6626409888267517
22160,0.3886643946170807
22161,0.3833262026309967
22162,0.030385101214051247
22163,0.9724364280700684
22164,0.02313021942973137
22165,0.1819240152835846
22166,0.5376602411270142
22167,0.3917602300643921
22168,0.21095316112041473
22169,0.030382957309484482
22170,0.36077645421028137
22171,0.32810935378074646
22172,0.018861258402466774
22173,0.4938046932220459
22174,0.2115085870027542
22175,0.8920649886131287
22176,0.7701086401939392
22177,0.22698095440864563
22178,0.4163123369216919
22179,0.12099027633666992
22180,0.4970773756504059
22181,0.1301979273557663
22182,0.026846803724765778
22183,0.4828718304634094
22184,0.8106836080551147
22185,0.4605514109134674
22186,0.11759383231401443
22187,0.13916119933128357
22188,0.41031455993652344
22189,0.01802704483270645
22190,0.34872713685035706
22191,0.12818485498428345
22192,0.013157213106751442
22193,0.7393284440040588
22194,0.05152725800871849
22195,0.6247575879096985
22196,0.3942814767360687
22197,0.09962017089128494
22198,0.33037665486335754
22199,0.532789409160614
22200,0.29871848225593567
22201,0.49348700046539307
22202,0.33669087290763855
22203,0.20408995449543
22204,0.07885149121284485
22205,0.7361491918563843
22206,0.031117891892790794
22207,0.3218328654766083
22208,0.6901935338973999
22209,0.3674410879611969
22210,0.24345366656780243
22211,0.7459134459495544
22212,0.17412017285823822
22213,0.12085230648517609
22214,0.2888317406177521
22215,0.2816521227359772
22216,0.7823923230171204
22217,0.38054507970809937
22218,0.09410450607538223
22219,0.7204503417015076
22220,0.3961378037929535
22221,0.45897114276885986
22222,0.5195936560630798
22223,0.6817214488983154
22224,0.057704173028469086
22225,0.2632296681404114
22226,0.02097455970942974
22227,0.8554877042770386
22228,0.128317728638649
22229,0.6619504690170288
22230,0.03622503578662872
22231,0.18847502768039703
22232,0.04373405501246452
22233,0.03911453112959862
22234,0.015914887189865112
22235,0.13561855256557465
22236,0.1613508015871048
22237,0.16147534549236298
22238,0.3083754777908325
22239,0.15711230039596558
22240,0.4173842668533325
22241,0.35445982217788696
22242,0.014353563077747822
22243,0.014368337579071522
22244,0.8256266713142395
22245,0.2988528311252594
22246,0.02269728109240532
22247,0.03106645867228508
22248,0.2039892077445984
22249,0.802866518497467
22250,0.6019769906997681
22251,0.11880620568990707
22252,0.16917270421981812
22253,0.4684244990348816
22254,0.02264513075351715
22255,0.37892213463783264
22256,0.4879825711250305
22257,0.234568789601326
22258,0.018124543130397797
22259,0.049363698810338974
22260,0.4125441312789917
22261,0.07235169410705566
22262,0.11530515551567078
22263,0.02103177271783352
22264,0.36217188835144043
22265,0.13962189853191376
22266,0.07643362879753113
22267,0.9697055816650391
22268,0.1878366768360138
22269,0.48321080207824707
22270,0.4217158555984497
22271,0.4717874825000763
22272,0.5674915313720703
22273,0.5889472961425781
22274,0.18267713487148285
22275,0.014598306268453598
22276,0.04443463310599327
22277,0.9113787412643433
22278,0.45593324303627014
22279,0.8012223243713379
22280,0.0866558775305748
22281,0.7602910995483398
22282,0.295764684677124
22283,0.13235552608966827
22284,0.09496496617794037
22285,0.17812702059745789
22286,0.01600699871778488
22287,0.07233753055334091
22288,0.44967731833457947
22289,0.06136738881468773
22290,0.1947607696056366
22291,0.4454539120197296
22292,0.027069615200161934
22293,0.10308212041854858
22294,0.7805773019790649
22295,0.020985929295420647
22296,0.39266127347946167
22297,0.034524500370025635
22298,0.30242979526519775
22299,0.3929721415042877
22300,0.027878079563379288
22301,0.03143855184316635
22302,0.07701095193624496
22303,0.6475830078125
22304,0.02618112415075302
22305,0.5896586775779724
22306,0.1104528084397316
22307,0.3776906132698059
22308,0.06575839221477509
22309,0.10819745808839798
22310,0.514999508857727
22311,0.5886500477790833
22312,0.36609452962875366
22313,0.8174247145652771
22314,0.5074756741523743
22315,0.41816678643226624
22316,0.3913397490978241
22317,0.038627058267593384
22318,0.6129555702209473
22319,0.01955653913319111
22320,0.16522222757339478
22321,0.166525200009346
22322,0.025530919432640076
22323,0.36349329352378845
22324,0.07748917490243912
22325,0.4005492031574249
22326,0.024632178246974945
22327,0.020438188686966896
22328,0.02486620657145977
22329,0.21317291259765625
22330,0.494870126247406
22331,0.21699532866477966
22332,0.034137871116399765
22333,0.0673571303486824
22334,0.35667893290519714
22335,0.39175888895988464
22336,0.41199082136154175
22337,0.8361128568649292
22338,0.7704706192016602
22339,0.02636670507490635
22340,0.013916990719735622
22341,0.9642702341079712
22342,0.23945815861225128
22343,0.32290947437286377
22344,0.37547996640205383
22345,0.0986597016453743
22346,0.15872012078762054
22347,0.17308151721954346
22348,0.3576631247997284
22349,0.04694828391075134
22350,0.5928787589073181
22351,0.7429257035255432
22352,0.021961122751235962
22353,0.29603108763694763
22354,0.3922080397605896
22355,0.6254889965057373
22356,0.02491983026266098
22357,0.03932361304759979
22358,0.6829596757888794
22359,0.24392040073871613
22360,0.6359430551528931
22361,0.7037345767021179
22362,0.019423026591539383
22363,0.56419438123703
22364,0.876247227191925
22365,0.030664263293147087
22366,0.7402126789093018
22367,0.47198614478111267
22368,0.1610926240682602
22369,0.19705379009246826
22370,0.019386859610676765
22371,0.3367566764354706
22372,0.10189977288246155
22373,0.047983214259147644
22374,0.7177495956420898
22375,0.1519770324230194
22376,0.05929865688085556
22377,0.20349745452404022
22378,0.42143890261650085
22379,0.03790143132209778
22380,0.27579259872436523
22381,0.07459760457277298
22382,0.021322140470147133
22383,0.017488602548837662
22384,0.3216404318809509
22385,0.21844163537025452
22386,0.634803056716919
22387,0.40461447834968567
22388,0.3602200746536255
22389,0.030958030372858047
22390,0.709105908870697
22391,0.19669124484062195
22392,0.11874751001596451
22393,0.3847265839576721
22394,0.040035296231508255
22395,0.04587699845433235
22396,0.10033368319272995
22397,0.7813961505889893
22398,0.14409610629081726
22399,0.07664758712053299
22400,0.013619829900562763
22401,0.7806306481361389
22402,0.25610727071762085
22403,0.6725625991821289
22404,0.17453229427337646
22405,0.12293639034032822
22406,0.3340105712413788
22407,0.6776953339576721
22408,0.020684150978922844
22409,0.6591213941574097
22410,0.5419988036155701
22411,0.2981056571006775
22412,0.09077195823192596
22413,0.010820965282619
22414,0.016330359503626823
22415,0.04202748090028763
22416,0.717580258846283
22417,0.050990406423807144
22418,0.549647867679596
22419,0.02844628319144249
22420,0.3276204466819763
22421,0.04161526635289192
22422,0.10046305507421494
22423,0.012056187726557255
22424,0.18087945878505707
22425,0.13321450352668762
22426,0.022297076880931854
22427,0.4266420006752014
22428,0.027769682928919792
22429,0.013852674514055252
22430,0.5522357225418091
22431,0.47198566794395447
22432,0.22617197036743164
22433,0.140323668718338
22434,0.32222387194633484
22435,0.8358621597290039
22436,0.4382876455783844
22437,0.3502004146575928
22438,0.24949097633361816
22439,0.19636131823062897
22440,0.13821494579315186
22441,0.7717896103858948
22442,0.31094351410865784
22443,0.01756620593369007
22444,0.534007728099823
22445,0.3749675452709198
22446,0.6653120517730713
22447,0.01749541237950325
22448,0.41310766339302063
22449,0.6598685383796692
22450,0.0135438721626997
22451,0.02341495454311371
22452,0.23086220026016235
22453,0.015202541835606098
22454,0.4960951507091522
22455,0.5100968480110168
22456,0.05282634496688843
22457,0.008403599262237549
22458,0.40131524205207825
22459,0.1900051385164261
22460,0.01544103492051363
22461,0.23174911737442017
22462,0.029935520142316818
22463,0.19997979700565338
22464,0.39282432198524475
22465,0.05645781755447388
22466,0.12138670682907104
22467,0.018123852089047432
22468,0.06025008112192154
22469,0.48003089427948
22470,0.17301686108112335
22471,0.026117969304323196
22472,0.2034580111503601
22473,0.3958994150161743
22474,0.17844057083129883
22475,0.6259158253669739
22476,0.028193539008498192
22477,0.1729956865310669
22478,0.03388160094618797
22479,0.022369029000401497
22480,0.2658654749393463
22481,0.035694774240255356
22482,0.5734664797782898
22483,0.05672101676464081
22484,0.42190301418304443
22485,0.17063575983047485
22486,0.1336766630411148
22487,0.29685109853744507
22488,0.7748069763183594
22489,0.32054051756858826
22490,0.7341125011444092
22491,0.6805312037467957
22492,0.019302181899547577
22493,0.027484038844704628
22494,0.01489815954118967
22495,0.2511706054210663
22496,0.04131994768977165
22497,0.14316530525684357
22498,0.2792976498603821
22499,0.2131861299276352
22500,0.19707822799682617
22501,0.06401973217725754
22502,0.8154693841934204
22503,0.3489968478679657
22504,0.672318696975708
22505,0.43276193737983704
22506,0.23795293271541595
22507,0.8053454756736755
22508,0.19604280591011047
22509,0.02805326320230961
22510,0.24348285794258118
22511,0.04005052149295807
22512,0.32783082127571106
22513,0.01314336434006691
22514,0.21488022804260254
22515,0.2216106802225113
22516,0.11636612564325333
22517,0.11079533398151398
22518,0.4855762720108032
22519,0.4101555645465851
22520,0.7599249482154846
22521,0.020976193249225616
22522,0.0325334332883358
22523,0.08601929247379303
22524,0.29760119318962097
22525,0.052566349506378174
22526,0.3885168135166168
22527,0.3563980460166931
22528,0.473545640707016
22529,0.017696194350719452
22530,0.7839443683624268
22531,0.6856122612953186
22532,0.1347758173942566
22533,0.867556095123291
22534,0.548462986946106
22535,0.04867466539144516
22536,0.5402738451957703
22537,0.6763827800750732
22538,0.3834620416164398
22539,0.018730752170085907
22540,0.2568684220314026
22541,0.19145826995372772
22542,0.8118962049484253
22543,0.7279643416404724
22544,0.06367110460996628
22545,0.14289283752441406
22546,0.014818835072219372
22547,0.7391520738601685
22548,0.13071930408477783
22549,0.2772999405860901
22550,0.5281705260276794
22551,0.22600038349628448
22552,0.15398648381233215
22553,0.5565020442008972
22554,0.16502517461776733
22555,0.24872185289859772
22556,0.35397952795028687
22557,0.017959294840693474
22558,0.20143215358257294
22559,0.10749208182096481
22560,0.3720394968986511
22561,0.3241878151893616
22562,0.025296732783317566
22563,0.17241275310516357
22564,0.022473357617855072
22565,0.08833451569080353
22566,0.02308107540011406
22567,0.03864196315407753
22568,0.48042401671409607
22569,0.3976297080516815
22570,0.13679690659046173
22571,0.12529020011425018
22572,0.019292455166578293
22573,0.14590094983577728
22574,0.09933417290449142
22575,0.6822082996368408
22576,0.7883577942848206
22577,0.023026438429951668
22578,0.31939634680747986
22579,0.7544727921485901
22580,0.07156268507242203
22581,0.16864879429340363
22582,0.23017650842666626
22583,0.06532856822013855
22584,0.11355967819690704
22585,0.40225130319595337
22586,0.11547008901834488
22587,0.10119117051362991
22588,0.6220032572746277
22589,0.4668367803096771
22590,0.5388435125350952
22591,0.20909081399440765
22592,0.03446180000901222
22593,0.034508079290390015
22594,0.03987143933773041
22595,0.0540538914501667
22596,0.3278999626636505
22597,0.04509815201163292
22598,0.34388333559036255
22599,0.23728244006633759
22600,0.01584646850824356
22601,0.030968908220529556
22602,0.09407097101211548
22603,0.05542759969830513
22604,0.08668337017297745
22605,0.0663456991314888
22606,0.07555276155471802
22607,0.271977037191391
22608,0.030922243371605873
22609,0.39222460985183716
22610,0.017842954024672508
22611,0.1447201371192932
22612,0.016974031925201416
22613,0.013719197362661362
22614,0.42773744463920593
22615,0.016810912638902664
22616,0.1028669998049736
22617,0.8604217767715454
22618,0.0274975448846817
22619,0.4892500042915344
22620,0.2153356820344925
22621,0.3976549804210663
22622,0.04922887310385704
22623,0.10378152877092361
22624,0.3565368354320526
22625,0.2725110352039337
22626,0.18967632949352264
22627,0.10402107238769531
22628,0.12789782881736755
22629,0.1480824500322342
22630,0.14707478880882263
22631,0.48940539360046387
22632,0.5623771548271179
22633,0.02239598147571087
22634,0.17851710319519043
22635,0.11564741283655167
22636,0.13414257764816284
22637,0.322003036737442
22638,0.45937010645866394
22639,0.1628878116607666
22640,0.6337111592292786
22641,0.2782965898513794
22642,0.507487952709198
22643,0.26842454075813293
22644,0.012294669635593891
22645,0.3507838845252991
22646,0.01249743066728115
22647,0.10641815513372421
22648,0.04219820350408554
22649,0.558014988899231
22650,0.12977977097034454
22651,0.5103968381881714
22652,0.022034740075469017
22653,0.056278955191373825
22654,0.22649890184402466
22655,0.17183196544647217
22656,0.057964809238910675
22657,0.013724694959819317
22658,0.013431558385491371
22659,0.2869420051574707
22660,0.3792465031147003
22661,0.014867503196001053
22662,0.4010119140148163
22663,0.9620814919471741
22664,0.45013004541397095
22665,0.022176938131451607
22666,0.016269780695438385
22667,0.7334361672401428
22668,0.6711406707763672
22669,0.014974315650761127
22670,0.3266020715236664
22671,0.1456768661737442
22672,0.5879554152488708
22673,0.13051164150238037
22674,0.6173004508018494
22675,0.09366179257631302
22676,0.15584377944469452
22677,0.29022789001464844
22678,0.06532539427280426
22679,0.021732592955231667
22680,0.28153133392333984
22681,0.0639829933643341
22682,0.25139182806015015
22683,0.032453469932079315
22684,0.0373314805328846
22685,0.08650447428226471
22686,0.020687391981482506
22687,0.2821205258369446
22688,0.20196056365966797
22689,0.2662293612957001
22690,0.4718179404735565
22691,0.09516517072916031
22692,0.0866093561053276
22693,0.4532705843448639
22694,0.3986947536468506
22695,0.5060266852378845
22696,0.3846927285194397
22697,0.706612229347229
22698,0.05050934478640556
22699,0.05114349350333214
22700,0.03083038702607155
22701,0.02612055093050003
22702,0.1730387657880783
22703,0.14518851041793823
22704,0.03454622998833656
22705,0.2570662200450897
22706,0.20219147205352783
22707,0.387704998254776
22708,0.838753342628479
22709,0.020710570737719536
22710,0.25589317083358765
22711,0.1468052864074707
22712,0.6710500717163086
22713,0.1665763258934021
22714,0.042076561599969864
22715,0.013990089297294617
22716,0.2327345311641693
22717,0.2502043843269348
22718,0.5307721495628357
22719,0.581720232963562
22720,0.18072746694087982
22721,0.516508936882019
22722,0.3013033866882324
22723,0.12580254673957825
22724,0.6722554564476013
22725,0.051324110478162766
22726,0.015334473922848701
22727,0.20788918435573578
22728,0.020973144099116325
22729,0.02738048881292343
22730,0.14953993260860443
22731,0.02103019505739212
22732,0.294063001871109
22733,0.041809435933828354
22734,0.13885892927646637
22735,0.4284624755382538
22736,0.021592574194073677
22737,0.7187851667404175
22738,0.01952948048710823
22739,0.024569954723119736
22740,0.4145002067089081
22741,0.7463855743408203
22742,0.05338243395090103
22743,0.3919486105442047
22744,0.0217382051050663
22745,0.01627403311431408
22746,0.17300434410572052
22747,0.013977913185954094
22748,0.6477316617965698
22749,0.13751454651355743
22750,0.014934789389371872
22751,0.17266343533992767
22752,0.3492026627063751
22753,0.6391947269439697
22754,0.75117027759552
22755,0.2464335858821869
22756,0.18129472434520721
22757,0.8078542351722717
22758,0.013556146994233131
22759,0.4089992046356201
22760,0.011638948693871498
22761,0.44441497325897217
22762,0.013175365515053272
22763,0.33139142394065857
22764,0.09844514727592468
22765,0.8836221098899841
22766,0.03952253982424736
22767,0.4989774823188782
22768,0.015466987155377865
22769,0.12489238381385803
22770,0.09319696575403214
22771,0.20366519689559937
22772,0.20193526148796082
22773,0.4382852613925934
22774,0.021183989942073822
22775,0.018625976517796516
22776,0.028568794950842857
22777,0.35714641213417053
22778,0.02777533419430256
22779,0.4488762319087982
22780,0.2657017111778259
22781,0.9656314253807068
22782,0.9742149114608765
22783,0.47774434089660645
22784,0.6130130290985107
22785,0.031924303621053696
22786,0.04473759979009628
22787,0.5911835432052612
22788,0.023590730503201485
22789,0.32211554050445557
22790,0.06711025536060333
22791,0.7047414779663086
22792,0.5594978928565979
22793,0.3990471661090851
22794,0.20518328249454498
22795,0.1267375349998474
22796,0.8011878132820129
22797,0.43340611457824707
22798,0.3844437599182129
22799,0.12940943241119385
22800,0.023999636992812157
22801,0.014046050608158112
22802,0.013788378797471523
22803,0.3095588982105255
22804,0.7558947205543518
22805,0.25628286600112915
22806,0.15054810047149658
22807,0.047277629375457764
22808,0.22179119288921356
22809,0.42879098653793335
22810,0.6590464115142822
22811,0.258140504360199
22812,0.15429164469242096
22813,0.037371840327978134
22814,0.4014280438423157
22815,0.09862326085567474
22816,0.2795056998729706
22817,0.3714362680912018
22818,0.034663934260606766
22819,0.02273101545870304
22820,0.014725439250469208
22821,0.14212141931056976
22822,0.40623483061790466
22823,0.3036615252494812
22824,0.4938776195049286
22825,0.6036629676818848
22826,0.8158450722694397
22827,0.04306184500455856
22828,0.015134479850530624
22829,0.9794638156890869
22830,0.2186102569103241
22831,0.26716479659080505
22832,0.012679853476583958
22833,0.34447047114372253
22834,0.09616336971521378
22835,0.7530445456504822
22836,0.16448570787906647
22837,0.6334867477416992
22838,0.4685697853565216
22839,0.10245181620121002
22840,0.475796103477478
22841,0.22382637858390808
22842,0.03682151064276695
22843,0.7743069529533386
22844,0.013788145035505295
22845,0.0782027468085289
22846,0.32136279344558716
22847,0.08733402192592621
22848,0.12812595069408417
22849,0.29424118995666504
22850,0.8109169006347656
22851,0.16235631704330444
22852,0.20282086730003357
22853,0.01157145481556654
22854,0.4956131875514984
22855,0.16577231884002686
22856,0.01973746158182621
22857,0.1462375819683075
22858,0.1564359962940216
22859,0.015597419813275337
22860,0.26669108867645264
22861,0.03300873935222626
22862,0.02067161165177822
22863,0.02824636735022068
22864,0.01836228370666504
22865,0.6392912268638611
22866,0.06949831545352936
22867,0.35082536935806274
22868,0.17714908719062805
22869,0.018129941076040268
22870,0.9309006333351135
22871,0.46541735529899597
22872,0.039477601647377014
22873,0.3978465497493744
22874,0.5285395383834839
22875,0.04191908985376358
22876,0.26588305830955505
22877,0.48980000615119934
22878,0.029688678681850433
22879,0.37800756096839905
22880,0.41087567806243896
22881,0.027346858754754066
22882,0.7740582823753357
22883,0.7088517546653748
22884,0.20005758106708527
22885,0.03902725875377655
22886,0.8847933411598206
22887,0.3590664565563202
22888,0.15439598262310028
22889,0.473054975271225
22890,0.15011024475097656
22891,0.04215816408395767
22892,0.5699021220207214
22893,0.5205874443054199
22894,0.027906060218811035
22895,0.016882948577404022
22896,0.11409525573253632
22897,0.32007163763046265
22898,0.8277507424354553
22899,0.12756364047527313
22900,0.016042547300457954
22901,0.16207334399223328
22902,0.7223225235939026
22903,0.2899838387966156
22904,0.060553960502147675
22905,0.18352732062339783
22906,0.2917208969593048
22907,0.47071531414985657
22908,0.19968076050281525
22909,0.21602357923984528
22910,0.41096341609954834
22911,0.4292799234390259
22912,0.012790633365511894
22913,0.8519109487533569
22914,0.2126753032207489
22915,0.5028530955314636
22916,0.05107332766056061
22917,0.7399033308029175
22918,0.013078617863357067
22919,0.7468603253364563
22920,0.07032030820846558
22921,0.4615374803543091
22922,0.43846577405929565
22923,0.19570063054561615
22924,0.7672092318534851
22925,0.25785693526268005
22926,0.3015210032463074
22927,0.19662772119045258
22928,0.3742849826812744
22929,0.018455201759934425
22930,0.24714571237564087
22931,0.014613967388868332
22932,0.7784781455993652
22933,0.0206775963306427
22934,0.03035983443260193
22935,0.2634997069835663
22936,0.2102952003479004
22937,0.06965740770101547
22938,0.19632627069950104
22939,0.1607186198234558
22940,0.023002421483397484
22941,0.042940687388181686
22942,0.3318931758403778
22943,0.029123663902282715
22944,0.08198291063308716
22945,0.21267028152942657
22946,0.011336171999573708
22947,0.023974746465682983
22948,0.4163227081298828
22949,0.2217966467142105
22950,0.7194278836250305
22951,0.7910922169685364
22952,0.16142679750919342
22953,0.03323846682906151
22954,0.013309064321219921
22955,0.02056422270834446
22956,0.22304250299930573
22957,0.021670784801244736
22958,0.07052489370107651
22959,0.7402974367141724
22960,0.17112606763839722
22961,0.32204458117485046
22962,0.26958176493644714
22963,0.7729119062423706
22964,0.06919099390506744
22965,0.6888777017593384
22966,0.40580782294273376
22967,0.04463977366685867
22968,0.022667959332466125
22969,0.28821370005607605
22970,0.45971065759658813
22971,0.017539598047733307
22972,0.05223168432712555
22973,0.028581514954566956
22974,0.5032408237457275
22975,0.02428531087934971
22976,0.029833003878593445
22977,0.21866530179977417
22978,0.020067062228918076
22979,0.8223960399627686
22980,0.3323371410369873
22981,0.4524076581001282
22982,0.4164678454399109
22983,0.1738373190164566
22984,0.2542644739151001
22985,0.5461166501045227
22986,0.2922758460044861
22987,0.017941894009709358
22988,0.023959793150424957
22989,0.33978721499443054
22990,0.2680426239967346
22991,0.7731451392173767
22992,0.6827859282493591
22993,0.05890575796365738
22994,0.07765883207321167
22995,0.3774526119232178
22996,0.30743709206581116
22997,0.0680350661277771
22998,0.3473953902721405
22999,0.36885306239128113
23000,0.39107903838157654
23001,0.4413577616214752
23002,0.024583686143159866
23003,0.014409893192350864
23004,0.0662107989192009
23005,0.01933279260993004
23006,0.0213963370770216
23007,0.25974926352500916
23008,0.29630956053733826
23009,0.055280983448028564
23010,0.43148839473724365
23011,0.6599665284156799
23012,0.021125832572579384
23013,0.18686765432357788
23014,0.1521410197019577
23015,0.031198004260659218
23016,0.48079541325569153
23017,0.11272184550762177
23018,0.5495044589042664
23019,0.01604093611240387
23020,0.08285515755414963
23021,0.32308879494667053
23022,0.7146819233894348
23023,0.2564994990825653
23024,0.1683727204799652
23025,0.45892807841300964
23026,0.6419817209243774
23027,0.12319064885377884
23028,0.020785769447684288
23029,0.45473918318748474
23030,0.7836295962333679
23031,0.32073134183883667
23032,0.6256328821182251
23033,0.37892842292785645
23034,0.29318633675575256
23035,0.1425912082195282
23036,0.03827285021543503
23037,0.04081796482205391
23038,0.35307157039642334
23039,0.42244142293930054
23040,0.07274338603019714
23041,0.772689163684845
23042,0.03880836442112923
23043,0.4174444377422333
23044,0.023525044322013855
23045,0.8957498669624329
23046,0.2883080840110779
23047,0.03591802716255188
23048,0.1710556447505951
23049,0.3006040155887604
23050,0.9436283707618713
23051,0.03459557890892029
23052,0.018958648666739464
23053,0.742398202419281
23054,0.28450289368629456
23055,0.6205294132232666
23056,0.38003674149513245
23057,0.2623072564601898
23058,0.33263278007507324
23059,0.02049184776842594
23060,0.500971257686615
23061,0.028403913602232933
23062,0.06417565792798996
23063,0.6537476181983948
23064,0.17254331707954407
23065,0.15818628668785095
23066,0.03704283758997917
23067,0.9496667981147766
23068,0.556776762008667
23069,0.17258679866790771
23070,0.08374650031328201
23071,0.14496012032032013
23072,0.2974002957344055
23073,0.06103561446070671
23074,0.19888940453529358
23075,0.4651605188846588
23076,0.04242242872714996
23077,0.08177077770233154
23078,0.02666512131690979
23079,0.0542464405298233
23080,0.015374195761978626
23081,0.6157665252685547
23082,0.17217876017093658
23083,0.42656904458999634
23084,0.41936469078063965
23085,0.05636882409453392
23086,0.22930289804935455
23087,0.5656670928001404
23088,0.44847652316093445
23089,0.30136361718177795
23090,0.7733798027038574
23091,0.03214121237397194
23092,0.14418889582157135
23093,0.016115330159664154
23094,0.5449954867362976
23095,0.0828661173582077
23096,0.12186434119939804
23097,0.030041631311178207
23098,0.6666929125785828
23099,0.18187974393367767
23100,0.271024614572525
23101,0.605556845664978
23102,0.2888736426830292
23103,0.6318178772926331
23104,0.4952690601348877
23105,0.09706773608922958
23106,0.4972212612628937
23107,0.08445996791124344
23108,0.37831422686576843
23109,0.8115468621253967
23110,0.11989739537239075
23111,0.019210129976272583
23112,0.36968597769737244
23113,0.12395279854536057
23114,0.181675985455513
23115,0.8907552361488342
23116,0.06672396510839462
23117,0.8230267763137817
23118,0.9657962918281555
23119,0.10982352495193481
23120,0.031165018677711487
23121,0.05647595599293709
23122,0.2034815102815628
23123,0.15939731895923615
23124,0.01859690435230732
23125,0.6740491986274719
23126,0.036282796412706375
23127,0.9695221185684204
23128,0.6503925323486328
23129,0.5873072147369385
23130,0.961587131023407
23131,0.18638873100280762
23132,0.023496385663747787
23133,0.379973441362381
23134,0.16605526208877563
23135,0.046483851969242096
23136,0.46935781836509705
23137,0.04498493671417236
23138,0.04002556949853897
23139,0.8275265097618103
23140,0.01352008618414402
23141,0.08866439759731293
23142,0.02596626803278923
23143,0.7685768604278564
23144,0.05300149321556091
23145,0.684586226940155
23146,0.29376789927482605
23147,0.13150332868099213
23148,0.17464891076087952
23149,0.0476534441113472
23150,0.03912978619337082
23151,0.5506259799003601
23152,0.5387203693389893
23153,0.09381011128425598
23154,0.8792163133621216
23155,0.3728627860546112
23156,0.8027603626251221
23157,0.6287500262260437
23158,0.018569765612483025
23159,0.45355144143104553
23160,0.4532003104686737
23161,0.33048826456069946
23162,0.8140349984169006
23163,0.2385992705821991
23164,0.020410431548953056
23165,0.06642250716686249
23166,0.3278008699417114
23167,0.4089268147945404
23168,0.17782074213027954
23169,0.015066180378198624
23170,0.407371461391449
23171,0.04277457669377327
23172,0.7377647757530212
23173,0.7283480167388916
23174,0.12676803767681122
23175,0.38128581643104553
23176,0.19873256981372833
23177,0.03943317383527756
23178,0.25817087292671204
23179,0.1367914229631424
23180,0.03217898681759834
23181,0.2321036458015442
23182,0.14136406779289246
23183,0.20422032475471497
23184,0.06402314454317093
23185,0.3942384123802185
23186,0.4831274747848511
23187,0.053324513137340546
23188,0.25945401191711426
23189,0.056460533291101456
23190,0.800670862197876
23191,0.8055412173271179
23192,0.012918897904455662
23193,0.013173605315387249
23194,0.5706772804260254
23195,0.03928548842668533
23196,0.27203238010406494
23197,0.32883551716804504
23198,0.2668018639087677
23199,0.6665428280830383
23200,0.7016763687133789
23201,0.06084487587213516
23202,0.016377724707126617
23203,0.12132218480110168
23204,0.03276677057147026
23205,0.09361868351697922
23206,0.394778311252594
23207,0.09297787398099899
23208,0.019976645708084106
23209,0.3939812481403351
23210,0.09366794675588608
23211,0.23239929974079132
23212,0.06350209563970566
23213,0.16343802213668823
23214,0.43866485357284546
23215,0.02802995964884758
23216,0.6323301196098328
23217,0.06661317497491837
23218,0.019843721762299538
23219,0.5713434815406799
23220,0.07300669699907303
23221,0.7182497978210449
23222,0.13166555762290955
23223,0.8665131330490112
23224,0.17227183282375336
23225,0.034473516047000885
23226,0.6290187239646912
23227,0.17366650700569153
23228,0.06409469991922379
23229,0.4083898663520813
23230,0.43804997205734253
23231,0.08285298198461533
23232,0.0465698167681694
23233,0.029317528009414673
23234,0.3988115191459656
23235,0.37193986773490906
23236,0.05040489137172699
23237,0.49350506067276
23238,0.3061618506908417
23239,0.4999452829360962
23240,0.036369580775499344
23241,0.2717261016368866
23242,0.2709950804710388
23243,0.30841973423957825
23244,0.3209032118320465
23245,0.7884301543235779
23246,0.11069776862859726
23247,0.2695161700248718
23248,0.019374189898371696
23249,0.5234909653663635
23250,0.039982348680496216
23251,0.4408014118671417
23252,0.26434364914894104
23253,0.08810365945100784
23254,0.26729053258895874
23255,0.39228272438049316
23256,0.03381608799099922
23257,0.0351029671728611
23258,0.022054852917790413
23259,0.7598533630371094
23260,0.3461949825286865
23261,0.7521822452545166
23262,0.6133484244346619
23263,0.14520828425884247
23264,0.2718096375465393
23265,0.4566487967967987
23266,0.08742623031139374
23267,0.7174222469329834
23268,0.2946162223815918
23269,0.3634728789329529
23270,0.7430421113967896
23271,0.30195701122283936
23272,0.6431321501731873
23273,0.8695778846740723
23274,0.09833553433418274
23275,0.030650058761239052
23276,0.3292314112186432
23277,0.41345685720443726
23278,0.029031777754426003
23279,0.28118816018104553
23280,0.3460054397583008
23281,0.13888491690158844
23282,0.05017850175499916
23283,0.035079725086688995
23284,0.2438545972108841
23285,0.022619731724262238
23286,0.8712042570114136
23287,0.708786129951477
23288,0.7092527151107788
23289,0.09932877123355865
23290,0.022725390270352364
23291,0.7177850604057312
23292,0.027955304831266403
23293,0.018081340938806534
23294,0.014112671837210655
23295,0.08024921268224716
23296,0.6262029409408569
23297,0.043328624218702316
23298,0.5144786834716797
23299,0.1319604218006134
23300,0.054617322981357574
23301,0.04126861318945885
23302,0.10280699282884598
23303,0.5286649465560913
23304,0.4763781726360321
23305,0.4793536365032196
23306,0.016854416579008102
23307,0.1926177591085434
23308,0.013246952556073666
23309,0.1636008322238922
23310,0.1326887011528015
23311,0.016983557492494583
23312,0.18092843890190125
23313,0.1488713175058365
23314,0.39216116070747375
23315,0.16220314800739288
23316,0.6105518937110901
23317,0.014288575388491154
23318,0.03366043418645859
23319,0.44048094749450684
23320,0.5676774978637695
23321,0.5910882949829102
23322,0.23722600936889648
23323,0.1401984989643097
23324,0.31654900312423706
23325,0.3741793930530548
23326,0.5344225764274597
23327,0.028143607079982758
23328,0.024486225098371506
23329,0.45797133445739746
23330,0.648403525352478
23331,0.953226625919342
23332,0.47981569170951843
23333,0.157884880900383
23334,0.015453001484274864
23335,0.6785528063774109
23336,0.057313937693834305
23337,0.1590118259191513
23338,0.9645591378211975
23339,0.03700656816363335
23340,0.025171563029289246
23341,0.43001213669776917
23342,0.4302201569080353
23343,0.040942031890153885
23344,0.023820744827389717
23345,0.04494614526629448
23346,0.5652554631233215
23347,0.13581494987010956
23348,0.3494972586631775
23349,0.22981193661689758
23350,0.029144691303372383
23351,0.0720616802573204
23352,0.19399212300777435
23353,0.09199708700180054
23354,0.38266634941101074
23355,0.610913097858429
23356,0.4156494140625
23357,0.22655454277992249
23358,0.37838563323020935
23359,0.7393000721931458
23360,0.03480125963687897
23361,0.6794573664665222
23362,0.09870492666959763
23363,0.4942220151424408
23364,0.33384019136428833
23365,0.5181435346603394
23366,0.5949608683586121
23367,0.28901657462120056
23368,0.5929386019706726
23369,0.10319729149341583
23370,0.5053942203521729
23371,0.5278528928756714
23372,0.017039798200130463
23373,0.04323811084032059
23374,0.7844555377960205
23375,0.04478882998228073
23376,0.24145932495594025
23377,0.023660296574234962
23378,0.5401108264923096
23379,0.024862991645932198
23380,0.6898553967475891
23381,0.05623546242713928
23382,0.16619373857975006
23383,0.07204315811395645
23384,0.37730395793914795
23385,0.03676122426986694
23386,0.05347678065299988
23387,0.034375399351119995
23388,0.08296079933643341
23389,0.37118029594421387
23390,0.2861967384815216
23391,0.28798621892929077
23392,0.309770792722702
23393,0.18249934911727905
23394,0.03178473189473152
23395,0.11821163445711136
23396,0.27282506227493286
23397,0.19819703698158264
23398,0.21227949857711792
23399,0.21034497022628784
23400,0.38436686992645264
23401,0.3854391276836395
23402,0.2172417789697647
23403,0.2647186815738678
23404,0.1608416885137558
23405,0.5868067741394043
23406,0.1373741626739502
23407,0.1552739292383194
23408,0.46212542057037354
23409,0.3085271418094635
23410,0.3955845236778259
23411,0.23789913952350616
23412,0.012708754278719425
23413,0.11359532922506332
23414,0.01565781980752945
23415,0.26222237944602966
23416,0.5376327037811279
23417,0.030461536720395088
23418,0.637596070766449
23419,0.2643582820892334
23420,0.8013913631439209
23421,0.017357680946588516
23422,0.21440154314041138
23423,0.10739331692457199
23424,0.7095465064048767
23425,0.5814472436904907
23426,0.35446447134017944
23427,0.3432677388191223
23428,0.3691474199295044
23429,0.052009131759405136
23430,0.08347950875759125
23431,0.3285447955131531
23432,0.44582778215408325
23433,0.03683125227689743
23434,0.03081679530441761
23435,0.7979296445846558
23436,0.47389930486679077
23437,0.4462876319885254
23438,0.10367415845394135
23439,0.3694136142730713
23440,0.519110918045044
23441,0.46626192331314087
23442,0.04399384558200836
23443,0.5227901935577393
23444,0.4182191491127014
23445,0.015131481923162937
23446,0.2531919777393341
23447,0.25988101959228516
23448,0.7020382881164551
23449,0.042545679956674576
23450,0.7652125358581543
23451,0.2005588412284851
23452,0.12689818441867828
23453,0.26874420046806335
23454,0.03988637030124664
23455,0.02019067108631134
23456,0.1933978796005249
23457,0.045784395188093185
23458,0.39173781871795654
23459,0.058902621269226074
23460,0.4083695411682129
23461,0.013114554807543755
23462,0.22665709257125854
23463,0.017467010766267776
23464,0.017612876370549202
23465,0.606566846370697
23466,0.16698136925697327
23467,0.5204435586929321
23468,0.05908418446779251
23469,0.26270368695259094
23470,0.17759881913661957
23471,0.19185027480125427
23472,0.33801180124282837
23473,0.14356489479541779
23474,0.6232920289039612
23475,0.6611063480377197
23476,0.030866499990224838
23477,0.13453422486782074
23478,0.5797154903411865
23479,0.703352689743042
23480,0.2890971899032593
23481,0.7025126218795776
23482,0.03687513247132301
23483,0.24275654554367065
23484,0.2618720531463623
23485,0.34255391359329224
23486,0.1041351854801178
23487,0.20747213065624237
23488,0.1750277876853943
23489,0.1716732531785965
23490,0.04909547418355942
23491,0.03323165699839592
23492,0.046781934797763824
23493,0.030401043593883514
23494,0.3781868815422058
23495,0.015350797213613987
23496,0.08047213405370712
23497,0.019570982083678246
23498,0.023801468312740326
23499,0.7592249512672424
23500,0.5915139317512512
23501,0.7871495485305786
23502,0.8447677493095398
23503,0.14650633931159973
23504,0.4456859230995178
23505,0.7166314125061035
23506,0.03576023504137993
23507,0.06759782880544662
23508,0.4576561152935028
23509,0.08705558627843857
23510,0.03282826393842697
23511,0.3843243718147278
23512,0.06847129762172699
23513,0.6949785947799683
23514,0.043738365173339844
23515,0.4219697415828705
23516,0.2694248855113983
23517,0.8075230717658997
23518,0.3382985591888428
23519,0.4017634093761444
23520,0.09487529844045639
23521,0.1725962907075882
23522,0.7878299951553345
23523,0.4941962659358978
23524,0.7552778720855713
23525,0.1215018481016159
23526,0.3502126932144165
23527,0.058542244136333466
23528,0.02947741001844406
23529,0.07202618569135666
23530,0.14633285999298096
23531,0.3903997242450714
23532,0.012350843288004398
23533,0.8563826680183411
23534,0.6130281686782837
23535,0.2498674839735031
23536,0.31577321887016296
23537,0.5861665606498718
23538,0.08808670192956924
23539,0.03581225499510765
23540,0.26381996273994446
23541,0.326198935508728
23542,0.29020968079566956
23543,0.20140282809734344
23544,0.0877261534333229
23545,0.1208273246884346
23546,0.018117763102054596
23547,0.319394588470459
23548,0.05097917094826698
23549,0.10108381509780884
23550,0.6248610019683838
23551,0.33951225876808167
23552,0.6947881579399109
23553,0.7110614776611328
23554,0.16493555903434753
23555,0.034386906772851944
23556,0.025372019037604332
23557,0.07307927310466766
23558,0.061961349099874496
23559,0.6142602562904358
23560,0.026624713093042374
23561,0.26693958044052124
23562,0.06091064214706421
23563,0.24339748919010162
23564,0.15398414433002472
23565,0.8973833918571472
23566,0.07409389317035675
23567,0.18353988230228424
23568,0.7706451416015625
23569,0.09813514351844788
23570,0.6802704334259033
23571,0.565405547618866
23572,0.11079375445842743
23573,0.04297792539000511
23574,0.0459294393658638
23575,0.13478994369506836
23576,0.44111230969429016
23577,0.03353005647659302
23578,0.4239010810852051
23579,0.1030498594045639
23580,0.205640509724617
23581,0.5249806046485901
23582,0.0764249637722969
23583,0.20750968158245087
23584,0.031115442514419556
23585,0.743161141872406
23586,0.2215120494365692
23587,0.057145193219184875
23588,0.5588595271110535
23589,0.017893673852086067
23590,0.029994331300258636
23591,0.731532096862793
23592,0.031152760609984398
23593,0.5388473868370056
23594,0.13333669304847717
23595,0.15479223430156708
23596,0.24577602744102478
23597,0.3434489071369171
23598,0.016170872375369072
23599,0.24689729511737823
23600,0.2715263068675995
23601,0.47307562828063965
23602,0.1967594027519226
23603,0.3928300738334656
23604,0.34906771779060364
23605,0.9420680403709412
23606,0.41343703866004944
23607,0.24931375682353973
23608,0.26200351119041443
23609,0.2004033774137497
23610,0.18152260780334473
23611,0.5166712403297424
23612,0.5532447099685669
23613,0.011737457476556301
23614,0.0946657732129097
23615,0.08838116377592087
23616,0.4564629793167114
23617,0.4252437949180603
23618,0.1756058931350708
23619,0.4911051392555237
23620,0.38660573959350586
23621,0.5176035761833191
23622,0.02625240571796894
23623,0.01508468110114336
23624,0.8258274793624878
23625,0.2751752436161041
23626,0.5465714335441589
23627,0.01498339232057333
23628,0.23454424738883972
23629,0.9703184962272644
23630,0.2953159213066101
23631,0.23434998095035553
23632,0.04506659135222435
23633,0.47445255517959595
23634,0.0152401402592659
23635,0.09952554106712341
23636,0.04192335903644562
23637,0.629954993724823
23638,0.3872823119163513
23639,0.35333624482154846
23640,0.3465748131275177
23641,0.05288468673825264
23642,0.05146817862987518
23643,0.5037367939949036
23644,0.019161254167556763
23645,0.01960653066635132
23646,0.3593774735927582
23647,0.37841135263442993
23648,0.5259197354316711
23649,0.1653677225112915
23650,0.11971621215343475
23651,0.6194680333137512
23652,0.02354929782450199
23653,0.5150409936904907
23654,0.2442058026790619
23655,0.014714870601892471
23656,0.14467154443264008
23657,0.3192727863788605
23658,0.45667755603790283
23659,0.7952536940574646
23660,0.8987125158309937
23661,0.8433735966682434
23662,0.4245598018169403
23663,0.030771927908062935
23664,0.31477227807044983
23665,0.22727102041244507
23666,0.014076003804802895
23667,0.007722464390099049
23668,0.1256023496389389
23669,0.9101368188858032
23670,0.014969272539019585
23671,0.17503562569618225
23672,0.6752046942710876
23673,0.01986880972981453
23674,0.9525552988052368
23675,0.2778570353984833
23676,0.013361061923205853
23677,0.1663273572921753
23678,0.9090132713317871
23679,0.5455434918403625
23680,0.03353673219680786
23681,0.2776516079902649
23682,0.7730041146278381
23683,0.02934654802083969
23684,0.2284809798002243
23685,0.02521323785185814
23686,0.021249018609523773
23687,0.09357083588838577
23688,0.7098874449729919
23689,0.44754499197006226
23690,0.014542398042976856
23691,0.11923161149024963
23692,0.47080671787261963
23693,0.8393830060958862
23694,0.21842080354690552
23695,0.20943878591060638
23696,0.29196617007255554
23697,0.8913400769233704
23698,0.19511833786964417
23699,0.10336044430732727
23700,0.01423090510070324
23701,0.17316210269927979
23702,0.5236567258834839
23703,0.1450522392988205
23704,0.43662551045417786
23705,0.027995890006422997
23706,0.030090060085058212
23707,0.05152929574251175
23708,0.031444743275642395
23709,0.7696532607078552
23710,0.1248578280210495
23711,0.3631482720375061
23712,0.04789404943585396
23713,0.2884038984775543
23714,0.11586973071098328
23715,0.7183815836906433
23716,0.0286012664437294
23717,0.051614705473184586
23718,0.1047401875257492
23719,0.3352435529232025
23720,0.11851602792739868
23721,0.14877602458000183
23722,0.046610720455646515
23723,0.38550135493278503
23724,0.043689120560884476
23725,0.6001882553100586
23726,0.20502717792987823
23727,0.013792477548122406
23728,0.5444399118423462
23729,0.5423851609230042
23730,0.02152516320347786
23731,0.3357330858707428
23732,0.02985474467277527
23733,0.1644372045993805
23734,0.8128387331962585
23735,0.16907170414924622
23736,0.7487492561340332
23737,0.03166935220360756
23738,0.26960107684135437
23739,0.016458183526992798
23740,0.01362018845975399
23741,0.5513774156570435
23742,0.6363435387611389
23743,0.3185325860977173
23744,0.3472687304019928
23745,0.5700398087501526
23746,0.024512561038136482
23747,0.34063446521759033
23748,0.18737198412418365
23749,0.43114838004112244
23750,0.040355436503887177
23751,0.34436488151550293
23752,0.5186068415641785
23753,0.16428014636039734
23754,0.40666311979293823
23755,0.04148826375603676
23756,0.14910154044628143
23757,0.368609756231308
23758,0.1198432445526123
23759,0.14804650843143463
23760,0.49895328283309937
23761,0.6009788513183594
23762,0.031145313754677773
23763,0.502382755279541
23764,0.4090743958950043
23765,0.21974068880081177
23766,0.7678945064544678
23767,0.60530686378479
23768,0.05280691385269165
23769,0.023133080452680588
23770,0.7953396439552307
23771,0.02678988128900528
23772,0.5471316576004028
23773,0.027438167482614517
23774,0.937004029750824
23775,0.3156399726867676
23776,0.09063820540904999
23777,0.5075551271438599
23778,0.7792057991027832
23779,0.047730203717947006
23780,0.03375045210123062
23781,0.014300237409770489
23782,0.7040368318557739
23783,0.7231304049491882
23784,0.10473811626434326
23785,0.5327242612838745
23786,0.3499298393726349
23787,0.8580871224403381
23788,0.044203877449035645
23789,0.01911959983408451
23790,0.22470548748970032
23791,0.8189834952354431
23792,0.7471998929977417
23793,0.45693957805633545
23794,0.08910287171602249
23795,0.1482081264257431
23796,0.4475717842578888
23797,0.44963884353637695
23798,0.05991687625646591
23799,0.539574921131134
23800,0.12435537576675415
23801,0.3567286431789398
23802,0.03292214125394821
23803,0.6046807765960693
23804,0.01888563670217991
23805,0.02382676489651203
23806,0.4286949336528778
23807,0.48330339789390564
23808,0.01743382401764393
23809,0.31641823053359985
23810,0.6509653925895691
23811,0.4651845693588257
23812,0.1548905223608017
23813,0.4521733522415161
23814,0.6540393233299255
23815,0.7763957381248474
23816,0.13242056965827942
23817,0.0337253101170063
23818,0.01804077811539173
23819,0.11192651838064194
23820,0.18828189373016357
23821,0.08575727045536041
23822,0.029068786650896072
23823,0.18763892352581024
23824,0.2735337018966675
23825,0.255827933549881
23826,0.43974927067756653
23827,0.43641459941864014
23828,0.5106756687164307
23829,0.043653760105371475
23830,0.496875137090683
23831,0.3116810917854309
23832,0.07258343696594238
23833,0.2574295401573181
23834,0.6445623636245728
23835,0.47214755415916443
23836,0.34900379180908203
23837,0.22856809198856354
23838,0.014964436180889606
23839,0.2178260236978531
23840,0.041157566010951996
23841,0.01882883533835411
23842,0.24188822507858276
23843,0.335892915725708
23844,0.514700710773468
23845,0.028168173506855965
23846,0.5295159220695496
23847,0.6297875642776489
23848,0.4936886131763458
23849,0.8339735269546509
23850,0.026549778878688812
23851,0.08486729860305786
23852,0.32149019837379456
23853,0.16388432681560516
23854,0.5605577230453491
23855,0.20711813867092133
23856,0.2004658281803131
23857,0.5982434153556824
23858,0.033152978867292404
23859,0.011052176356315613
23860,0.025342263281345367
23861,0.8088485598564148
23862,0.545376718044281
23863,0.011830778792500496
23864,0.7327982187271118
23865,0.13734279572963715
23866,0.7574185132980347
23867,0.22048118710517883
23868,0.1806550770998001
23869,0.06184482201933861
23870,0.35336625576019287
23871,0.06010205298662186
23872,0.3472789525985718
23873,0.19485045969486237
23874,0.6951113939285278
23875,0.04064006730914116
23876,0.03630329295992851
23877,0.1583881974220276
23878,0.3557526767253876
23879,0.018969308584928513
23880,0.16878360509872437
23881,0.04406591132283211
23882,0.13233400881290436
23883,0.01621457375586033
23884,0.17898224294185638
23885,0.13127480447292328
23886,0.013948842883110046
23887,0.9684751033782959
23888,0.650831937789917
23889,0.7837285399436951
23890,0.4538840651512146
23891,0.16444692015647888
23892,0.7237581014633179
23893,0.33968019485473633
23894,0.13552051782608032
23895,0.6441542506217957
23896,0.16033072769641876
23897,0.27368614077568054
23898,0.1366129070520401
23899,0.7442589402198792
23900,0.3487691581249237
23901,0.06586209684610367
23902,0.9181458353996277
23903,0.4345097243785858
23904,0.3115345239639282
23905,0.019419865682721138
23906,0.34844011068344116
23907,0.14642022550106049
23908,0.2221786230802536
23909,0.12280023843050003
23910,0.39520207047462463
23911,0.3422280550003052
23912,0.14532533288002014
23913,0.732833206653595
23914,0.754347562789917
23915,0.7916487455368042
23916,0.04154762625694275
23917,0.01038992777466774
23918,0.14848670363426208
23919,0.4930287301540375
23920,0.06713075190782547
23921,0.32314616441726685
23922,0.039642032235860825
23923,0.18977144360542297
23924,0.107662133872509
23925,0.12280093133449554
23926,0.5474479794502258
23927,0.3835286796092987
23928,0.52290278673172
23929,0.10328507423400879
23930,0.016346974298357964
23931,0.2257084995508194
23932,0.03310983628034592
23933,0.1309426724910736
23934,0.03604958578944206
23935,0.10790693014860153
23936,0.2882940173149109
23937,0.30832356214523315
23938,0.02433779276907444
23939,0.3466111421585083
23940,0.3353598713874817
23941,0.013492175377905369
23942,0.24052847921848297
23943,0.5184919834136963
23944,0.02542739175260067
23945,0.18470071256160736
23946,0.01746056228876114
23947,0.7136180996894836
23948,0.021139618009328842
23949,0.6440975666046143
23950,0.7847742438316345
23951,0.14339284598827362
23952,0.11612707376480103
23953,0.025380156934261322
23954,0.26372408866882324
23955,0.7020336389541626
23956,0.7497230768203735
23957,0.4215920567512512
23958,0.9676523208618164
23959,0.4228341579437256
23960,0.08297955989837646
23961,0.1633336842060089
23962,0.05632270500063896
23963,0.4773937463760376
23964,0.03050384484231472
23965,0.21986888349056244
23966,0.21425457298755646
23967,0.5993875861167908
23968,0.44632554054260254
23969,0.24552875757217407
23970,0.21204712986946106
23971,0.15701641142368317
23972,0.10397835075855255
23973,0.07891611009836197
23974,0.11720385402441025
23975,0.2884732484817505
23976,0.14495570957660675
23977,0.08435007929801941
23978,0.11553078144788742
23979,0.40911003947257996
23980,0.06706469506025314
23981,0.2553454339504242
23982,0.020416710525751114
23983,0.016745228320360184
23984,0.01969119906425476
23985,0.1772051751613617
23986,0.34400635957717896
23987,0.7069773077964783
23988,0.11834587901830673
23989,0.4313282370567322
23990,0.03391729295253754
23991,0.3828316926956177
23992,0.18903547525405884
23993,0.7736439108848572
23994,0.8327532410621643
23995,0.11044679582118988
23996,0.08325082808732986
23997,0.19043293595314026
23998,0.4146752655506134
23999,0.5483177304267883
24000,0.01759033463895321
24001,0.31320878863334656
24002,0.14082838594913483
24003,0.05799796059727669
24004,0.01994914934039116
24005,0.9606815576553345
24006,0.17189285159111023
24007,0.012965161353349686
24008,0.759009838104248
24009,0.04504085332155228
24010,0.06755708158016205
24011,0.41054007411003113
24012,0.03178120404481888
24013,0.4058307707309723
24014,0.06416518986225128
24015,0.48857101798057556
24016,0.3931155204772949
24017,0.1492147594690323
24018,0.7902300357818604
24019,0.37743332982063293
24020,0.06756441295146942
24021,0.02144036255776882
24022,0.07689345628023148
24023,0.5547415614128113
24024,0.03820490837097168
24025,0.5988548398017883
24026,0.14620128273963928
24027,0.429507315158844
24028,0.3606797754764557
24029,0.024102041497826576
24030,0.18489143252372742
24031,0.23483392596244812
24032,0.04206646978855133
24033,0.07948043197393417
24034,0.01571183279156685
24035,0.22967742383480072
24036,0.013747517950832844
24037,0.067632757127285
24038,0.24419787526130676
24039,0.07338902354240417
24040,0.05608004704117775
24041,0.47903522849082947
24042,0.71659916639328
24043,0.28980591893196106
24044,0.24402843415737152
24045,0.40933936834335327
24046,0.06005406752228737
24047,0.6987859606742859
24048,0.11921773105859756
24049,0.9159985184669495
24050,0.036375053226947784
24051,0.6928682923316956
24052,0.04500780627131462
24053,0.7716254591941833
24054,0.032587144523859024
24055,0.3404502272605896
24056,0.014496417716145515
24057,0.018928632140159607
24058,0.035750217735767365
24059,0.2758358418941498
24060,0.7543942928314209
24061,0.3263111412525177
24062,0.10704310983419418
24063,0.10886349529027939
24064,0.01845335029065609
24065,0.04829025641083717
24066,0.11104027926921844
24067,0.20866897702217102
24068,0.031534843146800995
24069,0.3528261184692383
24070,0.743901252746582
24071,0.07003473490476608
24072,0.021355021744966507
24073,0.02464280091226101
24074,0.5588638782501221
24075,0.012534133158624172
24076,0.044773027300834656
24077,0.012065534479916096
24078,0.8307691216468811
24079,0.416081041097641
24080,0.8762503266334534
24081,0.827069103717804
24082,0.06533966213464737
24083,0.025699393823742867
24084,0.21314014494419098
24085,0.16436156630516052
24086,0.08918456733226776
24087,0.6325384378433228
24088,0.5788094401359558
24089,0.0164579376578331
24090,0.6170114874839783
24091,0.3740147650241852
24092,0.9380844235420227
24093,0.6435122489929199
24094,0.30721515417099
24095,0.04713981971144676
24096,0.4386579096317291
24097,0.06176900863647461
24098,0.7323334813117981
24099,0.8305756449699402
24100,0.5918145775794983
24101,0.0738377645611763
24102,0.7057895660400391
24103,0.01884346827864647
24104,0.3700751066207886
24105,0.2532121539115906
24106,0.8054392337799072
24107,0.13034816086292267
24108,0.30370402336120605
24109,0.8281289339065552
24110,0.03457443043589592
24111,0.08464750647544861
24112,0.03975497558712959
24113,0.14726711809635162
24114,0.8872185349464417
24115,0.4754663407802582
24116,0.24434305727481842
24117,0.5239966511726379
24118,0.13487182557582855
24119,0.027958352118730545
24120,0.09112583100795746
24121,0.25525981187820435
24122,0.27161523699760437
24123,0.7574867010116577
24124,0.35670027136802673
24125,0.017576051875948906
24126,0.015375739894807339
24127,0.03395199030637741
24128,0.038045935332775116
24129,0.19045092165470123
24130,0.10331106185913086
24131,0.12272666394710541
24132,0.38878685235977173
24133,0.9263769388198853
24134,0.7529586553573608
24135,0.8118249177932739
24136,0.016581082716584206
24137,0.7955799102783203
24138,0.7277177572250366
24139,0.24268367886543274
24140,0.7326552271842957
24141,0.1566079705953598
24142,0.3896660804748535
24143,0.157107874751091
24144,0.026373540982604027
24145,0.715725302696228
24146,0.11326485127210617
24147,0.5654587149620056
24148,0.4753718674182892
24149,0.49354612827301025
24150,0.2139638364315033
24151,0.3529065251350403
24152,0.6995571255683899
24153,0.585257351398468
24154,0.053342655301094055
24155,0.4235663414001465
24156,0.42356377840042114
24157,0.026522304862737656
24158,0.2750818431377411
24159,0.12547720968723297
24160,0.01571023277938366
24161,0.5289952158927917
24162,0.39754483103752136
24163,0.03918389230966568
24164,0.018091663718223572
24165,0.8028029203414917
24166,0.07009289413690567
24167,0.10127383470535278
24168,0.03593357652425766
24169,0.324878066778183
24170,0.160645991563797
24171,0.04167427495121956
24172,0.22661888599395752
24173,0.13799212872982025
24174,0.13172201812267303
24175,0.6308354735374451
24176,0.01715954765677452
24177,0.5338122248649597
24178,0.09664889425039291
24179,0.04051493853330612
24180,0.03980322927236557
24181,0.016913367435336113
24182,0.4135054349899292
24183,0.21004213392734528
24184,0.5844426155090332
24185,0.4892510175704956
24186,0.41481688618659973
24187,0.4726303219795227
24188,0.15972664952278137
24189,0.035075537860393524
24190,0.014429078437387943
24191,0.017717724665999413
24192,0.33668452501296997
24193,0.14685527980327606
24194,0.7950469255447388
24195,0.14882443845272064
24196,0.194522887468338
24197,0.15646560490131378
24198,0.1920478194952011
24199,0.5125499367713928
24200,0.7681919932365417
24201,0.34748855233192444
24202,0.37182337045669556
24203,0.16011889278888702
24204,0.05694571137428284
24205,0.2138548344373703
24206,0.024727214127779007
24207,0.3283866345882416
24208,0.6491749882698059
24209,0.13551263511180878
24210,0.018071938306093216
24211,0.2343967854976654
24212,0.4183332920074463
24213,0.4050617218017578
24214,0.9483553767204285
24215,0.3307129144668579
24216,0.17671217024326324
24217,0.4404257535934448
24218,0.4284623861312866
24219,0.015770670026540756
24220,0.1069234162569046
24221,0.09079288691282272
24222,0.8553898334503174
24223,0.31663525104522705
24224,0.5022919178009033
24225,0.22274337708950043
24226,0.29979807138442993
24227,0.3717384934425354
24228,0.1268206387758255
24229,0.7221193909645081
24230,0.3834872245788574
24231,0.7988219261169434
24232,0.5768135786056519
24233,0.44270312786102295
24234,0.9324326515197754
24235,0.03253139555454254
24236,0.08039228618144989
24237,0.3809303343296051
24238,0.014790965244174004
24239,0.020713036879897118
24240,0.07536711543798447
24241,0.43459850549697876
24242,0.583458662033081
24243,0.023131975904107094
24244,0.850803017616272
24245,0.13294300436973572
24246,0.10618305206298828
24247,0.07004552334547043
24248,0.6043392419815063
24249,0.014493558555841446
24250,0.7363699078559875
24251,0.353786826133728
24252,0.18384850025177002
24253,0.06554476916790009
24254,0.4078347682952881
24255,0.12335871905088425
24256,0.25361719727516174
24257,0.421989768743515
24258,0.2349974513053894
24259,0.021766800433397293
24260,0.584514319896698
24261,0.02277003973722458
24262,0.6375182271003723
24263,0.012958110310137272
24264,0.013930266723036766
24265,0.163045272231102
24266,0.12779472768306732
24267,0.32877230644226074
24268,0.035747479647397995
24269,0.018492667004466057
24270,0.8257223963737488
24271,0.4342109262943268
24272,0.41252976655960083
24273,0.32668042182922363
24274,0.0609855055809021
24275,0.2709754407405853
24276,0.07202215492725372
24277,0.7665820121765137
24278,0.8050832748413086
24279,0.5273207426071167
24280,0.34759169816970825
24281,0.7477690577507019
24282,0.11544211953878403
24283,0.4626504182815552
24284,0.3510860502719879
24285,0.2960507869720459
24286,0.024997055530548096
24287,0.07199303060770035
24288,0.054777901619672775
24289,0.5791970491409302
24290,0.13630829751491547
24291,0.025127138942480087
24292,0.7695504426956177
24293,0.1887819916009903
24294,0.41176697611808777
24295,0.16108226776123047
24296,0.04453548789024353
24297,0.17109662294387817
24298,0.01259436272084713
24299,0.5260142683982849
24300,0.06603813171386719
24301,0.9384950995445251
24302,0.1935603767633438
24303,0.11428610980510712
24304,0.2735423445701599
24305,0.11457490175962448
24306,0.145278200507164
24307,0.10803545266389847
24308,0.4765830934047699
24309,0.09567853063344955
24310,0.034599050879478455
24311,0.16406841576099396
24312,0.7475651502609253
24313,0.6729030609130859
24314,0.531490683555603
24315,0.6259274482727051
24316,0.2284342497587204
24317,0.3176029324531555
24318,0.8490145802497864
24319,0.01790693588554859
24320,0.023687366396188736
24321,0.40980690717697144
24322,0.592018187046051
24323,0.20953990519046783
24324,0.21087582409381866
24325,0.15020939707756042
24326,0.23851953446865082
24327,0.4796217679977417
24328,0.4005087912082672
24329,0.06709988415241241
24330,0.26518696546554565
24331,0.5094335079193115
24332,0.24556457996368408
24333,0.3483962416648865
24334,0.033074356615543365
24335,0.10781130939722061
24336,0.021541543304920197
24337,0.06817488372325897
24338,0.9129858613014221
24339,0.06713662296533585
24340,0.30999913811683655
24341,0.07248841971158981
24342,0.971653938293457
24343,0.014038926921784878
24344,0.14457200467586517
24345,0.013360671699047089
24346,0.050453417003154755
24347,0.182383194565773
24348,0.2838085889816284
24349,0.48926037549972534
24350,0.5422330498695374
24351,0.2539138197898865
24352,0.027508920058608055
24353,0.1877676248550415
24354,0.30284589529037476
24355,0.325905978679657
24356,0.9035505056381226
24357,0.05894749239087105
24358,0.2752472758293152
24359,0.10138165205717087
24360,0.3399212956428528
24361,0.08529862016439438
24362,0.8584645390510559
24363,0.4149235486984253
24364,0.8303661346435547
24365,0.4333916902542114
24366,0.35497868061065674
24367,0.16236236691474915
24368,0.19937749207019806
24369,0.49256131052970886
24370,0.21554434299468994
24371,0.0251516904681921
24372,0.028706613928079605
24373,0.37484392523765564
24374,0.35682108998298645
24375,0.9543360471725464
24376,0.013741610571742058
24377,0.4863918721675873
24378,0.048742424696683884
24379,0.37707778811454773
24380,0.8594468832015991
24381,0.47001659870147705
24382,0.3123581111431122
24383,0.5724707841873169
24384,0.25142690539360046
24385,0.569435179233551
24386,0.16732797026634216
24387,0.052893463522195816
24388,0.2700655162334442
24389,0.7446697354316711
24390,0.16701585054397583
24391,0.6360344886779785
24392,0.6803789138793945
24393,0.20775631070137024
24394,0.013928812928497791
24395,0.4020797610282898
24396,0.3373262286186218
24397,0.13807064294815063
24398,0.060917649418115616
24399,0.277895987033844
24400,0.2040955275297165
24401,0.1956634223461151
24402,0.41928595304489136
24403,0.3496611714363098
24404,0.22887086868286133
24405,0.05414385348558426
24406,0.8199041485786438
24407,0.10770279914140701
24408,0.5553797483444214
24409,0.28204700350761414
24410,0.018653372302651405
24411,0.06476882845163345
24412,0.09925124794244766
24413,0.07904264330863953
24414,0.4368094801902771
24415,0.1995064914226532
24416,0.8296668529510498
24417,0.8453787565231323
24418,0.26400724053382874
24419,0.06240055337548256
24420,0.20731863379478455
24421,0.1891818791627884
24422,0.15557609498500824
24423,0.18794465065002441
24424,0.7222405672073364
24425,0.40170788764953613
24426,0.6242998838424683
24427,0.08474302291870117
24428,0.27084439992904663
24429,0.08588869869709015
24430,0.8355457782745361
24431,0.03692980110645294
24432,0.7529371380805969
24433,0.084194116294384
24434,0.046069663017988205
24435,0.3512744605541229
24436,0.1275218278169632
24437,0.3153320550918579
24438,0.5240172147750854
24439,0.2918858826160431
24440,0.05381619930267334
24441,0.838739275932312
24442,0.5684690475463867
24443,0.3186317980289459
24444,0.017503609880805016
24445,0.1926036775112152
24446,0.324739545583725
24447,0.013859645463526249
24448,0.13442586362361908
24449,0.14390820264816284
24450,0.26381704211235046
24451,0.5196747779846191
24452,0.7828381657600403
24453,0.02550550177693367
24454,0.16552335023880005
24455,0.11977041512727737
24456,0.10611910372972488
24457,0.46921905875205994
24458,0.056391432881355286
24459,0.011339486576616764
24460,0.10176923871040344
24461,0.4300413131713867
24462,0.5243045091629028
24463,0.7277225255966187
24464,0.022224241867661476
24465,0.09558676183223724
24466,0.016409603878855705
24467,0.46034958958625793
24468,0.012645132839679718
24469,0.5358887314796448
24470,0.3980357348918915
24471,0.07991471886634827
24472,0.13057535886764526
24473,0.22677358984947205
24474,0.036315757781267166
24475,0.7722638249397278
24476,0.2370898276567459
24477,0.10844089835882187
24478,0.02473047561943531
24479,0.8191139101982117
24480,0.27828195691108704
24481,0.5903809070587158
24482,0.03733103349804878
24483,0.21233735978603363
24484,0.7314779162406921
24485,0.3578636646270752
24486,0.4291149973869324
24487,0.4466189444065094
24488,0.18381856381893158
24489,0.8110770583152771
24490,0.16142436861991882
24491,0.31524625420570374
24492,0.7401736378669739
24493,0.5903517007827759
24494,0.34360331296920776
24495,0.18250545859336853
24496,0.2313750982284546
24497,0.9281425476074219
24498,0.054546259343624115
24499,0.9183191657066345
24500,0.11252341419458389
24501,0.08032966405153275
24502,0.22794637084007263
24503,0.5436265468597412
24504,0.026747755706310272
24505,0.40294119715690613
24506,0.016821909695863724
24507,0.19730645418167114
24508,0.28268057107925415
24509,0.44602906703948975
24510,0.10873811691999435
24511,0.03184731304645538
24512,0.7197041511535645
24513,0.12781590223312378
24514,0.2445484846830368
24515,0.5284627079963684
24516,0.6293429732322693
24517,0.21436332166194916
24518,0.4414202868938446
24519,0.9349918961524963
24520,0.5350761413574219
24521,0.5468207597732544
24522,0.7792702913284302
24523,0.21364308893680573
24524,0.01608593761920929
24525,0.559212327003479
24526,0.040410567075014114
24527,0.39136382937431335
24528,0.013768460601568222
24529,0.12679937481880188
24530,0.13870814442634583
24531,0.5932869911193848
24532,0.09118527919054031
24533,0.027256298810243607
24534,0.6002716422080994
24535,0.07735065370798111
24536,0.14298993349075317
24537,0.5021631121635437
24538,0.15538354218006134
24539,0.2985564172267914
24540,0.4816923141479492
24541,0.08277185261249542
24542,0.4004269242286682
24543,0.08290152996778488
24544,0.04223402589559555
24545,0.8274219632148743
24546,0.36288538575172424
24547,0.011369369924068451
24548,0.15001294016838074
24549,0.3324210047721863
24550,0.025914916768670082
24551,0.010868657380342484
24552,0.1683550924062729
24553,0.02123063988983631
24554,0.3277243375778198
24555,0.019491584971547127
24556,0.01791383884847164
24557,0.8177435398101807
24558,0.012291462160646915
24559,0.8692389726638794
24560,0.5088653564453125
24561,0.199721097946167
24562,0.16583378612995148
24563,0.6174097657203674
24564,0.026661252602934837
24565,0.07159197330474854
24566,0.09058140963315964
24567,0.55970299243927
24568,0.4997047781944275
24569,0.02688518352806568
24570,0.34237971901893616
24571,0.09390857070684433
24572,0.3931027352809906
24573,0.10555129498243332
24574,0.2885732054710388
24575,0.3778664469718933
24576,0.20949268341064453
24577,0.2979899048805237
24578,0.0212646946310997
24579,0.022850653156638145
24580,0.16740146279335022
24581,0.0349140428006649
24582,0.30246973037719727
24583,0.08382932096719742
24584,0.085601307451725
24585,0.10863450914621353
24586,0.015146787278354168
24587,0.0404302179813385
24588,0.37319815158843994
24589,0.29572194814682007
24590,0.31018978357315063
24591,0.052104316651821136
24592,0.5313235521316528
24593,0.3143866956233978
24594,0.5365743637084961
24595,0.10106554627418518
24596,0.016604939475655556
24597,0.06551248580217361
24598,0.31603574752807617
24599,0.030920332297682762
24600,0.3976104259490967
24601,0.018351027742028236
24602,0.025302408263087273
24603,0.01337114255875349
24604,0.38668549060821533
24605,0.06380099803209305
24606,0.11855769902467728
24607,0.7102267146110535
24608,0.020693497732281685
24609,0.16293998062610626
24610,0.014390049502253532
24611,0.5880522131919861
24612,0.024048879742622375
24613,0.7231501936912537
24614,0.7743900418281555
24615,0.18111109733581543
24616,0.031610820442438126
24617,0.21376334130764008
24618,0.2291145622730255
24619,0.2705446183681488
24620,0.3100053071975708
24621,0.1330171525478363
24622,0.12359073013067245
24623,0.4262334406375885
24624,0.14672470092773438
24625,0.38333243131637573
24626,0.4186745285987854
24627,0.15277394652366638
24628,0.45905762910842896
24629,0.4303138852119446
24630,0.7291446924209595
24631,0.6281057000160217
24632,0.034420616924762726
24633,0.21130965650081635
24634,0.10513322055339813
24635,0.29038920998573303
24636,0.8052996397018433
24637,0.04709110036492348
24638,0.02827136591076851
24639,0.4364320933818817
24640,0.36507391929626465
24641,0.24787062406539917
24642,0.3336079716682434
24643,0.35220155119895935
24644,0.35970425605773926
24645,0.02177317626774311
24646,0.9462409019470215
24647,0.49175283312797546
24648,0.4207773804664612
24649,0.02128358744084835
24650,0.028909407556056976
24651,0.38282468914985657
24652,0.4496588110923767
24653,0.7504556179046631
24654,0.3878439962863922
24655,0.04649554193019867
24656,0.33768588304519653
24657,0.24676240980625153
24658,0.030777936801314354
24659,0.7446733713150024
24660,0.015502621419727802
24661,0.7689118981361389
24662,0.4483718276023865
24663,0.022422190755605698
24664,0.6703721284866333
24665,0.4707080125808716
24666,0.8130148649215698
24667,0.05157141014933586
24668,0.2585967779159546
24669,0.1911626011133194
24670,0.3370216488838196
24671,0.3899492025375366
24672,0.013033756986260414
24673,0.02481817454099655
24674,0.09801771491765976
24675,0.33429887890815735
24676,0.583175539970398
24677,0.11535494774580002
24678,0.01392532978206873
24679,0.3231877088546753
24680,0.9177233576774597
24681,0.7980529069900513
24682,0.012574175372719765
24683,0.01920553483068943
24684,0.5299833416938782
24685,0.8814662098884583
24686,0.029207056388258934
24687,0.3143101632595062
24688,0.818518877029419
24689,0.014669250696897507
24690,0.7167690992355347
24691,0.8448381423950195
24692,0.45512789487838745
24693,0.14670057594776154
24694,0.41906681656837463
24695,0.3329351544380188
24696,0.4558098614215851
24697,0.6861510276794434
24698,0.0693509504199028
24699,0.4551021158695221
24700,0.5505357384681702
24701,0.19630230963230133
24702,0.9024252891540527
24703,0.07729583233594894
24704,0.02770880237221718
24705,0.013182124122977257
24706,0.7917534708976746
24707,0.27660080790519714
24708,0.1789489984512329
24709,0.1463676542043686
24710,0.019944608211517334
24711,0.013143444433808327
24712,0.6052062511444092
24713,0.26849403977394104
24714,0.05760560184717178
24715,0.14107713103294373
24716,0.024758892133831978
24717,0.19844754040241241
24718,0.40902742743492126
24719,0.7620261311531067
24720,0.018700802698731422
24721,0.5119869112968445
24722,0.10128621011972427
24723,0.03058673068881035
24724,0.45609357953071594
24725,0.6403361558914185
24726,0.17852123081684113
24727,0.7366015315055847
24728,0.04567626491189003
24729,0.7462798953056335
24730,0.6220169067382812
24731,0.37342026829719543
24732,0.10450074821710587
24733,0.026024607941508293
24734,0.3065049648284912
24735,0.35322055220603943
24736,0.4601425230503082
24737,0.6257994771003723
24738,0.4693952798843384
24739,0.37128978967666626
24740,0.03307319059967995
24741,0.503714919090271
24742,0.030646223574876785
24743,0.5137035846710205
24744,0.148512065410614
24745,0.5744759440422058
24746,0.24311208724975586
24747,0.1213935911655426
24748,0.2505696415901184
24749,0.017816150560975075
24750,0.2946368455886841
24751,0.22510528564453125
24752,0.16428592801094055
24753,0.06633739918470383
24754,0.4332440495491028
24755,0.015545130707323551
24756,0.021118488162755966
24757,0.39514127373695374
24758,0.6206262707710266
24759,0.048909254372119904
24760,0.5936836004257202
24761,0.8266686797142029
24762,0.9295129179954529
24763,0.18494407832622528
24764,0.13685262203216553
24765,0.548724889755249
24766,0.5959539413452148
24767,0.7110726237297058
24768,0.3269102871417999
24769,0.5304945111274719
24770,0.8046404123306274
24771,0.2177642285823822
24772,0.09000755846500397
24773,0.44879505038261414
24774,0.2328956574201584
24775,0.4715502858161926
24776,0.021645212545990944
24777,0.37886860966682434
24778,0.6710194945335388
24779,0.022265492007136345
24780,0.5162911415100098
24781,0.38449186086654663
24782,0.053970739245414734
24783,0.7064844369888306
24784,0.07938383519649506
24785,0.007540029473602772
24786,0.3621712028980255
24787,0.7915266156196594
24788,0.028486600145697594
24789,0.011345229111611843
24790,0.5611997246742249
24791,0.1584424078464508
24792,0.435176283121109
24793,0.07018335163593292
24794,0.2558740973472595
24795,0.026773935183882713
24796,0.019865412265062332
24797,0.8182880282402039
24798,0.03544621169567108
24799,0.483787477016449
24800,0.015719689428806305
24801,0.06050897389650345
24802,0.4786622226238251
24803,0.034428320825099945
24804,0.0963415801525116
24805,0.2646973431110382
24806,0.19337818026542664
24807,0.245570570230484
24808,0.02608003281056881
24809,0.19200922548770905
24810,0.31071382761001587
24811,0.4098670482635498
24812,0.38746801018714905
24813,0.4093319773674011
24814,0.18915903568267822
24815,0.025641176849603653
24816,0.8038057684898376
24817,0.017115669324994087
24818,0.07075964659452438
24819,0.5060156583786011
24820,0.02864689752459526
24821,0.5982275605201721
24822,0.8018046021461487
24823,0.7581088542938232
24824,0.5854584574699402
24825,0.345012366771698
24826,0.09129191190004349
24827,0.05553334206342697
24828,0.19871637225151062
24829,0.27037230134010315
24830,0.024090655148029327
24831,0.17006780207157135
24832,0.022862164303660393
24833,0.253719300031662
24834,0.6059148907661438
24835,0.18471333384513855
24836,0.6803915500640869
24837,0.132193461060524
24838,0.8536860942840576
24839,0.08874832093715668
24840,0.11126918345689774
24841,0.4908613860607147
24842,0.7636798620223999
24843,0.41547688841819763
24844,0.020509015768766403
24845,0.6509754657745361
24846,0.6578338742256165
24847,0.1583963930606842
24848,0.4403969943523407
24849,0.21107295155525208
24850,0.13928773999214172
24851,0.8321529030799866
24852,0.09790133684873581
24853,0.06172533333301544
24854,0.044133055955171585
24855,0.5769361853599548
24856,0.034508682787418365
24857,0.49081674218177795
24858,0.026736047118902206
24859,0.2711173892021179
24860,0.047974150627851486
24861,0.1150740459561348
24862,0.357649028301239
24863,0.3176378905773163
24864,0.021095817908644676
24865,0.18155865371227264
24866,0.29527804255485535
24867,0.03184285759925842
24868,0.3648878335952759
24869,0.7274242043495178
24870,0.10137109458446503
24871,0.16761279106140137
24872,0.08060313761234283
24873,0.13299311697483063
24874,0.012403944507241249
24875,0.09906705468893051
24876,0.4436749219894409
24877,0.04270784556865692
24878,0.03390980884432793
24879,0.34420421719551086
24880,0.11690984666347504
24881,0.23440539836883545
24882,0.01708986796438694
24883,0.9642230868339539
24884,0.6521735787391663
24885,0.0813562422990799
24886,0.1411239355802536
24887,0.34780243039131165
24888,0.8767895102500916
24889,0.4913168251514435
24890,0.05265336111187935
24891,0.04454560577869415
24892,0.019578859210014343
24893,0.31413519382476807
24894,0.049835674464702606
24895,0.614482045173645
24896,0.300747275352478
24897,0.40897825360298157
24898,0.013393081724643707
24899,0.08926106244325638
24900,0.03795727714896202
24901,0.5906893014907837
24902,0.06694042682647705
24903,0.01622970961034298
24904,0.17072810232639313
24905,0.0511355996131897
24906,0.8860326409339905
24907,0.04864183068275452
24908,0.11769458651542664
24909,0.32337313890457153
24910,0.8215669989585876
24911,0.381002277135849
24912,0.2960618734359741
24913,0.16326576471328735
24914,0.7451598048210144
24915,0.10355941206216812
24916,0.7502651810646057
24917,0.4449998140335083
24918,0.478047639131546
24919,0.19735127687454224
24920,0.22358669340610504
24921,0.08262784779071808
24922,0.19672900438308716
24923,0.8719523549079895
24924,0.36411675810813904
24925,0.74440997838974
24926,0.022630803287029266
24927,0.02021331898868084
24928,0.015857448801398277
24929,0.12488953024148941
24930,0.8521813154220581
24931,0.026475582271814346
24932,0.02082338184118271
24933,0.044687915593385696
24934,0.3957279324531555
24935,0.8313884735107422
24936,0.835538387298584
24937,0.2241154909133911
24938,0.18073680996894836
24939,0.12947909533977509
24940,0.023255297914147377
24941,0.45614615082740784
24942,0.029827730730175972
24943,0.11353471875190735
24944,0.024323439225554466
24945,0.4363778233528137
24946,0.016512542963027954
24947,0.6379386782646179
24948,0.342027485370636
24949,0.47982722520828247
24950,0.5298604369163513
24951,0.08635038882493973
24952,0.07111643254756927
24953,0.45377498865127563
24954,0.03231552615761757
24955,0.06933709233999252
24956,0.38102954626083374
24957,0.23920932412147522
24958,0.5067892074584961
24959,0.4168882668018341
24960,0.5081903338432312
24961,0.030922871083021164
24962,0.26959124207496643
24963,0.09620252251625061
24964,0.5652730464935303
24965,0.13939571380615234
24966,0.47043749690055847
24967,0.052275605499744415
24968,0.7634223103523254
24969,0.3036692440509796
24970,0.8298001289367676
24971,0.011113808490335941
24972,0.019871024414896965
24973,0.3924892246723175
24974,0.09406248480081558
24975,0.07408342510461807
24976,0.28826868534088135
24977,0.614795982837677
24978,0.1562068611383438
24979,0.6687772274017334
24980,0.17616389691829681
24981,0.01863207295536995
24982,0.061215028166770935
24983,0.16680242121219635
24984,0.4917041063308716
24985,0.13275136053562164
24986,0.017347363755106926
24987,0.8119651675224304
24988,0.07881210744380951
24989,0.22138208150863647
24990,0.21742600202560425
24991,0.30257701873779297
24992,0.4893588423728943
24993,0.1534794270992279
24994,0.03756127133965492
24995,0.7161058187484741
24996,0.6250162720680237
24997,0.11428755521774292
24998,0.01809493824839592
24999,0.8271177411079407
25000,0.37779197096824646
25001,0.5169759392738342
25002,0.05307285860180855
25003,0.09021121263504028
25004,0.10516636818647385
25005,0.02663678675889969
25006,0.3685782551765442
25007,0.30621013045310974
25008,0.4719996452331543
25009,0.6667162775993347
25010,0.5302602052688599
25011,0.4754510223865509
25012,0.8793211579322815
25013,0.04203470051288605
25014,0.5845156311988831
25015,0.6894097924232483
25016,0.6677700877189636
25017,0.11465257406234741
25018,0.2252873331308365
25019,0.4721566140651703
25020,0.2129260152578354
25021,0.8314806818962097
25022,0.39342305064201355
25023,0.10117261111736298
25024,0.01962503232061863
25025,0.31858986616134644
25026,0.9042789340019226
25027,0.19378705322742462
25028,0.14185155928134918
25029,0.027577832341194153
25030,0.1920090764760971
25031,0.10334380716085434
25032,0.025010576471686363
25033,0.0410178005695343
25034,0.032893430441617966
25035,0.4064021110534668
25036,0.27415063977241516
25037,0.7137078642845154
25038,0.8354311585426331
25039,0.14003363251686096
25040,0.18560053408145905
25041,0.47468850016593933
25042,0.7817469835281372
25043,0.02056722901761532
25044,0.1770334392786026
25045,0.21291272342205048
25046,0.30375903844833374
25047,0.4363909065723419
25048,0.021455954760313034
25049,0.02712041698396206
25050,0.016653455793857574
25051,0.17306110262870789
25052,0.0206427201628685
25053,0.5996670722961426
25054,0.01663045771420002
25055,0.18324768543243408
25056,0.1277785450220108
25057,0.580578088760376
25058,0.7266309261322021
25059,0.025962166488170624
25060,0.045327939093112946
25061,0.2503124475479126
25062,0.03684007376432419
25063,0.3410816788673401
25064,0.5515413880348206
25065,0.36230772733688354
25066,0.2398439198732376
25067,0.6822670102119446
25068,0.28775081038475037
25069,0.14275142550468445
25070,0.4068770706653595
25071,0.3232061564922333
25072,0.0288347527384758
25073,0.09754627197980881
25074,0.14884993433952332
25075,0.8391943573951721
25076,0.10958311706781387
25077,0.4553995430469513
25078,0.01835392229259014
25079,0.21751642227172852
25080,0.07106634974479675
25081,0.32848840951919556
25082,0.03824092075228691
25083,0.23650817573070526
25084,0.29030486941337585
25085,0.6351100206375122
25086,0.01677616685628891
25087,0.09739295393228531
25088,0.20167699456214905
25089,0.14967919886112213
25090,0.20612429082393646
25091,0.05732882767915726
25092,0.30932602286338806
25093,0.1771419197320938
25094,0.9519360661506653
25095,0.2287822812795639
25096,0.04907980188727379
25097,0.2933897376060486
25098,0.06767410039901733
25099,0.4821338355541229
25100,0.2608010470867157
25101,0.23511970043182373
25102,0.02316274680197239
25103,0.34140655398368835
25104,0.32888728380203247
25105,0.5788050889968872
25106,0.024243352934718132
25107,0.4593755900859833
25108,0.4870721697807312
25109,0.019321145489811897
25110,0.26561903953552246
25111,0.016010357066988945
25112,0.8194698691368103
25113,0.5728477239608765
25114,0.776871919631958
25115,0.2918161153793335
25116,0.034940168261528015
25117,0.20168383419513702
25118,0.11882700026035309
25119,0.01941615343093872
25120,0.013921263627707958
25121,0.17205680906772614
25122,0.39089319109916687
25123,0.07952344417572021
25124,0.01884535513818264
25125,0.2775995433330536
25126,0.15348772704601288
25127,0.021464426070451736
25128,0.040040284395217896
25129,0.22191300988197327
25130,0.9850738048553467
25131,0.18669798970222473
25132,0.6786458492279053
25133,0.02245832048356533
25134,0.02759556844830513
25135,0.7689200043678284
25136,0.4542445242404938
25137,0.3593798279762268
25138,0.011597656644880772
25139,0.66170334815979
25140,0.3439769148826599
25141,0.22640539705753326
25142,0.7192853689193726
25143,0.704656183719635
25144,0.1256054937839508
25145,0.2817430794239044
25146,0.07205941528081894
25147,0.40273502469062805
25148,0.6940420866012573
25149,0.3939323127269745
25150,0.7527758479118347
25151,0.04603039473295212
25152,0.7625455260276794
25153,0.31111645698547363
25154,0.16181644797325134
25155,0.26306280493736267
25156,0.11082890629768372
25157,0.2241801768541336
25158,0.17507800459861755
25159,0.024380113929510117
25160,0.3428035378456116
25161,0.8229272961616516
25162,0.8215633630752563
25163,0.5727248191833496
25164,0.12593688070774078
25165,0.09495086967945099
25166,0.024869224056601524
25167,0.062166277319192886
25168,0.1075480654835701
25169,0.7558594346046448
25170,0.1696094572544098
25171,0.20978526771068573
25172,0.11501049995422363
25173,0.05079808086156845
25174,0.02962944284081459
25175,0.08689968287944794
25176,0.8973150253295898
25177,0.21757474541664124
25178,0.4198601245880127
25179,0.23242425918579102
25180,0.2581498920917511
25181,0.07268977165222168
25182,0.6384031176567078
25183,0.34994783997535706
25184,0.025775019079446793
25185,0.09758652001619339
25186,0.025954529643058777
25187,0.628494143486023
25188,0.8839558959007263
25189,0.8603297472000122
25190,0.026202626526355743
25191,0.4655512571334839
25192,0.22539103031158447
25193,0.03973539173603058
25194,0.011227295733988285
25195,0.05071709305047989
25196,0.05743209272623062
25197,0.4537600576877594
25198,0.6824571490287781
25199,0.3242220878601074
25200,0.027168281376361847
25201,0.030406326055526733
25202,0.28997817635536194
25203,0.04246573522686958
25204,0.6357251405715942
25205,0.28307512402534485
25206,0.020888399332761765
25207,0.6264693737030029
25208,0.07791966944932938
25209,0.35765597224235535
25210,0.013255120255053043
25211,0.4584544003009796
25212,0.3438904285430908
25213,0.047286368906497955
25214,0.5259482264518738
25215,0.38399437069892883
25216,0.021690530702471733
25217,0.042300913482904434
25218,0.1445116549730301
25219,0.9415633082389832
25220,0.4744546115398407
25221,0.605818510055542
25222,0.5769094824790955
25223,0.4955863654613495
25224,0.03286890313029289
25225,0.021366389468312263
25226,0.017566058784723282
25227,0.49403896927833557
25228,0.03257044777274132
25229,0.45103466510772705
25230,0.010325516574084759
25231,0.03690556436777115
25232,0.3145458698272705
25233,0.6282660365104675
25234,0.33139902353286743
25235,0.49437591433525085
25236,0.6187272667884827
25237,0.06961363554000854
25238,0.829331636428833
25239,0.2011731117963791
25240,0.6113705635070801
25241,0.01272597350180149
25242,0.505433976650238
25243,0.7465546727180481
25244,0.1331372857093811
25245,0.01202983409166336
25246,0.16409222781658173
25247,0.4348107576370239
25248,0.06983544677495956
25249,0.715222954750061
25250,0.29017823934555054
25251,0.13023725152015686
25252,0.08393204212188721
25253,0.5287091732025146
25254,0.12376566231250763
25255,0.034853946417570114
25256,0.07882168143987656
25257,0.2514866888523102
25258,0.05797111243009567
25259,0.29227763414382935
25260,0.18319426476955414
25261,0.18055491149425507
25262,0.06297982484102249
25263,0.02925807051360607
25264,0.9118792414665222
25265,0.13992707431316376
25266,0.11173631995916367
25267,0.4190766215324402
25268,0.3741658926010132
25269,0.08549166470766068
25270,0.48807916045188904
25271,0.6888905167579651
25272,0.022878793999552727
25273,0.018368598073720932
25274,0.603162944316864
25275,0.06288319081068039
25276,0.5748230218887329
25277,0.1747058928012848
25278,0.043602120131254196
25279,0.12943948805332184
25280,0.20746146142482758
25281,0.08906988799571991
25282,0.4968900978565216
25283,0.12627702951431274
25284,0.1255747526884079
25285,0.031695157289505005
25286,0.20827129483222961
25287,0.9349945187568665
25288,0.028777603060007095
25289,0.14041264355182648
25290,0.4403943717479706
25291,0.04472651332616806
25292,0.6441947817802429
25293,0.09598634392023087
25294,0.5549391508102417
25295,0.6484602689743042
25296,0.09639792889356613
25297,0.25135356187820435
25298,0.02489890158176422
25299,0.7702959179878235
25300,0.02099102921783924
25301,0.08147281408309937
25302,0.29166388511657715
25303,0.09456654638051987
25304,0.043799351900815964
25305,0.08534418791532516
25306,0.17882533371448517
25307,0.6443766355514526
25308,0.3635769784450531
25309,0.0171462744474411
25310,0.03203412517905235
25311,0.09952667355537415
25312,0.16537337005138397
25313,0.04389456659555435
25314,0.3655473291873932
25315,0.31067782640457153
25316,0.5528146028518677
25317,0.6249455809593201
25318,0.42434224486351013
25319,0.017466861754655838
25320,0.37372028827667236
25321,0.06830847263336182
25322,0.1546771079301834
25323,0.46614864468574524
25324,0.012740131467580795
25325,0.015579492785036564
25326,0.11298840492963791
25327,0.5395218133926392
25328,0.03262438625097275
25329,0.21720357239246368
25330,0.5013156533241272
25331,0.6954852938652039
25332,0.0649465024471283
25333,0.09099124372005463
25334,0.39574262499809265
25335,0.33901339769363403
25336,0.7383342981338501
25337,0.40496277809143066
25338,0.02807532250881195
25339,0.37533923983573914
25340,0.7507854104042053
25341,0.26193687319755554
25342,0.4343087375164032
25343,0.533626139163971
25344,0.2906908690929413
25345,0.9273293018341064
25346,0.1089412271976471
25347,0.21453408896923065
25348,0.1815735101699829
25349,0.22106774151325226
25350,0.19756558537483215
25351,0.6512742638587952
25352,0.035528071224689484
25353,0.08772692084312439
25354,0.22372566163539886
25355,0.08107341080904007
25356,0.06238597631454468
25357,0.043857939541339874
25358,0.2672901451587677
25359,0.4314754605293274
25360,0.3596020042896271
25361,0.5249010920524597
25362,0.01855352334678173
25363,0.016064180061221123
25364,0.8018097877502441
25365,0.03634839504957199
25366,0.8181391358375549
25367,0.1885196715593338
25368,0.5129087567329407
25369,0.20311839878559113
25370,0.095291368663311
25371,0.8146200180053711
25372,0.6437094807624817
25373,0.6553654670715332
25374,0.37457919120788574
25375,0.024096086621284485
25376,0.044362131506204605
25377,0.03782656416296959
25378,0.5414036512374878
25379,0.4593967795372009
25380,0.833618700504303
25381,0.02109489217400551
25382,0.5759829878807068
25383,0.8418575525283813
25384,0.1511162519454956
25385,0.5556190013885498
25386,0.022852035239338875
25387,0.16648991405963898
25388,0.17059823870658875
25389,0.06383803486824036
25390,0.785770833492279
25391,0.189569890499115
25392,0.22965829074382782
25393,0.1191347986459732
25394,0.014685000292956829
25395,0.9770510792732239
25396,0.018045956268906593
25397,0.107588991522789
25398,0.22735317051410675
25399,0.12324521690607071
25400,0.12753617763519287
25401,0.5707670450210571
25402,0.16788773238658905
25403,0.017858805134892464
25404,0.5873313546180725
25405,0.26662927865982056
25406,0.2740425169467926
25407,0.03227001801133156
25408,0.25939732789993286
25409,0.021826449781656265
25410,0.26242977380752563
25411,0.32311269640922546
25412,0.047386012971401215
25413,0.1370072215795517
25414,0.4859061539173126
25415,0.0159539096057415
25416,0.24518434703350067
25417,0.6635685563087463
25418,0.39497411251068115
25419,0.03352460265159607
25420,0.2864871621131897
25421,0.014872170053422451
25422,0.8204282522201538
25423,0.06589660048484802
25424,0.570701539516449
25425,0.3132518529891968
25426,0.3687250018119812
25427,0.23327167332172394
25428,0.041421711444854736
25429,0.18636487424373627
25430,0.1563749611377716
25431,0.27662351727485657
25432,0.2028752565383911
25433,0.454252153635025
25434,0.20931588113307953
25435,0.3097015619277954
25436,0.603830099105835
25437,0.014074242673814297
25438,0.7439793944358826
25439,0.2949362099170685
25440,0.034431666135787964
25441,0.4343882203102112
25442,0.029745379462838173
25443,0.7164949178695679
25444,0.033748842775821686
25445,0.8258763551712036
25446,0.04476837068796158
25447,0.2312970608472824
25448,0.01586739346385002
25449,0.5412143468856812
25450,0.029106881469488144
25451,0.08932756632566452
25452,0.22104200720787048
25453,0.22471940517425537
25454,0.026872698217630386
25455,0.017357436940073967
25456,0.13194234669208527
25457,0.7957743406295776
25458,0.5724707841873169
25459,0.6988433599472046
25460,0.46550673246383667
25461,0.04703275114297867
25462,0.18961121141910553
25463,0.03314588963985443
25464,0.01682858355343342
25465,0.410485178232193
25466,0.7581608891487122
25467,0.19392669200897217
25468,0.3964653015136719
25469,0.07573395222425461
25470,0.12379332631826401
25471,0.3987921178340912
25472,0.725793182849884
25473,0.018724868074059486
25474,0.13872046768665314
25475,0.2651825547218323
25476,0.07878819108009338
25477,0.3564809262752533
25478,0.7140082120895386
25479,0.2930205762386322
25480,0.019371146336197853
25481,0.34140440821647644
25482,0.009522355161607265
25483,0.030221769586205482
25484,0.6273928880691528
25485,0.03478020057082176
25486,0.48237141966819763
25487,0.14047153294086456
25488,0.6524838805198669
25489,0.8246167302131653
25490,0.7184158563613892
25491,0.18986019492149353
25492,0.024213947355747223
25493,0.4081323444843292
25494,0.3585466146469116
25495,0.07597912847995758
25496,0.19334091246128082
25497,0.13737274706363678
25498,0.08930378407239914
25499,0.017058897763490677
25500,0.031544025987386703
25501,0.08015279471874237
25502,0.3484150469303131
25503,0.03954048082232475
25504,0.2976512312889099
25505,0.013137983158230782
25506,0.09121278673410416
25507,0.011308789253234863
