id,stroke
15304,0.14294852316379547
15305,0.2507610321044922
15306,0.10122451186180115
15307,0.17116080224514008
15308,0.10790552198886871
15309,0.10964381694793701
15310,0.10217517614364624
15311,0.16994130611419678
15312,0.10075202584266663
15313,0.11774234473705292
15314,0.11845988035202026
15315,0.26579248905181885
15316,0.10236701369285583
15317,0.10207166522741318
15318,0.12016032636165619
15319,0.1014355942606926
15320,0.10185997188091278
15321,0.10110289603471756
15322,0.13381536304950714
15323,0.17671284079551697
15324,0.13072797656059265
15325,0.10238997638225555
15326,0.10075202584266663
15327,0.10518791526556015
15328,0.13234546780586243
15329,0.11614910513162613
15330,0.10188676416873932
15331,0.14949652552604675
15332,0.09997565299272537
15333,0.10913653671741486
15334,0.284450501203537
15335,0.10001945495605469
15336,0.11353322863578796
15337,0.23047693073749542
15338,0.1586465835571289
15339,0.103841632604599
15340,0.27494269609451294
15341,0.1350986659526825
15342,0.10540524125099182
15343,0.10189300030469894
15344,0.1032206118106842
15345,0.09997889399528503
15346,0.10004814714193344
15347,0.16551704704761505
15348,0.16284842789173126
15349,0.09997565299272537
15350,0.1377449631690979
15351,0.09853998571634293
15352,0.2776898145675659
15353,0.10425563901662827
15354,0.10027953237295151
15355,0.09997565299272537
15356,0.09948107600212097
15357,0.10757441073656082
15358,0.22377079725265503
15359,0.09999515116214752
15360,0.13480155169963837
15361,0.10451129078865051
15362,0.12416011840105057
15363,0.10122451186180115
15364,0.10841477662324905
15365,0.12501223385334015
15366,0.10493095219135284
15367,0.13072709739208221
15368,0.25769591331481934
15369,0.09948107600212097
15370,0.1487959325313568
15371,0.09837497770786285
15372,0.10185471922159195
15373,0.11200704425573349
15374,0.1125657930970192
15375,0.1023617684841156
15376,0.10384198278188705
15377,0.17041915655136108
15378,0.09997565299272537
15379,0.5987343192100525
15380,0.12612134218215942
15381,0.10094184428453445
15382,0.05709075927734375
15383,0.09942125529050827
15384,0.11030511558055878
15385,0.12274596840143204
15386,0.10183147341012955
15387,0.16792471706867218
15388,0.09948107600212097
15389,0.15539588034152985
15390,0.14948458969593048
15391,0.13260231912136078
15392,0.09997040033340454
15393,0.10183147341012955
15394,0.5004671812057495
15395,0.10708748549222946
15396,0.11062952131032944
15397,0.13038833439350128
15398,0.09948107600212097
15399,0.11111554503440857
15400,0.10361860692501068
15401,0.13458311557769775
15402,0.10015270113945007
15403,0.11993627995252609
15404,0.10501795262098312
15405,0.14727361500263214
15406,0.11094675213098526
15407,0.10724355280399323
15408,0.2391623705625534
15409,0.14147920906543732
15410,0.14052285254001617
15411,0.5281459093093872
15412,0.15611129999160767
15413,0.11683866381645203
15414,0.09997565299272537
15415,0.10129065066576004
15416,0.3431669771671295
15417,0.1700385957956314
15418,0.10215415805578232
15419,0.21019446849822998
15420,0.12360910326242447
15421,0.23599456250667572
15422,0.10315055400133133
15423,0.10646424442529678
15424,0.10230762511491776
15425,0.12336868792772293
15426,0.11429157108068466
15427,0.10324616730213165
15428,0.17267422378063202
15429,0.13953939080238342
15430,0.10526692122220993
15431,0.10150553286075592
15432,0.1037895530462265
15433,0.11198462545871735
15434,0.09914029389619827
15435,0.14061176776885986
15436,0.11753254383802414
15437,0.12324821203947067
15438,0.4662448465824127
15439,0.10192690789699554
15440,0.10713827610015869
15441,0.14584042131900787
15442,0.10122451186180115
15443,0.10490724444389343
15444,0.10617046803236008
15445,0.17381010949611664
15446,0.1995994597673416
15447,0.202503502368927
15448,0.10570816695690155
15449,0.12008960545063019
15450,0.10056167095899582
15451,0.10294194519519806
15452,0.17033398151397705
15453,0.1319316178560257
15454,0.15726837515830994
15455,0.10186537355184555
15456,0.11222943663597107
15457,0.1018766462802887
15458,0.10525894165039062
15459,0.10949388891458511
15460,0.2917373478412628
15461,0.10185997188091278
15462,0.1319517195224762
15463,0.1259881556034088
15464,0.1560581773519516
15465,0.3973201811313629
15466,0.11264517158269882
15467,0.10722161829471588
15468,0.11839212477207184
15469,0.10185997188091278
15470,0.14173181354999542
15471,0.44555437564849854
15472,0.10354916006326675
15473,0.10275077074766159
15474,0.09927979856729507
15475,0.15140151977539062
15476,0.10471605509519577
15477,0.09948107600212097
15478,0.10144612193107605
15479,0.20141102373600006
15480,0.1147247925400734
15481,0.10607706010341644
15482,0.10455907881259918
15483,0.11389818787574768
15484,0.7604441046714783
15485,0.11184204369783401
15486,0.14436636865139008
15487,0.13862116634845734
15488,0.10392433404922485
15489,0.36861711740493774
15490,0.14499442279338837
15491,0.15904107689857483
15492,0.1014355942606926
15493,0.10238997638225555
15494,0.10087224841117859
15495,0.09948107600212097
15496,0.10842756927013397
15497,0.3414264917373657
15498,0.28767722845077515
15499,0.1005980595946312
15500,0.11703643202781677
15501,0.10948586463928223
15502,0.13553127646446228
15503,0.11507871001958847
15504,0.3932226300239563
15505,0.09997565299272537
15506,0.4051859378814697
15507,0.09997565299272537
15508,0.2760258615016937
15509,0.43311285972595215
15510,0.14920228719711304
15511,0.14582841098308563
15512,0.13866417109966278
15513,0.15417522192001343
15514,0.1275397390127182
15515,0.10135684162378311
15516,0.10461362451314926
15517,0.10131378471851349
15518,0.1020469069480896
15519,0.10094184428453445
15520,0.1017390564084053
15521,0.10203556716442108
15522,0.21936994791030884
15523,0.1014355942606926
15524,0.09997565299272537
15525,0.10635208338499069
15526,0.15256717801094055
15527,0.10192690789699554
15528,0.11162865906953812
15529,0.2888520658016205
15530,0.15282927453517914
15531,0.11838368326425552
15532,0.1565120965242386
15533,0.1357024759054184
15534,0.10388846695423126
15535,0.11328886449337006
15536,0.3039298355579376
15537,0.1522364467382431
15538,0.10350529104471207
15539,0.10094184428453445
15540,0.10336398333311081
15541,0.09986302256584167
15542,0.10422159731388092
15543,0.10094184428453445
15544,0.14110879600048065
15545,0.15365418791770935
15546,0.3217678368091583
15547,0.10761350393295288
15548,0.2950821816921234
15549,0.1927337646484375
15550,0.10188113152980804
15551,0.10474510490894318
15552,0.10258974879980087
15553,0.09997565299272537
15554,0.10185997188091278
15555,0.15778577327728271
15556,0.09671542048454285
15557,0.10117176920175552
15558,0.10270853340625763
15559,0.27296653389930725
15560,0.1013069748878479
15561,0.10647096484899521
15562,0.10415491461753845
15563,0.10010828822851181
15564,0.10432407259941101
15565,0.10184533149003983
15566,0.17894864082336426
15567,0.13289682567119598
15568,0.09997565299272537
15569,0.10437226295471191
15570,0.17189745604991913
15571,0.38717660307884216
15572,0.10214509069919586
15573,0.10955653339624405
15574,0.10420605540275574
15575,0.1059364527463913
15576,0.12237516790628433
15577,0.33444178104400635
15578,0.3133658468723297
15579,0.09997565299272537
15580,0.10751309245824814
15581,0.09997565299272537
15582,0.2141040861606598
15583,0.10533234477043152
15584,0.10284151881933212
15585,0.25136598944664
15586,0.10186537355184555
15587,0.10502328723669052
15588,0.10135684162378311
15589,0.10495074093341827
15590,0.3461238741874695
15591,0.09948668628931046
15592,0.14132121205329895
15593,0.10189300030469894
15594,0.138595849275589
15595,0.07447643578052521
15596,0.10122451186180115
15597,0.13461777567863464
15598,0.09883910417556763
15599,0.13807639479637146
15600,0.10482592135667801
15601,0.13769936561584473
15602,0.12812966108322144
15603,0.1779356449842453
15604,0.17226922512054443
15605,0.13713932037353516
15606,0.1049782857298851
15607,0.2347283959388733
15608,0.11271735280752182
15609,0.10255584865808487
15610,0.1293914020061493
15611,0.10739248245954514
15612,0.3927704393863678
15613,0.13383473455905914
15614,0.09997565299272537
15615,0.11979102343320847
15616,0.10776074230670929
15617,0.10212250798940659
15618,0.31863346695899963
15619,0.1200566440820694
15620,0.11887597292661667
15621,0.10054194927215576
15622,0.09997565299272537
15623,0.1230614110827446
15624,0.10045430064201355
15625,0.09883910417556763
15626,0.22011788189411163
15627,0.10135684162378311
15628,0.10213322937488556
15629,0.10438546538352966
15630,0.37720027565956116
15631,0.09997565299272537
15632,0.10122451186180115
15633,0.09652569890022278
15634,0.1762092262506485
15635,0.5336143374443054
15636,0.10132461041212082
15637,0.3699105381965637
15638,0.11413367092609406
15639,0.09947582334280014
15640,0.10122451186180115
15641,0.1356067806482315
15642,0.10490921884775162
15643,0.10332987457513809
15644,0.10059943795204163
15645,0.11229130625724792
15646,0.2566046416759491
15647,0.10122451186180115
15648,0.10050013661384583
15649,0.11324711889028549
15650,0.09831605851650238
15651,0.09997565299272537
15652,0.2299851030111313
15653,0.1013408675789833
15654,0.10135684162378311
15655,0.10069712996482849
15656,0.10124565660953522
15657,0.12303018569946289
15658,0.23989993333816528
15659,0.1303400695323944
15660,0.1113143041729927
15661,0.10012434422969818
15662,0.1014355942606926
15663,0.20674920082092285
15664,0.10302291810512543
15665,0.09914029389619827
15666,0.09947582334280014
15667,0.11672688275575638
15668,0.10789300501346588
15669,0.10809537768363953
15670,0.15548524260520935
15671,0.10058117657899857
15672,0.3305203318595886
15673,0.11973751336336136
15674,0.1071975901722908
15675,0.1352207362651825
15676,0.25022462010383606
15677,0.118104949593544
15678,0.10340514779090881
15679,0.09950058162212372
15680,0.1837853640317917
15681,0.15498848259449005
15682,0.09933190047740936
15683,0.10175694525241852
15684,0.10812322050333023
15685,0.1019584909081459
15686,0.13711076974868774
15687,0.10217450559139252
15688,0.13638709485530853
15689,0.12716132402420044
15690,0.1850733757019043
15691,0.18919894099235535
15692,0.23673628270626068
15693,0.1026543378829956
15694,0.10564004629850388
15695,0.10179866850376129
15696,0.10282955318689346
15697,0.0
15698,0.10664191842079163
15699,0.2206912338733673
15700,0.10171027481555939
15701,0.10414879769086838
15702,0.10056167095899582
15703,0.10096906125545502
15704,0.10215093195438385
15705,0.1041572242975235
15706,0.12612184882164001
15707,0.13271355628967285
15708,0.09997565299272537
15709,0.10090485215187073
15710,0.10589120537042618
15711,0.11361758410930634
15712,0.1000533476471901
15713,0.1013408675789833
15714,0.3870088756084442
15715,0.10168714076280594
15716,0.14023441076278687
15717,0.11059857904911041
15718,0.14122356474399567
15719,0.44797980785369873
15720,0.10135684162378311
15721,0.13260231912136078
15722,0.14585739374160767
15723,0.25850069522857666
15724,0.09997565299272537
15725,0.1001071184873581
15726,0.24395589530467987
15727,0.13641664385795593
15728,0.1526435762643814
15729,0.11393856257200241
15730,0.3646945357322693
15731,0.2494070827960968
15732,0.12295673787593842
15733,0.10890502482652664
15734,0.10103534162044525
15735,0.15481506288051605
15736,0.10336398333311081
15737,0.10649589449167252
15738,0.10316994041204453
15739,0.10170503705739975
15740,0.14255410432815552
15741,0.10056167095899582
15742,0.09997565299272537
15743,0.10360895097255707
15744,0.09933190047740936
15745,0.22306308150291443
15746,0.10589220374822617
15747,0.10924406349658966
15748,0.15548180043697357
15749,0.11043191701173782
15750,0.2954549491405487
15751,0.10135684162378311
15752,0.10253478586673737
15753,0.22269538044929504
15754,0.14187631011009216
15755,0.16475676000118256
15756,0.14993412792682648
15757,0.10198070108890533
15758,0.10213322937488556
15759,0.11142744868993759
15760,0.11135196685791016
15761,0.11447349190711975
15762,0.24079887568950653
15763,0.10171027481555939
15764,0.10589858144521713
15765,0.18366187810897827
15766,0.1993742287158966
15767,0.21957087516784668
15768,0.12909530103206635
15769,0.3567936420440674
15770,0.09872075170278549
15771,0.10815706849098206
15772,0.11015257239341736
15773,0.1152781993150711
15774,0.13930778205394745
15775,0.10437226295471191
15776,0.6766292452812195
15777,0.46337756514549255
15778,0.10650920122861862
15779,0.09997565299272537
15780,0.10436472296714783
15781,0.16515208780765533
15782,0.10706058144569397
15783,0.10314137488603592
15784,0.11260790377855301
15785,0.10302053391933441
15786,0.10573960840702057
15787,0.19216404855251312
15788,0.19876044988632202
15789,0.13674922287464142
15790,0.14919663965702057
15791,0.11954641342163086
15792,0.1051962599158287
15793,0.1608322411775589
15794,0.13477322459220886
15795,0.21750959753990173
15796,0.13196620345115662
15797,0.20241497457027435
15798,0.09997040033340454
15799,0.1021280586719513
15800,0.26659950613975525
15801,0.10894878953695297
15802,0.11032837629318237
15803,0.15510432422161102
15804,0.10182007402181625
15805,0.2248198390007019
15806,0.13397471606731415
15807,0.12490682303905487
15808,0.11434072256088257
15809,0.10063060373067856
15810,0.11113610863685608
15811,0.10302291810512543
15812,0.10050296783447266
15813,0.10373568534851074
15814,0.10212250798940659
15815,0.12797881662845612
15816,0.16327713429927826
15817,0.10987184941768646
15818,0.11478324979543686
15819,0.1091219112277031
15820,0.13512082397937775
15821,0.10302291810512543
15822,0.11674515157938004
15823,0.10966209322214127
15824,0.1037498265504837
15825,0.11686091125011444
15826,0.32010045647621155
15827,0.13999757170677185
15828,0.10716304183006287
15829,0.09948107600212097
15830,0.10603368282318115
15831,0.10019714385271072
15832,0.1368396282196045
15833,0.10185997188091278
15834,0.10135684162378311
15835,0.14359217882156372
15836,0.10004814714193344
15837,0.1075640395283699
15838,0.17745225131511688
15839,0.1444772630929947
15840,0.09933190047740936
15841,0.1265333890914917
15842,0.2939791679382324
15843,0.3798881769180298
15844,0.10304409265518188
15845,0.10826609283685684
15846,0.10881103575229645
15847,0.21177047491073608
15848,0.10055641829967499
15849,0.156856507062912
15850,0.10533803701400757
15851,0.10263635963201523
15852,0.1111707016825676
15853,0.09997565299272537
15854,0.10875710099935532
15855,0.09997565299272537
15856,0.11462268233299255
15857,0.10335873812437057
15858,0.10843093693256378
15859,0.10674120485782623
15860,0.13871650397777557
15861,0.10135684162378311
15862,0.10892495512962341
15863,0.10386904329061508
15864,0.15484313666820526
15865,0.29920443892478943
15866,0.12756073474884033
15867,0.32821184396743774
15868,0.1571279913187027
15869,0.12293067574501038
15870,0.193248450756073
15871,0.15246742963790894
15872,0.1377992182970047
15873,0.11357949674129486
15874,0.14661277830600739
15875,0.15408365428447723
15876,0.12957318127155304
15877,0.3233218193054199
15878,0.10009676218032837
15879,0.15114577114582062
15880,0.10335759818553925
15881,0.1112566590309143
15882,0.3023530840873718
15883,0.2296161651611328
15884,0.10278444737195969
15885,0.11691784858703613
15886,0.100776806473732
15887,0.10136967152357101
15888,0.101295106112957
15889,0.6428427696228027
15890,0.15845349431037903
15891,0.1044609546661377
15892,0.10056167095899582
15893,0.10056167095899582
15894,0.10550602525472641
15895,0.10482615977525711
15896,0.10563241690397263
15897,0.1393047720193863
15898,0.10544709861278534
15899,0.10255955904722214
15900,0.11582455784082413
15901,0.1438683718442917
15902,0.11016038060188293
15903,0.1046479195356369
15904,0.10051819682121277
15905,0.11034508049488068
15906,0.11038696765899658
15907,0.11353537440299988
15908,0.10214509069919586
15909,0.10164949297904968
15910,0.161725252866745
15911,0.1013408675789833
15912,0.14229397475719452
15913,0.10326049476861954
15914,0.1114330068230629
15915,0.15597714483737946
15916,0.10236041247844696
15917,0.3857775926589966
15918,0.1008124053478241
15919,0.09953159093856812
15920,0.09933190047740936
15921,0.100776806473732
15922,0.10701075196266174
15923,0.10118838399648666
15924,0.3359535038471222
15925,0.1313052773475647
15926,0.09997565299272537
15927,0.09997040033340454
15928,0.09997565299272537
15929,0.10472922027111053
15930,0.1413596272468567
15931,0.13899795711040497
15932,0.110916368663311
15933,0.09948107600212097
15934,0.10674137622117996
15935,0.12611600756645203
15936,0.10322520136833191
15937,0.09997040033340454
15938,0.1000044196844101
15939,0.1349484622478485
15940,0.09997565299272537
15941,0.10129161179065704
15942,0.10463208705186844
15943,0.10439024120569229
15944,0.11684803664684296
15945,0.15620596706867218
15946,0.09997565299272537
15947,0.10056167095899582
15948,0.12186082452535629
15949,0.19899383187294006
15950,0.09948107600212097
15951,0.10149765014648438
15952,0.13813352584838867
15953,0.10723508894443512
15954,0.11397396773099899
15955,0.10801041126251221
15956,0.25776031613349915
15957,0.10079554468393326
15958,0.09888181835412979
15959,0.23795777559280396
15960,0.11207295209169388
15961,0.10389868915081024
15962,0.09948107600212097
15963,0.10315055400133133
15964,0.10143034160137177
15965,0.09999515116214752
15966,0.10407630354166031
15967,0.10699186474084854
15968,0.11412429809570312
15969,0.1014355942606926
15970,0.1014355942606926
15971,0.10448898375034332
15972,0.14886632561683655
15973,0.11236165463924408
15974,0.28258299827575684
15975,0.1070600301027298
15976,0.16493786871433258
15977,0.16836552321910858
15978,0.10363583266735077
15979,0.10226096212863922
15980,0.16163651645183563
15981,0.11524693667888641
15982,0.10056167095899582
15983,0.09997565299272537
15984,0.10068974643945694
15985,0.32873478531837463
15986,0.10326503217220306
15987,0.10488978028297424
15988,0.11533363163471222
15989,0.12990762293338776
15990,0.10293053835630417
15991,0.10970764607191086
15992,0.10502889752388
15993,0.1136704683303833
15994,0.1041572242975235
15995,0.10223709046840668
15996,0.0989271029829979
15997,0.10764420032501221
15998,0.10296035557985306
15999,0.13076594471931458
16000,0.25043800473213196
16001,0.10351032763719559
16002,0.4399315416812897
16003,0.11827356368303299
16004,0.10577338188886642
16005,0.10249010473489761
16006,0.10882209241390228
16007,0.10089518129825592
16008,0.10055641829967499
16009,0.11118128895759583
16010,0.4552001655101776
16011,0.10402200371026993
16012,0.10645582526922226
16013,0.12168309092521667
16014,0.3410327434539795
16015,0.10298212617635727
16016,0.2990703880786896
16017,0.09997814893722534
16018,0.14383509755134583
16019,0.12889838218688965
16020,0.19595493376255035
16021,0.11328645050525665
16022,0.10165001451969147
16023,0.11151988804340363
16024,0.11438143998384476
16025,0.14640836417675018
16026,0.10322289168834686
16027,0.13168509304523468
16028,0.10835140943527222
16029,0.10022587329149246
16030,0.09997565299272537
16031,0.09958137571811676
16032,0.10147473961114883
16033,0.09853998571634293
16034,0.10372455418109894
16035,0.12305089831352234
16036,0.1036180928349495
16037,0.14889022707939148
16038,0.10234493017196655
16039,0.12411951273679733
16040,0.10437443107366562
16041,0.1021307036280632
16042,0.09872075170278549
16043,0.15597714483737946
16044,0.10121926665306091
16045,0.09997565299272537
16046,0.11438017338514328
16047,0.10643570125102997
16048,0.09997565299272537
16049,0.10336398333311081
16050,0.11354216933250427
16051,0.10079073160886765
16052,0.11719737946987152
16053,0.13101902604103088
16054,0.10353801399469376
16055,0.16638579964637756
16056,0.13789919018745422
16057,0.10632491111755371
16058,0.13125267624855042
16059,0.47338157892227173
16060,0.10186199098825455
16061,0.10613300651311874
16062,0.1061318963766098
16063,0.10480043292045593
16064,0.24522404372692108
16065,0.15173101425170898
16066,0.10276920348405838
16067,0.12190911918878555
16068,0.11210774630308151
16069,0.10471295565366745
16070,0.1030656024813652
16071,0.10187965631484985
16072,0.13523630797863007
16073,0.09997040033340454
16074,0.10443083941936493
16075,0.1036977618932724
16076,0.13927143812179565
16077,0.09995413571596146
16078,0.10249931365251541
16079,0.16311189532279968
16080,0.09997565299272537
16081,0.10976637154817581
16082,0.1461881399154663
16083,0.11863423138856888
16084,0.11931917071342468
16085,0.11824271827936172
16086,0.1012880802154541
16087,0.10721682012081146
16088,0.12202629446983337
16089,0.11357949674129486
16090,0.10848376899957657
16091,0.11187750846147537
16092,0.10565464198589325
16093,0.10415276885032654
16094,0.10292645543813705
16095,0.09904728829860687
16096,0.11139033734798431
16097,0.13259583711624146
16098,0.482279896736145
16099,0.0994838997721672
16100,0.10185997188091278
16101,0.10270658135414124
16102,0.09937331825494766
16103,0.12922152876853943
16104,0.09997565299272537
16105,0.2687782347202301
16106,0.10336398333311081
16107,0.10402324795722961
16108,0.10334646701812744
16109,0.10336398333311081
16110,0.10169361531734467
16111,0.12310663610696793
16112,0.16695618629455566
16113,0.09997565299272537
16114,0.10255584865808487
16115,0.09948107600212097
16116,0.15462055802345276
16117,0.10850422829389572
16118,0.22797085344791412
16119,0.10972671210765839
16120,0.12217163294553757
16121,0.10239797085523605
16122,0.09997565299272537
16123,0.10276219993829727
16124,0.11127424985170364
16125,0.1831861138343811
16126,0.10015495121479034
16127,0.10214509069919586
16128,0.33958688378334045
16129,0.13672463595867157
16130,0.0987924337387085
16131,0.10244312882423401
16132,0.10383845865726471
16133,0.1270327866077423
16134,0.10050013661384583
16135,0.11044466495513916
16136,0.12780426442623138
16137,0.1251286119222641
16138,0.10122451186180115
16139,0.10443051159381866
16140,0.09868868440389633
16141,0.09994862973690033
16142,0.18445923924446106
16143,0.09997565299272537
16144,0.16250371932983398
16145,0.10535851866006851
16146,0.10110431164503098
16147,0.14523807168006897
16148,0.14415867626667023
16149,0.09997565299272537
16150,0.2796376347541809
16151,0.1270790696144104
16152,0.14211226999759674
16153,0.1437135487794876
16154,0.10476949065923691
16155,0.11446699500083923
16156,0.13376949727535248
16157,0.1026882752776146
16158,0.13839952647686005
16159,0.1153406947851181
16160,0.10877348482608795
16161,0.09853998571634293
16162,0.04353633522987366
16163,0.10098742693662643
16164,0.4936780333518982
16165,0.10099656134843826
16166,0.28823649883270264
16167,0.11090302467346191
16168,0.10050616413354874
16169,0.30875009298324585
16170,0.09948107600212097
16171,0.12692375481128693
16172,0.11049162596464157
16173,0.30496442317962646
16174,0.10185997188091278
16175,0.10551925003528595
16176,0.1038937047123909
16177,0.13665470480918884
16178,0.2713598608970642
16179,0.09921105951070786
16180,0.17910538613796234
16181,0.10944388061761856
16182,0.13150416314601898
16183,0.10355868935585022
16184,0.10308511555194855
16185,0.10336398333311081
16186,0.09997565299272537
16187,0.11361130326986313
16188,0.1951976716518402
16189,0.10095041990280151
16190,0.10314445942640305
16191,0.09997565299272537
16192,0.2484825998544693
16193,0.13695228099822998
16194,0.09997565299272537
16195,0.26988399028778076
16196,0.09964414685964584
16197,0.2092418372631073
16198,0.1836799532175064
16199,0.10336057096719742
16200,0.21301178634166718
16201,0.11264597624540329
16202,0.11130961030721664
16203,0.1030656024813652
16204,0.10003602504730225
16205,0.142532080411911
16206,0.1107235923409462
16207,0.11377274990081787
16208,0.3265365660190582
16209,0.31051740050315857
16210,0.09997565299272537
16211,0.1016971543431282
16212,0.09871549904346466
16213,0.17990553379058838
16214,0.11837146431207657
16215,0.15591982007026672
16216,0.30852049589157104
16217,0.10051141679286957
16218,0.21179738640785217
16219,0.10145282745361328
16220,0.13405463099479675
16221,0.10322682559490204
16222,0.1599685400724411
16223,0.10099974274635315
16224,0.10656582564115524
16225,0.10327941924333572
16226,0.1031808853149414
16227,0.10016930103302002
16228,0.20680125057697296
16229,0.09997565299272537
16230,0.11725955456495285
16231,0.10184533149003983
16232,0.10244127362966537
16233,0.10056167095899582
16234,0.10141408443450928
16235,0.10264747589826584
16236,0.10114908963441849
16237,0.10213984549045563
16238,0.14540374279022217
16239,0.10327941924333572
16240,0.1377972960472107
16241,0.10336398333311081
16242,0.7083754539489746
16243,0.10300396382808685
16244,0.10749712586402893
16245,0.09948107600212097
16246,0.17458921670913696
16247,0.10100626200437546
16248,0.09997565299272537
16249,0.2577177584171295
16250,0.13640441000461578
16251,0.18557344377040863
16252,0.2014094889163971
16253,0.30355629324913025
16254,0.09997565299272537
16255,0.21054545044898987
16256,0.17966246604919434
16257,0.13327085971832275
16258,0.10122451186180115
16259,0.11729136854410172
16260,0.10383456200361252
16261,0.11735294759273529
16262,0.10415907949209213
16263,0.09997565299272537
16264,0.15245772898197174
16265,0.1013069748878479
16266,0.5166753530502319
16267,0.2815167307853699
16268,0.09997565299272537
16269,0.16204363107681274
16270,0.18123024702072144
16271,0.5674346685409546
16272,0.10490921884775162
16273,0.1299467384815216
16274,0.13083016872406006
16275,0.1189688965678215
16276,0.10877345502376556
16277,0.16238361597061157
16278,0.1130494475364685
16279,0.10448287427425385
16280,0.09997565299272537
16281,0.10161589086055756
16282,0.10131378471851349
16283,0.16417641937732697
16284,0.10215415805578232
16285,0.10068250447511673
16286,0.10129590332508087
16287,0.12618571519851685
16288,0.1948140561580658
16289,0.10261227190494537
16290,0.09957927465438843
16291,0.10783956199884415
16292,0.10986131429672241
16293,0.12149457633495331
16294,0.12167713791131973
16295,0.2200997769832611
16296,0.10256369411945343
16297,0.10236041247844696
16298,0.14572681486606598
16299,0.10132300853729248
16300,0.10056167095899582
16301,0.13419054448604584
16302,0.13056741654872894
16303,0.10264080762863159
16304,0.13597798347473145
16305,0.11847192794084549
16306,0.09935140609741211
16307,0.1378035843372345
16308,0.11397396773099899
16309,0.16641633212566376
16310,0.1041099950671196
16311,0.10509636998176575
16312,0.10448287427425385
16313,0.1015758216381073
16314,0.1412389576435089
16315,0.10090485215187073
16316,0.11507022380828857
16317,0.12058655172586441
16318,0.528958261013031
16319,0.11787255853414536
16320,0.3952651917934418
16321,0.10394666343927383
16322,0.13870732486248016
16323,0.09997565299272537
16324,0.8117507696151733
16325,0.10132551193237305
16326,0.13395601511001587
16327,0.10320376604795456
16328,0.1070140078663826
16329,0.13825176656246185
16330,0.12331272661685944
16331,0.13985642790794373
16332,0.1633780300617218
16333,0.1462710201740265
16334,0.14557629823684692
16335,0.09997565299272537
16336,0.1613183170557022
16337,0.1311214119195938
16338,0.11890704184770584
16339,0.10443802177906036
16340,0.25221002101898193
16341,0.30033737421035767
16342,0.1107235923409462
16343,0.2118005007505417
16344,0.20584340393543243
16345,0.09997565299272537
16346,0.1018766462802887
16347,0.10145305097103119
16348,0.2218240648508072
16349,0.18050724267959595
16350,0.261653333902359
16351,0.09876741468906403
16352,0.040687911212444305
16353,0.09997565299272537
16354,0.10554396361112595
16355,0.11198680847883224
16356,0.1013069748878479
16357,0.10151983797550201
16358,0.09624215215444565
16359,0.10459131002426147
16360,0.13916964828968048
16361,0.13527534902095795
16362,0.10010828822851181
16363,0.11523761600255966
16364,0.11818704754114151
16365,0.14070655405521393
16366,0.10219500958919525
16367,0.1130494475364685
16368,0.14554181694984436
16369,0.11104223877191544
16370,0.154838427901268
16371,0.13822537660598755
16372,0.11150571703910828
16373,0.15979249775409698
16374,0.10443051159381866
16375,0.13742120563983917
16376,0.10259459167718887
16377,0.09933190047740936
16378,0.41166484355926514
16379,0.10056167095899582
16380,0.10161306709051132
16381,0.09997565299272537
16382,0.10221412032842636
16383,0.10315055400133133
16384,0.10316715389490128
16385,0.10866604745388031
16386,0.13676664233207703
16387,0.10331231355667114
16388,0.1293891817331314
16389,0.30895787477493286
16390,0.1257988065481186
16391,0.1090974360704422
16392,0.1004340872168541
16393,0.11749368906021118
16394,0.13788627088069916
16395,0.2298932522535324
16396,0.09997565299272537
16397,0.09981772303581238
16398,0.09947582334280014
16399,0.13260231912136078
16400,0.12042352557182312
16401,0.1031947135925293
16402,0.1342759132385254
16403,0.10815457254648209
16404,0.17030861973762512
16405,0.4803076684474945
16406,0.2960560619831085
16407,0.10159635543823242
16408,0.10411476343870163
16409,0.1014355942606926
16410,0.10286290943622589
16411,0.13517998158931732
16412,0.10872026532888412
16413,0.28206542134284973
16414,0.11380185931921005
16415,0.18125787377357483
16416,0.1112123355269432
16417,0.15479794144630432
16418,0.10241474956274033
16419,0.1464216411113739
16420,0.11086688935756683
16421,0.1902090460062027
16422,0.09763868898153305
16423,0.1329072117805481
16424,0.1018342524766922
16425,0.11696302890777588
16426,0.2165880650281906
16427,0.10231907665729523
16428,0.100776806473732
16429,0.13168610632419586
16430,0.11365154385566711
16431,0.10094184428453445
16432,0.1148829534649849
16433,0.26334279775619507
16434,0.18496283888816833
16435,0.14397667348384857
16436,0.11487644165754318
16437,0.1382739394903183
16438,0.1414676308631897
16439,0.09813271462917328
16440,0.10302291810512543
16441,0.41357648372650146
16442,0.10484354943037033
16443,0.10053092241287231
16444,0.12055492401123047
16445,0.10098029673099518
16446,0.10045157372951508
16447,0.09997565299272537
16448,0.116780124604702
16449,0.10291323065757751
16450,0.2862703800201416
16451,0.2459820657968521
16452,0.09867310523986816
16453,0.09997040033340454
16454,0.11086548119783401
16455,0.30588001012802124
16456,0.10487938672304153
16457,0.10878369957208633
16458,0.1784251183271408
16459,0.10290804505348206
16460,0.18245172500610352
16461,0.11277447640895844
16462,0.10089518129825592
16463,0.12557536363601685
16464,0.10725702345371246
16465,0.10402974486351013
16466,0.10205358266830444
16467,0.1023617684841156
16468,0.6224240064620972
16469,0.15143528580665588
16470,0.10214509069919586
16471,0.10233565419912338
16472,0.10508190840482712
16473,0.10612021386623383
16474,0.10441594570875168
16475,0.1031913012266159
16476,0.1031913012266159
16477,0.10319644212722778
16478,0.27744054794311523
16479,0.12290212512016296
16480,0.20317897200584412
16481,0.18939773738384247
16482,0.21536210179328918
16483,0.18330854177474976
16484,0.09997040033340454
16485,0.11086548119783401
16486,0.2775873839855194
16487,0.10213723033666611
16488,0.09997565299272537
16489,0.4217744469642639
16490,0.2606399953365326
16491,0.23350031673908234
16492,0.10914580523967743
16493,0.09605839103460312
16494,0.1339828222990036
16495,0.10533121973276138
16496,0.1078900620341301
16497,0.1030656024813652
16498,0.10135684162378311
16499,0.10122451186180115
16500,0.10136967152357101
16501,0.09997565299272537
16502,0.10026070475578308
16503,0.14500820636749268
16504,0.1014355942606926
16505,0.10073050856590271
16506,0.14083024859428406
16507,0.1096353754401207
16508,0.18937717378139496
16509,0.09997565299272537
16510,0.10404997318983078
16511,0.1023980975151062
16512,0.147576242685318
16513,0.10056167095899582
16514,0.1061234176158905
16515,0.09911029785871506
16516,0.5503275394439697
16517,0.10521965473890305
16518,0.1202271431684494
16519,0.1115727499127388
16520,0.15510432422161102
16521,0.1444355547428131
16522,0.10291814059019089
16523,0.09948107600212097
16524,0.10345286130905151
16525,0.11900565028190613
16526,0.118763267993927
16527,0.10849528759717941
16528,0.11066120862960815
16529,0.10152839869260788
16530,0.1526792198419571
16531,0.1014355942606926
16532,0.1062498539686203
16533,0.1472054123878479
16534,0.10162114351987839
16535,0.10858997702598572
16536,0.09872075170278549
16537,0.10010787099599838
16538,0.10122451186180115
16539,0.27938175201416016
16540,0.15093818306922913
16541,0.10299360752105713
16542,0.10628300905227661
16543,0.27862995862960815
16544,0.09997565299272537
16545,0.12265738844871521
16546,0.10135684162378311
16547,0.10623256862163544
16548,0.09947582334280014
16549,0.10784894973039627
16550,0.18130995333194733
16551,0.20159384608268738
16552,0.10283606499433517
16553,0.13460427522659302
16554,0.38453739881515503
16555,0.10274776816368103
16556,0.10765256732702255
16557,0.19624945521354675
16558,0.11538713425397873
16559,0.1030656024813652
16560,0.10245851427316666
16561,0.30168408155441284
16562,0.0993785634636879
16563,0.11260790377855301
16564,0.0993785634636879
16565,0.09982447326183319
16566,0.44058796763420105
16567,0.10214509069919586
16568,0.10275105386972427
16569,0.2402683049440384
16570,0.22690503299236298
16571,0.10233709216117859
16572,0.20305143296718597
16573,0.1365090012550354
16574,0.10120176523923874
16575,0.13849188387393951
16576,0.10056167095899582
16577,0.11326153576374054
16578,0.10715437680482864
16579,0.10050013661384583
16580,0.09997565299272537
16581,0.10278444737195969
16582,0.09997565299272537
16583,0.0993013083934784
16584,0.1030656024813652
16585,0.2134312093257904
16586,0.13813352584838867
16587,0.12090206891298294
16588,0.1067216694355011
16589,0.10712400078773499
16590,0.18473736941814423
16591,0.284172385931015
16592,0.10475845634937286
16593,0.10844017565250397
16594,0.17443054914474487
16595,0.11204695701599121
16596,0.11437204480171204
16597,0.16794943809509277
16598,0.11917480081319809
16599,0.12574972212314606
16600,0.35556280612945557
16601,0.09997565299272537
16602,0.14649108052253723
16603,0.16868872940540314
16604,0.12470150738954544
16605,0.14328773319721222
16606,0.13199251890182495
16607,0.15532256662845612
16608,0.09997565299272537
16609,0.10118838399648666
16610,0.1258362978696823
16611,0.10270581394433975
16612,0.13747897744178772
16613,0.10030430555343628
16614,0.09997565299272537
16615,0.10781325399875641
16616,0.11287643015384674
16617,0.4429295063018799
16618,0.10609076917171478
16619,0.20260123908519745
16620,0.10315055400133133
16621,0.1066599115729332
16622,0.14054712653160095
16623,0.16500820219516754
16624,0.23476414382457733
16625,0.11472771316766739
16626,0.09997565299272537
16627,0.10582973808050156
16628,0.10441131144762039
16629,0.19450156390666962
16630,0.10502889752388
16631,0.10056167095899582
16632,0.09997565299272537
16633,0.22098536789417267
16634,0.10369019210338593
16635,0.09997565299272537
16636,0.25117868185043335
16637,0.10228157043457031
16638,0.10211894661188126
16639,0.13676664233207703
16640,0.09848557412624359
16641,0.18882998824119568
16642,0.11871491372585297
16643,0.17516538500785828
16644,0.4783404469490051
16645,0.1031377762556076
16646,0.10050013661384583
16647,0.15036141872406006
16648,0.1282600313425064
16649,0.09574251621961594
16650,0.1030656024813652
16651,0.14065583050251007
16652,0.13248074054718018
16653,0.10211391746997833
16654,0.10662701725959778
16655,0.10147875547409058
16656,0.1201222613453865
16657,0.23296809196472168
16658,0.12244024127721786
16659,0.1268654316663742
16660,0.10165001451969147
16661,0.1333588808774948
16662,0.25289076566696167
16663,0.11049162596464157
16664,0.23651689291000366
16665,0.13791431486606598
16666,0.14893880486488342
16667,0.28143495321273804
16668,0.2653639614582062
16669,0.1492272913455963
16670,0.525277316570282
16671,0.11026889085769653
16672,0.10350369662046432
16673,0.10783956199884415
16674,0.10559418052434921
16675,0.10144612193107605
16676,0.19610212743282318
16677,0.10276692360639572
16678,0.10875432193279266
16679,0.18115830421447754
16680,0.2466587871313095
16681,0.12687955796718597
16682,0.10122451186180115
16683,0.13341884315013885
16684,0.10581687092781067
16685,0.10010828822851181
16686,0.10147473961114883
16687,0.14608977735042572
16688,0.12088998407125473
16689,0.10512931644916534
16690,0.12423761188983917
16691,0.23496370017528534
16692,0.10790765285491943
16693,0.21243348717689514
16694,0.11068283766508102
16695,0.21440060436725616
16696,0.10840867459774017
16697,0.1000429019331932
16698,0.13753217458724976
16699,0.3037353754043579
16700,0.10068974643945694
16701,0.10122451186180115
16702,0.11917901039123535
16703,0.10341184586286545
16704,0.09669065475463867
16705,0.17134249210357666
16706,0.110833540558815
16707,0.12442413717508316
16708,0.12325645238161087
16709,0.23518911004066467
16710,0.1065933108329773
16711,0.11056774854660034
16712,0.13793905079364777
16713,0.10724112391471863
16714,0.09848557412624359
16715,0.14649108052253723
16716,0.1029273271560669
16717,0.13564637303352356
16718,0.11071213334798813
16719,0.10278444737195969
16720,0.11587047576904297
16721,0.1463335007429123
16722,0.11104565858840942
16723,0.11844934523105621
16724,0.10797755420207977
16725,0.10313904285430908
16726,0.19463059306144714
16727,0.0987933948636055
16728,0.18131586909294128
16729,0.10336398333311081
16730,0.1425938606262207
16731,0.15388265252113342
16732,0.10508982092142105
16733,0.11212143301963806
16734,0.09921543300151825
16735,0.10055641829967499
16736,0.12064170837402344
16737,0.3214966058731079
16738,0.09997565299272537
16739,0.09997565299272537
16740,0.22755125164985657
16741,0.09948107600212097
16742,0.11112884432077408
16743,0.14444950222969055
16744,0.14616423845291138
16745,0.1241915225982666
16746,0.12577056884765625
16747,0.11075044423341751
16748,0.09874025732278824
16749,0.1161835715174675
16750,0.11319825053215027
16751,0.22664490342140198
16752,0.1016756072640419
16753,0.09853998571634293
16754,0.10519258677959442
16755,0.10701129585504532
16756,0.13813352584838867
16757,0.28631171584129333
16758,0.1974843591451645
16759,0.10135684162378311
16760,0.26815247535705566
16761,0.11200109124183655
16762,0.22033657133579254
16763,0.10407169908285141
16764,0.11038760840892792
16765,0.22494055330753326
16766,0.10051141679286957
16767,0.28622668981552124
16768,0.14455421268939972
16769,0.2525731921195984
16770,0.14197446405887604
16771,0.10524385422468185
16772,0.11910830438137054
16773,0.12475375086069107
16774,0.2108134776353836
16775,0.10739648342132568
16776,0.14904706180095673
16777,0.10237608850002289
16778,0.09797876328229904
16779,0.8266004323959351
16780,0.10438493639230728
16781,0.13222303986549377
16782,0.12537166476249695
16783,0.16145522892475128
16784,0.1344015896320343
16785,0.2538679838180542
16786,0.10287436842918396
16787,0.10309308022260666
16788,0.09683620184659958
16789,0.10336398333311081
16790,0.10244127362966537
16791,0.09876741468906403
16792,0.11227588355541229
16793,0.10513478517532349
16794,0.09948107600212097
16795,0.18071478605270386
16796,0.13128124177455902
16797,0.10056167095899582
16798,0.10458043217658997
16799,0.10021139681339264
16800,0.15597714483737946
16801,0.11292080581188202
16802,0.10352183878421783
16803,0.14308495819568634
16804,0.10135684162378311
16805,0.10004814714193344
16806,0.17150509357452393
16807,0.11518305540084839
16808,0.10308519750833511
16809,0.10407336056232452
16810,0.10434158146381378
16811,0.09937331825494766
16812,0.6694230437278748
16813,0.14086507260799408
16814,0.4961150884628296
16815,0.09997565299272537
16816,0.11280183494091034
16817,0.1014355942606926
16818,0.09876741468906403
16819,0.11517088860273361
16820,0.10863420367240906
16821,0.03842052444815636
16822,0.2504974603652954
16823,0.10600236058235168
16824,0.10270853340625763
16825,0.09997565299272537
16826,0.11073249578475952
16827,0.10120300948619843
16828,0.09997565299272537
16829,0.11143341660499573
16830,0.10150553286075592
16831,0.11260177940130234
16832,0.3245069980621338
16833,0.1265251785516739
16834,0.09747856110334396
16835,0.13204149901866913
16836,0.11533413082361221
16837,0.10535707324743271
16838,0.09948107600212097
16839,0.14215564727783203
16840,0.10185997188091278
16841,0.19526691734790802
16842,0.10957516729831696
16843,0.14137327671051025
16844,0.10122451186180115
16845,0.10055641829967499
16846,0.10135684162378311
16847,0.27037379145622253
16848,0.12408242374658585
16849,0.09997040033340454
16850,0.14321453869342804
16851,0.10306034982204437
16852,0.17063196003437042
16853,0.11235743761062622
16854,0.24740566313266754
16855,0.14408142864704132
16856,0.09997040033340454
16857,0.23681694269180298
16858,0.10480903089046478
16859,0.19855773448944092
16860,0.15631134808063507
16861,0.10351109504699707
16862,0.1846710443496704
16863,0.22118332982063293
16864,0.09988733381032944
16865,0.10225775837898254
16866,0.36283841729164124
16867,0.221675843000412
16868,0.10684370994567871
16869,0.10238733887672424
16870,0.17110134661197662
16871,0.11881652474403381
16872,0.1119551882147789
16873,0.183465376496315
16874,0.10132134705781937
16875,0.10285243391990662
16876,0.11759699136018753
16877,0.10230284929275513
16878,0.10200167447328568
16879,0.1806214600801468
16880,0.10247784107923508
16881,0.10901153832674026
16882,0.1013408675789833
16883,0.1037416085600853
16884,0.09997565299272537
16885,0.09883910417556763
16886,0.2582206726074219
16887,0.11444596946239471
16888,0.12503716349601746
16889,0.1290556788444519
16890,0.15103010833263397
16891,0.24697959423065186
16892,0.10135684162378311
16893,0.1000429019331932
16894,0.1463986039161682
16895,0.12960389256477356
16896,0.205152228474617
16897,0.10265769064426422
16898,0.11333470791578293
16899,0.1127154603600502
16900,0.09979197382926941
16901,0.11242273449897766
16902,0.10141143947839737
16903,0.45449116826057434
16904,0.1014355942606926
16905,0.1329953968524933
16906,0.10221197456121445
16907,0.11318911612033844
16908,0.10191110521554947
16909,0.18344275653362274
16910,0.10115543752908707
16911,0.10801012068986893
16912,0.19113288819789886
16913,0.09807184338569641
16914,0.1453564465045929
16915,0.09997565299272537
16916,0.10111964493989944
16917,0.11159640550613403
16918,0.1110876053571701
16919,0.23110684752464294
16920,0.10022587329149246
16921,0.09997889399528503
16922,0.10249010473489761
16923,0.10860484093427658
16924,0.19384826719760895
16925,0.16689378023147583
16926,0.10375558584928513
16927,0.18390639126300812
16928,0.13330650329589844
16929,0.10798735171556473
16930,0.09467802196741104
16931,0.10516325384378433
16932,0.10336597263813019
16933,0.12784332036972046
16934,0.10187248140573502
16935,0.12146714329719543
16936,0.10011312365531921
16937,0.10353875160217285
16938,0.283206582069397
16939,0.10203304141759872
16940,0.11074595898389816
16941,0.10249010473489761
16942,0.5064083337783813
16943,0.10351268202066422
16944,0.10107079893350601
16945,0.10603368282318115
16946,0.10148196667432785
16947,0.10050013661384583
16948,0.28098952770233154
16949,0.1097489520907402
16950,0.12499934434890747
16951,0.10094184428453445
16952,0.11936116218566895
16953,0.1000635027885437
16954,0.1031293198466301
16955,0.10636059939861298
16956,0.13289682567119598
16957,0.15597714483737946
16958,0.09853998571634293
16959,0.09949621558189392
16960,0.6784247756004333
16961,0.22813114523887634
16962,0.128699392080307
16963,0.103841632604599
16964,0.10863032937049866
16965,0.2756801247596741
16966,0.10179866850376129
16967,0.10247285664081573
16968,0.10050013661384583
16969,0.11209974437952042
16970,0.1293395608663559
16971,0.1450493484735489
16972,0.49478474259376526
16973,0.10189300030469894
16974,0.12202014774084091
16975,0.13921897113323212
16976,0.10801041126251221
16977,0.1103530302643776
16978,0.10128725320100784
16979,0.17806552350521088
16980,0.10348548740148544
16981,0.09928547590970993
16982,0.1775420606136322
16983,0.1854201704263687
16984,0.10210117697715759
16985,0.153856560587883
16986,0.1044565960764885
16987,0.10436472296714783
16988,0.10724704712629318
16989,0.10122451186180115
16990,0.09997565299272537
16991,0.1013069748878479
16992,0.13203862309455872
16993,0.10504323244094849
16994,0.12753832340240479
16995,0.1119607537984848
16996,0.22307643294334412
16997,0.13745743036270142
16998,0.14104104042053223
16999,0.09948107600212097
17000,0.10249404609203339
17001,0.10104992985725403
17002,0.09953159093856812
17003,0.13041952252388
17004,0.10806535929441452
17005,0.09662844985723495
17006,0.10137957334518433
17007,0.10308511555194855
17008,0.10122451186180115
17009,0.29415878653526306
17010,0.42164647579193115
17011,0.27378854155540466
17012,0.12157173454761505
17013,0.09997565299272537
17014,0.19504670798778534
17015,0.12587830424308777
17016,0.1030656024813652
17017,0.14675074815750122
17018,0.12643645703792572
17019,0.0993785634636879
17020,0.10122451186180115
17021,0.09921329468488693
17022,0.11513283103704453
17023,0.11913703382015228
17024,0.10460440069437027
17025,0.5477442741394043
17026,0.11496150493621826
17027,0.10004814714193344
17028,0.10462918877601624
17029,0.10055641829967499
17030,0.12131845206022263
17031,0.10272254049777985
17032,0.10932201147079468
17033,0.10122451186180115
17034,0.16370247304439545
17035,0.32258936762809753
17036,0.12155330181121826
17037,0.14420253038406372
17038,0.14580173790454865
17039,0.11582835018634796
17040,0.10121926665306091
17041,0.09997565299272537
17042,0.11859280616044998
17043,0.39354705810546875
17044,0.10276920348405838
17045,0.09997565299272537
17046,0.11196472495794296
17047,0.22783173620700836
17048,0.10050616413354874
17049,0.10773149877786636
17050,0.10122451186180115
17051,0.09299663454294205
17052,0.27041637897491455
17053,0.1910543292760849
17054,0.10923910140991211
17055,0.10132300853729248
17056,0.18227729201316833
17057,0.11042811721563339
17058,0.13730621337890625
17059,0.10409507900476456
17060,0.11400222033262253
17061,0.10063060373067856
17062,0.1517341434955597
17063,0.1014355942606926
17064,0.10666316747665405
17065,0.2647848427295685
17066,0.12746310234069824
17067,0.10244312882423401
17068,0.15494246780872345
17069,0.39527779817581177
17070,0.21501471102237701
17071,0.1321195662021637
17072,0.09917231649160385
17073,0.10189300030469894
17074,0.09948107600212097
17075,0.2270384430885315
17076,0.10094184428453445
17077,0.13644841313362122
17078,0.10345330834388733
17079,0.10210786014795303
17080,0.11622337996959686
17081,0.2482563555240631
17082,0.09997565299272537
17083,0.11281544715166092
17084,0.10094184428453445
17085,0.18354737758636475
17086,0.10825034230947495
17087,0.10392433404922485
17088,0.10058117657899857
17089,0.10551103204488754
17090,0.10418138653039932
17091,0.09997565299272537
17092,0.10230762511491776
17093,0.11220324784517288
17094,0.10370747745037079
17095,0.10699671506881714
17096,0.09948107600212097
17097,0.11227060109376907
17098,0.169353187084198
17099,0.10114884376525879
17100,0.14451774954795837
17101,0.14110654592514038
17102,0.11162865906953812
17103,0.10236991196870804
17104,0.12492746114730835
17105,0.14354796707630157
17106,0.1654212772846222
17107,0.16204465925693512
17108,0.11220773309469223
17109,0.09997040033340454
17110,0.11225331574678421
17111,0.18520142138004303
17112,0.21459686756134033
17113,0.11859903484582901
17114,0.1891847848892212
17115,0.10185997188091278
17116,0.12509401142597198
17117,0.10056167095899582
17118,0.1000429019331932
17119,0.10942888259887695
17120,0.10027953237295151
17121,0.1564507931470871
17122,0.1395733654499054
17123,0.14098471403121948
17124,0.1087254136800766
17125,0.09997565299272537
17126,0.21046148240566254
17127,0.10399752110242844
17128,0.18527674674987793
17129,0.14392663538455963
17130,0.2979795038700104
17131,0.10544776916503906
17132,0.10161818563938141
17133,0.1044381633400917
17134,0.1014355942606926
17135,0.10244259983301163
17136,0.19390076398849487
17137,0.10448164492845535
17138,0.4319414794445038
17139,0.11564310640096664
17140,0.09997565299272537
17141,0.09684905409812927
17142,0.09997565299272537
17143,0.10591095685958862
17144,0.4033452272415161
17145,0.1013408675789833
17146,0.45038002729415894
17147,0.10152839869260788
17148,0.12267403304576874
17149,0.26679494976997375
17150,0.10056167095899582
17151,0.10303205996751785
17152,0.3397558033466339
17153,0.0993785634636879
17154,0.1328420788049698
17155,0.1099717766046524
17156,0.11229477822780609
17157,0.1138739138841629
17158,0.13791817426681519
17159,0.11069929599761963
17160,0.10305681824684143
17161,0.10207166522741318
17162,0.09948107600212097
17163,0.11146287620067596
17164,0.09997565299272537
17165,0.10628890991210938
17166,0.09997565299272537
17167,0.09997565299272537
17168,0.09962792694568634
17169,0.11442037671804428
17170,0.14785830676555634
17171,0.11084207892417908
17172,0.1172591894865036
17173,0.1060403510928154
17174,0.10135684162378311
17175,0.1462462991476059
17176,0.13090549409389496
17177,0.09997565299272537
17178,0.10276692360639572
17179,0.13166922330856323
17180,0.1013425663113594
17181,0.10135684162378311
17182,0.1259695291519165
17183,0.10336398333311081
17184,0.13219793140888214
17185,0.23810143768787384
17186,0.10971318930387497
17187,0.10114441812038422
17188,0.10702241957187653
17189,0.12440116703510284
17190,0.1013069748878479
17191,0.1134972795844078
17192,0.14216037094593048
17193,0.11005795747041702
17194,0.13331663608551025
17195,0.3400730490684509
17196,0.10392818599939346
17197,0.1451379358768463
17198,0.32604578137397766
17199,0.09763868898153305
17200,0.10268817096948624
17201,0.1683441698551178
17202,0.10336398333311081
17203,0.10596361756324768
17204,0.10094184428453445
17205,0.10336398333311081
17206,0.10449541360139847
17207,0.14673872292041779
17208,0.10598593950271606
17209,0.12229260802268982
17210,0.10027953237295151
17211,0.09867310523986816
17212,0.13693414628505707
17213,0.20137929916381836
17214,0.10292079299688339
17215,0.10187248140573502
17216,0.09997565299272537
17217,0.1665712594985962
17218,0.10080993920564651
17219,0.11777514964342117
17220,0.10001423209905624
17221,0.10184533149003983
17222,0.14233368635177612
17223,0.10466655343770981
17224,0.10176897794008255
17225,0.1040707528591156
17226,0.10056167095899582
17227,0.11636079847812653
17228,0.12060125917196274
17229,0.1032787337899208
17230,0.10273689031600952
17231,0.10207023471593857
17232,0.12096813321113586
17233,0.12188491225242615
17234,0.11248833686113358
17235,0.11647401005029678
17236,0.19415879249572754
17237,0.1605546623468399
17238,0.12822188436985016
17239,0.3218631148338318
17240,0.1014355942606926
17241,0.09997040033340454
17242,0.3909631669521332
17243,0.10394272208213806
17244,0.645709753036499
17245,0.10131378471851349
17246,0.11440253257751465
17247,0.105692058801651
17248,0.20772427320480347
17249,0.1027834340929985
17250,0.11559472978115082
17251,0.11451072990894318
17252,0.10266856104135513
17253,0.10191064327955246
17254,0.12354923784732819
17255,0.2912350296974182
17256,0.19735635817050934
17257,0.10061029344797134
17258,0.10889080166816711
17259,0.09997565299272537
17260,0.10089518129825592
17261,0.11215155571699142
17262,0.1358192265033722
17263,0.10050013661384583
17264,0.09997565299272537
17265,0.14798091351985931
17266,0.1985434889793396
17267,0.15503817796707153
17268,0.1127571165561676
17269,0.10558624565601349
17270,0.2558175325393677
17271,0.10121926665306091
17272,0.15953925251960754
17273,0.0993785634636879
17274,0.10877223312854767
17275,0.11525637656450272
17276,0.11150571703910828
17277,0.2676626145839691
17278,0.13557729125022888
17279,0.1127014309167862
17280,0.10216444730758667
17281,0.10336398333311081
17282,0.10258552432060242
17283,0.09919377416372299
17284,0.1703869104385376
17285,0.1079908236861229
17286,0.10066449642181396
17287,0.12729379534721375
17288,0.1006772518157959
17289,0.10942550748586655
17290,0.10131378471851349
17291,0.1623843014240265
17292,0.10735205560922623
17293,0.36252763867378235
17294,0.10105402022600174
17295,0.1038937047123909
17296,0.09997565299272537
17297,0.10131610184907913
17298,0.10820991545915604
17299,0.21552985906600952
17300,0.10459045320749283
17301,0.1395510882139206
17302,0.23043403029441833
17303,0.1175229549407959
17304,0.10226096212863922
17305,0.12189701199531555
17306,0.11697473376989365
17307,0.1187056377530098
17308,0.1549822837114334
17309,0.14189039170742035
17310,0.14772287011146545
17311,0.09948107600212097
17312,0.12567761540412903
17313,0.1368396282196045
17314,0.10456778109073639
17315,0.11243171989917755
17316,0.10698653757572174
17317,0.09940533339977264
17318,0.10147082805633545
17319,0.12133192270994186
17320,0.10257348418235779
17321,0.36370882391929626
17322,0.14774687588214874
17323,0.2691531479358673
17324,0.15107661485671997
17325,0.1395297646522522
17326,0.14590735733509064
17327,0.11270789802074432
17328,0.15708792209625244
17329,0.11805861443281174
17330,0.10217659920454025
17331,0.13813352584838867
17332,0.2023022323846817
17333,0.10135684162378311
17334,0.1028742641210556
17335,0.10604652017354965
17336,0.10268867760896683
17337,0.10336398333311081
17338,0.261892169713974
17339,0.09959376603364944
17340,0.1344524770975113
17341,0.10210442543029785
17342,0.10459045320749283
17343,0.10015495121479034
17344,0.10360895097255707
17345,0.1030954122543335
17346,0.10779474675655365
17347,0.10047371685504913
17348,0.11300729960203171
17349,0.10390526801347733
17350,0.17279835045337677
17351,0.10315055400133133
17352,0.14612789452075958
17353,0.10158703476190567
17354,0.10122451186180115
17355,0.10245851427316666
17356,0.1041121780872345
17357,0.13870997726917267
17358,0.10068250447511673
17359,0.11419358849525452
17360,0.10802087932825089
17361,0.10272063314914703
17362,0.10776074230670929
17363,0.18404020369052887
17364,0.10212782025337219
17365,0.11901847273111343
17366,0.15634611248970032
17367,0.09990520775318146
17368,0.10004814714193344
17369,0.105458103120327
17370,0.13701383769512177
17371,0.09474823623895645
17372,0.1362432837486267
17373,0.09848557412624359
17374,0.13549181818962097
17375,0.12646254897117615
17376,0.11342506855726242
17377,0.09948107600212097
17378,0.10289645940065384
17379,0.10359259694814682
17380,0.1022307276725769
17381,0.10135158896446228
17382,0.09997565299272537
17383,0.10280082374811172
17384,0.1538708657026291
17385,0.2009623497724533
17386,0.16518469154834747
17387,0.12179510295391083
17388,0.10386880487203598
17389,0.13260231912136078
17390,0.10700120031833649
17391,0.11613360792398453
17392,0.10004814714193344
17393,0.1016198992729187
17394,0.1676323413848877
17395,0.19994664192199707
17396,0.10953377932310104
17397,0.10008002072572708
17398,0.12262101471424103
17399,0.10984402149915695
17400,0.12270205467939377
17401,0.3477648198604584
17402,0.12585730850696564
17403,0.16117621958255768
17404,0.15943917632102966
17405,0.10117372870445251
17406,0.10008002072572708
17407,0.10055641829967499
17408,0.10336398333311081
17409,0.10185997188091278
17410,0.18727906048297882
17411,0.10053092241287231
17412,0.1512746512889862
17413,0.10305681824684143
17414,0.10914658010005951
17415,0.10808290541172028
17416,0.13564637303352356
17417,0.09933190047740936
17418,0.11018611490726471
17419,0.10272254049777985
17420,0.120850570499897
17421,0.1063593178987503
17422,0.104006826877594
17423,0.13544531166553497
17424,0.14512895047664642
17425,0.10656680166721344
17426,0.10334661602973938
17427,0.10048990696668625
17428,0.10108424723148346
17429,0.09883910417556763
17430,0.15224696695804596
17431,0.15231987833976746
17432,0.13479608297348022
17433,0.44152015447616577
17434,0.10278444737195969
17435,0.1092124655842781
17436,0.3400347828865051
17437,0.10302291810512543
17438,0.10122451186180115
17439,0.1079515665769577
17440,0.1076238751411438
17441,0.11107729375362396
17442,0.11268789321184158
17443,0.4396694600582123
17444,0.13813352584838867
17445,0.13386239111423492
17446,0.30496227741241455
17447,0.13322915136814117
17448,0.10715492069721222
17449,0.1488269567489624
17450,0.15823405981063843
17451,0.2717285752296448
17452,0.10080993920564651
17453,0.10390427708625793
17454,0.4379710257053375
17455,0.18003785610198975
17456,0.09997565299272537
17457,0.1071760356426239
17458,0.10365652292966843
17459,0.31571561098098755
17460,0.13771763443946838
17461,0.10722935944795609
17462,0.11009839922189713
17463,0.10999098420143127
17464,0.14361754059791565
17465,0.3248923420906067
17466,0.10327941924333572
17467,0.18416835367679596
17468,0.1014433279633522
17469,0.1014355942606926
17470,0.09997565299272537
17471,0.10243505239486694
17472,0.10025746375322342
17473,0.10584573447704315
17474,0.16886447370052338
17475,0.13562126457691193
17476,0.14497317373752594
17477,0.0957365557551384
17478,0.09997565299272537
17479,0.09848557412624359
17480,0.3481675386428833
17481,0.36685723066329956
17482,0.10722161829471588
17483,0.13562794029712677
17484,0.3309433162212372
17485,0.10739582777023315
17486,0.1337023824453354
17487,0.09997565299272537
17488,0.09867310523986816
17489,0.15718692541122437
17490,0.12086606025695801
17491,0.3798641264438629
17492,0.10709764063358307
17493,0.12480533868074417
17494,0.12181544303894043
17495,0.10067235678434372
17496,0.13380540907382965
17497,0.09940533339977264
17498,0.10479207336902618
17499,0.13392134010791779
17500,0.12853297591209412
17501,0.1091388687491417
17502,0.13360479474067688
17503,0.12107015401124954
17504,0.09997565299272537
17505,0.10056167095899582
17506,0.22654153406620026
17507,0.12625013291835785
17508,0.10094184428453445
17509,0.11201905459165573
17510,0.10522504895925522
17511,0.10144612193107605
17512,0.10051141679286957
17513,0.13194778561592102
17514,0.10971064865589142
17515,0.10317201912403107
17516,0.10472476482391357
17517,0.1267716884613037
17518,0.09997565299272537
17519,0.4533543884754181
17520,0.11069922894239426
17521,0.5492522120475769
17522,0.10185997188091278
17523,0.2911866009235382
17524,0.277618944644928
17525,0.10392433404922485
17526,0.13837839663028717
17527,0.10141994059085846
17528,0.1374962329864502
17529,0.10529401153326035
17530,0.09997565299272537
17531,0.10133805125951767
17532,0.11201303452253342
17533,0.12096671760082245
17534,0.2771631181240082
17535,0.09997565299272537
17536,0.10214509069919586
17537,0.14098471403121948
17538,0.10328754782676697
17539,0.11809556931257248
17540,0.09805405139923096
17541,0.09997565299272537
17542,0.1219918355345726
17543,0.10974185913801193
17544,0.21890491247177124
17545,0.13501664996147156
17546,0.14584994316101074
17547,0.10282555222511292
17548,0.11386680603027344
17549,0.5738694071769714
17550,0.15685319900512695
17551,0.11216031759977341
17552,0.10516881197690964
17553,0.10380422323942184
17554,0.10950278490781784
17555,0.19677267968654633
17556,0.10165001451969147
17557,0.1374911069869995
17558,0.10305681824684143
17559,0.33941856026649475
17560,0.16674013435840607
17561,0.14042136073112488
17562,0.27422231435775757
17563,0.12345150858163834
17564,0.16688375174999237
17565,0.09372464567422867
17566,0.14821596443653107
17567,0.1037876084446907
17568,0.09183528274297714
17569,0.11236590147018433
17570,0.10580093413591385
17571,0.10278593003749847
17572,0.1437838077545166
17573,0.17171649634838104
17574,0.10544096678495407
17575,0.09853998571634293
17576,0.100776806473732
17577,0.10135992616415024
17578,0.14908112585544586
17579,0.14654380083084106
17580,0.10135684162378311
17581,0.09937331825494766
17582,0.16042524576187134
17583,0.09869595617055893
17584,0.09873528778553009
17585,0.10142119973897934
17586,0.1097629964351654
17587,0.10072596371173859
17588,0.09948107600212097
17589,0.11984051764011383
17590,0.10270853340625763
17591,0.1134297251701355
17592,0.14969877898693085
17593,0.11021630465984344
17594,0.1414504051208496
17595,0.363954097032547
17596,0.12025436758995056
17597,0.0993785634636879
17598,0.11172415316104889
17599,0.12745866179466248
17600,0.10389155149459839
17601,0.10243833810091019
17602,0.10121926665306091
17603,0.10315055400133133
17604,0.10264014452695847
17605,0.10122451186180115
17606,0.10212559998035431
17607,0.13357488811016083
17608,0.11377948522567749
17609,0.2307424545288086
17610,0.09154816716909409
17611,0.10872802883386612
17612,0.1162889376282692
17613,0.10336398333311081
17614,0.10494114458560944
17615,0.11147181689739227
17616,0.10294279456138611
17617,0.10910515487194061
17618,0.11929021775722504
17619,0.2339954972267151
17620,0.09997565299272537
17621,0.14656442403793335
17622,0.14225773513317108
17623,0.10633455216884613
17624,0.10135684162378311
17625,0.10118838399648666
17626,0.10056167095899582
17627,0.13186867535114288
17628,0.11224611848592758
17629,0.1106872409582138
17630,0.11799724400043488
17631,0.12665824592113495
17632,0.1031377762556076
17633,0.15385325253009796
17634,0.1014355942606926
17635,0.10157322883605957
17636,0.13790082931518555
17637,0.3203730881214142
17638,0.10521210730075836
17639,0.09997565299272537
17640,0.19721539318561554
17641,0.10686184465885162
17642,0.12843458354473114
17643,0.16280211508274078
17644,0.10056167095899582
17645,0.11056444048881531
17646,0.12011115252971649
17647,0.12862113118171692
17648,0.13101793825626373
17649,0.2528681457042694
17650,0.13867323100566864
17651,0.2720165252685547
17652,0.11412429809570312
17653,0.2502768039703369
17654,0.15726186335086823
17655,0.17203134298324585
17656,0.10255361348390579
17657,0.16365189850330353
17658,0.10981902480125427
17659,0.10575152933597565
17660,0.12962359189987183
17661,0.10094184428453445
17662,0.1087450161576271
17663,0.1707032024860382
17664,0.10082678496837616
17665,0.10272254049777985
17666,0.11017561703920364
17667,0.21908532083034515
17668,0.09674309939146042
17669,0.3070690631866455
17670,0.11083158850669861
17671,0.1037387102842331
17672,0.3695952594280243
17673,0.15103907883167267
17674,0.15406763553619385
17675,0.10243771970272064
17676,0.22641809284687042
17677,0.09997040033340454
17678,0.10192690789699554
17679,0.10079073160886765
17680,0.1055900827050209
17681,0.13561557233333588
17682,0.11407758295536041
17683,0.20829254388809204
17684,0.1013459786772728
17685,0.10331583023071289
17686,0.10411476343870163
17687,0.10865964740514755
17688,0.09948107600212097
17689,0.12240663170814514
17690,0.10946737974882126
17691,0.12979505956172943
17692,0.1014355942606926
17693,0.17702876031398773
17694,0.11410371959209442
17695,0.10415907949209213
17696,0.14771832525730133
17697,0.15551640093326569
17698,0.1632215976715088
17699,0.103032186627388
17700,0.4977833926677704
17701,0.10919895768165588
17702,0.0993785634636879
17703,0.10585451871156693
17704,0.0993785634636879
17705,0.10056167095899582
17706,0.11254321783781052
17707,0.141026109457016
17708,0.42365762591362
17709,0.11458343267440796
17710,0.11522882431745529
17711,0.10122451186180115
17712,0.1688508689403534
17713,0.12931358814239502
17714,0.09997565299272537
17715,0.1202339380979538
17716,0.1118876039981842
17717,0.13114489614963531
17718,0.10362713038921356
17719,0.1666126251220703
17720,0.1533995419740677
17721,0.18168433010578156
17722,0.10514777898788452
17723,0.09922988712787628
17724,0.17911359667778015
17725,0.19616100192070007
17726,0.10225681215524673
17727,0.2681666910648346
17728,0.21827919781208038
17729,0.10312861949205399
17730,0.10067575424909592
17731,0.20494209229946136
17732,0.10121926665306091
17733,0.10010828822851181
17734,0.1013069748878479
17735,0.14862896502017975
17736,0.16994614899158478
17737,0.23884007334709167
17738,0.5608733892440796
17739,0.11211235821247101
17740,0.3504335880279541
17741,0.10574937611818314
17742,0.10365138947963715
17743,0.10662367194890976
17744,0.10195858031511307
17745,0.10214509069919586
17746,0.2728406488895416
17747,0.12372740358114243
17748,0.11277297884225845
17749,0.2716594934463501
17750,0.5764824748039246
17751,0.1209469810128212
17752,0.10432266443967819
17753,0.10015824437141418
17754,0.1081298366189003
17755,0.11079608649015427
17756,0.11176065355539322
17757,0.28774386644363403
17758,0.14514687657356262
17759,0.09941910952329636
17760,0.09997565299272537
17761,0.10610375553369522
17762,0.11043064296245575
17763,0.10122451186180115
17764,0.1447245180606842
17765,0.22721777856349945
17766,0.08373765647411346
17767,0.09996125847101212
17768,0.09847714751958847
17769,0.11148691922426224
17770,0.09931039065122604
17771,0.12318234145641327
17772,0.10207166522741318
17773,0.10470065474510193
17774,0.10214324295520782
17775,0.29022231698036194
17776,0.09997565299272537
17777,0.10024416446685791
17778,0.10133533179759979
17779,0.11464789509773254
17780,0.10112714767456055
17781,0.1042662039399147
17782,0.09941970556974411
17783,0.10135684162378311
17784,0.11738981306552887
17785,0.1016077846288681
17786,0.09862928092479706
17787,0.10051141679286957
17788,0.11434406787157059
17789,0.11335769295692444
17790,0.09997565299272537
17791,0.11758563667535782
17792,0.09931877255439758
17793,0.13354305922985077
17794,0.11314842104911804
17795,0.10298212617635727
17796,0.11151345074176788
17797,0.14592145383358002
17798,0.1561817228794098
17799,0.15201129019260406
17800,0.10857321321964264
17801,0.1014355942606926
17802,0.10472922027111053
17803,0.11952865868806839
17804,0.12590880692005157
17805,0.10747689753770828
17806,0.12501224875450134
17807,0.10030430555343628
17808,0.10619699209928513
17809,0.10122451186180115
17810,0.1239050105214119
17811,0.5137522220611572
17812,0.09947582334280014
17813,0.4932078719139099
17814,0.10118838399648666
17815,0.09853998571634293
17816,0.09997040033340454
17817,0.10270853340625763
17818,0.10692422091960907
17819,0.22281894087791443
17820,0.18145053088665009
17821,0.17408865690231323
17822,0.10187248140573502
17823,0.1013408675789833
17824,0.1045251339673996
17825,0.1064017042517662
17826,0.10382655262947083
17827,0.09997565299272537
17828,0.11584106832742691
17829,0.20248737931251526
17830,0.09997565299272537
17831,0.4747195243835449
17832,0.14495283365249634
17833,0.10529480874538422
17834,0.13990908861160278
17835,0.10529480874538422
17836,0.1014355942606926
17837,0.1030656024813652
17838,0.10801366716623306
17839,0.15231956541538239
17840,0.12583279609680176
17841,0.09997040033340454
17842,0.100201815366745
17843,0.10433175414800644
17844,0.11034802347421646
17845,0.11621222645044327
17846,0.10004814714193344
17847,0.13365113735198975
17848,0.10185997188091278
17849,0.1368209719657898
17850,0.10322520136833191
17851,0.15561945736408234
17852,0.15106838941574097
17853,0.09997565299272537
17854,0.11051055043935776
17855,0.09996125847101212
17856,0.10135158896446228
17857,0.1024399846792221
17858,0.10348067432641983
17859,0.11268419027328491
17860,0.1155826672911644
17861,0.10089518129825592
17862,0.13515605032444
17863,0.10407460480928421
17864,0.11130762100219727
17865,0.2673030197620392
17866,0.5796604752540588
17867,0.09997565299272537
17868,0.11030511558055878
17869,0.21502912044525146
17870,0.21797621250152588
17871,0.10378504544496536
17872,0.2003975510597229
17873,0.141092449426651
17874,0.10533031076192856
17875,0.10502889752388
17876,0.09763868898153305
17877,0.23680199682712555
17878,0.1291780024766922
17879,0.10097362846136093
17880,0.10249762237071991
17881,0.09933190047740936
17882,0.09248273819684982
17883,0.13323859870433807
17884,0.10022587329149246
17885,0.09853998571634293
17886,0.09804247319698334
17887,0.1023959144949913
17888,0.13573767244815826
17889,0.17903633415699005
17890,0.11433736234903336
17891,0.1332644671201706
17892,0.09997565299272537
17893,0.6804338097572327
17894,0.20475050806999207
17895,0.10082452744245529
17896,0.11056498438119888
17897,0.09883910417556763
17898,0.10348920524120331
17899,0.40947046875953674
17900,0.11126648634672165
17901,0.11054100096225739
17902,0.16217224299907684
17903,0.18562118709087372
17904,0.11771859228610992
17905,0.10192690789699554
17906,0.1046479195356369
17907,0.18679803609848022
17908,0.10943494737148285
17909,0.10898805409669876
17910,0.17986491322517395
17911,0.09997565299272537
17912,0.10310995578765869
17913,0.24827848374843597
17914,0.15726186335086823
17915,0.1074429303407669
17916,0.1514354944229126
17917,0.10294399410486221
17918,0.09788937121629715
17919,0.1065545380115509
17920,0.1075548380613327
17921,0.12148015946149826
17922,0.10213723033666611
17923,0.10322139412164688
17924,0.10680574923753738
17925,0.32842275500297546
17926,0.15905536711215973
17927,0.10549429059028625
17928,0.15545392036437988
17929,0.10933888703584671
17930,0.12696349620819092
17931,0.117562435567379
17932,0.09997565299272537
17933,0.09776981174945831
17934,0.10066449642181396
17935,0.29310429096221924
17936,0.12995220720767975
17937,0.17313556373119354
17938,0.10324853658676147
17939,0.11141569912433624
17940,0.1125192865729332
17941,0.15530207753181458
17942,0.10223603993654251
17943,0.09997565299272537
17944,0.1014355942606926
17945,0.10475748032331467
17946,0.10945477336645126
17947,0.10212250798940659
17948,0.10989312827587128
17949,0.11205548793077469
17950,0.1352287381887436
17951,0.2827592194080353
17952,0.10132134705781937
17953,0.09997565299272537
17954,0.09997565299272537
17955,0.10402200371026993
17956,0.09997565299272537
17957,0.1013348400592804
17958,0.10328073054552078
17959,0.25310835242271423
17960,0.14933288097381592
17961,0.1113840788602829
17962,0.28125911951065063
17963,0.10302291810512543
17964,0.1018766462802887
17965,0.10417591035366058
17966,0.10441131144762039
17967,0.10737427324056625
17968,0.1065627709031105
17969,0.10189300030469894
17970,0.3609459400177002
17971,0.10355132073163986
17972,0.10782360285520554
17973,0.1747608184814453
17974,0.10056167095899582
17975,0.10599563270807266
17976,0.11618811637163162
17977,0.09997565299272537
17978,0.25144052505493164
17979,0.10416360944509506
17980,0.1021307036280632
17981,0.11052955687046051
17982,0.09997565299272537
17983,0.09997565299272537
17984,0.3257977068424225
17985,0.1042453795671463
17986,0.10185997188091278
17987,0.10122451186180115
17988,0.10548896342515945
17989,0.1470552682876587
17990,0.11056438833475113
17991,0.1101718544960022
17992,0.10225570946931839
17993,0.09966803342103958
17994,0.15934456884860992
17995,0.11737784743309021
17996,0.1357285976409912
17997,0.203689843416214
17998,0.1288958042860031
17999,0.10050013661384583
18000,0.13173788785934448
18001,0.10219500958919525
18002,0.10315055400133133
18003,0.11093142628669739
18004,0.1008124053478241
18005,0.10268182307481766
18006,0.10205358266830444
18007,0.14223982393741608
18008,0.09997565299272537
18009,0.10027728974819183
18010,0.10336398333311081
18011,0.14242208003997803
18012,0.1011616662144661
18013,0.14051219820976257
18014,0.1008124053478241
18015,0.10015824437141418
18016,0.10467810183763504
18017,0.10435759276151657
18018,0.14624524116516113
18019,0.11009623110294342
18020,0.1567969024181366
18021,0.1414433717727661
18022,0.13451384007930756
18023,0.11708785593509674
18024,0.12452603876590729
18025,0.10437443107366562
18026,0.13123047351837158
18027,0.10964971035718918
18028,0.3017660975456238
18029,0.1185930073261261
18030,0.29197561740875244
18031,0.10272207856178284
18032,0.10213723033666611
18033,0.581066906452179
18034,0.1104402095079422
18035,0.17783404886722565
18036,0.09933190047740936
18037,0.12433898448944092
18038,0.111383818089962
18039,0.10094184428453445
18040,0.1014355942606926
18041,0.2778838574886322
18042,0.20008361339569092
18043,0.09450364112854004
18044,0.10207909345626831
18045,0.10642344504594803
18046,0.26569512486457825
18047,0.10336398333311081
18048,0.11557638645172119
18049,0.12941214442253113
18050,0.13714352250099182
18051,0.09868981689214706
18052,0.1024399846792221
18053,0.14664989709854126
18054,0.26892518997192383
18055,0.11920513957738876
18056,0.10269750654697418
18057,0.10471553355455399
18058,0.2715166509151459
18059,0.19398024678230286
18060,0.28521084785461426
18061,0.3957884609699249
18062,0.10253408551216125
18063,0.10565806180238724
18064,0.13452541828155518
18065,0.11049162596464157
18066,0.15185317397117615
18067,0.16203442215919495
18068,0.0993785634636879
18069,0.09933190047740936
18070,0.11309497803449631
18071,0.1601976752281189
18072,0.14955253899097443
18073,0.10215415805578232
18074,0.10972127318382263
18075,0.12375511974096298
18076,0.11292757093906403
18077,0.1353435516357422
18078,0.1486828327178955
18079,0.16153401136398315
18080,0.10801951587200165
18081,0.10257116705179214
18082,0.10292645543813705
18083,0.10084033757448196
18084,0.10024416446685791
18085,0.27086150646209717
18086,0.27897998690605164
18087,0.1030656024813652
18088,0.10302916169166565
18089,0.10242120921611786
18090,0.11793140321969986
18091,0.10118838399648666
18092,0.21362386643886566
18093,0.13030755519866943
18094,0.10488446801900864
18095,0.09997565299272537
18096,0.10184676945209503
18097,0.11583259701728821
18098,0.1094590499997139
18099,0.11049450188875198
18100,0.09944838285446167
18101,0.13645030558109283
18102,0.1029088944196701
18103,0.11027390509843826
18104,0.12412893027067184
18105,0.15436267852783203
18106,0.14696915447711945
18107,0.10385766625404358
18108,0.1030656024813652
18109,0.18695935606956482
18110,0.1158454492688179
18111,0.10119321942329407
18112,0.12485813349485397
18113,0.10050013661384583
18114,0.10056541860103607
18115,0.1100148931145668
18116,0.10215415805578232
18117,0.10225345194339752
18118,0.09867310523986816
18119,0.13064774870872498
18120,0.10127142071723938
18121,0.10664742439985275
18122,0.13394953310489655
18123,0.10305681824684143
18124,0.10141143947839737
18125,0.10611516982316971
18126,0.15130192041397095
18127,0.3034836947917938
18128,0.4401685297489166
18129,0.14433985948562622
18130,0.6778826117515564
18131,0.12800949811935425
18132,0.1805965006351471
18133,0.16161665320396423
18134,0.09997040033340454
18135,0.21920931339263916
18136,0.10198160260915756
18137,0.11194518208503723
18138,0.2103445678949356
18139,0.11387881636619568
18140,0.2850084602832794
18141,0.10136967152357101
18142,0.12772782146930695
18143,0.1137281134724617
18144,0.09908846020698547
18145,0.10096492618322372
18146,0.10135684162378311
18147,0.10277605056762695
18148,0.170527845621109
18149,0.19092263281345367
18150,0.1070157140493393
18151,0.10546029359102249
18152,0.10802203416824341
18153,0.26058515906333923
18154,0.14062559604644775
18155,0.10805465281009674
18156,0.09997565299272537
18157,0.26595455408096313
18158,0.1998562216758728
18159,0.12748971581459045
18160,0.13742120563983917
18161,0.10776539146900177
18162,0.38675546646118164
18163,0.10345286130905151
18164,0.10433370620012283
18165,0.13995230197906494
18166,0.10454213619232178
18167,0.1014355942606926
18168,0.44851920008659363
18169,0.22594256699085236
18170,0.09942125529050827
18171,0.1300920844078064
18172,0.27049902081489563
18173,0.10122805088758469
18174,0.10425536334514618
18175,0.09899391978979111
18176,0.10440422594547272
18177,0.14007985591888428
18178,0.27969035506248474
18179,0.10219500213861465
18180,0.09997565299272537
18181,0.2083694040775299
18182,0.09997565299272537
18183,0.15984973311424255
18184,0.14180611073970795
18185,0.13016794621944427
18186,0.15764141082763672
18187,0.1026231050491333
18188,0.10112784802913666
18189,0.10478167980909348
18190,0.11387509107589722
18191,0.16313211619853973
18192,0.09933190047740936
18193,0.10302291810512543
18194,0.2299032211303711
18195,0.10185997188091278
18196,0.10482758283615112
18197,0.11667609959840775
18198,0.1366531252861023
18199,0.10356277227401733
18200,0.10573960840702057
18201,0.11784271895885468
18202,0.10145643353462219
18203,0.10643158853054047
18204,0.5477162599563599
18205,0.13966257870197296
18206,0.11076030135154724
18207,0.155946284532547
18208,0.10315055400133133
18209,0.10214809328317642
18210,0.1583520919084549
18211,0.12215286493301392
18212,0.33884871006011963
18213,0.19532716274261475
18214,0.10336398333311081
18215,0.17081749439239502
18216,0.10300645977258682
18217,0.11797139793634415
18218,0.10383456200361252
18219,0.10179530829191208
18220,0.10906626284122467
18221,0.11824914067983627
18222,0.10573960840702057
18223,0.10218390077352524
18224,0.1046382486820221
18225,0.12204306572675705
18226,0.104006826877594
18227,0.09948107600212097
18228,0.10530906170606613
18229,0.10329689830541611
18230,0.11518249660730362
18231,0.3679432272911072
18232,0.10609347373247147
18233,0.1003938838839531
18234,0.13407818973064423
18235,0.294315367937088
18236,0.3051278293132782
18237,0.10595160722732544
18238,0.09997565299272537
18239,0.10004814714193344
18240,0.44502565264701843
18241,0.460290789604187
18242,0.10155042260885239
18243,0.1071050763130188
18244,0.11246491223573685
18245,0.10122451186180115
18246,0.10056167095899582
18247,0.10107879340648651
18248,0.15222889184951782
18249,0.13623182475566864
18250,0.14218778908252716
18251,0.12687605619430542
18252,0.13448412716388702
18253,0.10237608850002289
18254,0.11437607556581497
18255,0.10448483377695084
18256,0.11856310814619064
18257,0.09997565299272537
18258,0.10212250798940659
18259,0.11368746310472488
18260,0.14779633283615112
18261,0.10039975494146347
18262,0.126832515001297
18263,0.49942225217819214
18264,0.10135684162378311
18265,0.10182946175336838
18266,0.09422135353088379
18267,0.10269385576248169
18268,0.10395723581314087
18269,0.10272207856178284
18270,0.10046883672475815
18271,0.09933190047740936
18272,0.10212250798940659
18273,0.10165001451969147
18274,0.09948107600212097
18275,0.10185997188091278
18276,0.23970861732959747
18277,0.55454421043396
18278,0.2831854820251465
18279,0.10072322189807892
18280,0.12921518087387085
18281,0.13295680284500122
18282,0.1668768674135208
18283,0.1013408675789833
18284,0.14181746542453766
18285,0.10278379917144775
18286,0.11344395577907562
18287,0.13039617240428925
18288,0.2560734450817108
18289,0.11819526553153992
18290,0.10088904201984406
18291,0.1009899377822876
18292,0.1480926275253296
18293,0.0996357873082161
18294,0.18951256573200226
18295,0.11989385634660721
18296,0.14786997437477112
18297,0.09948107600212097
18298,0.14644132554531097
18299,0.09746558219194412
18300,0.09997565299272537
18301,0.13358604907989502
18302,0.10050013661384583
18303,0.10987704247236252
18304,0.10392433404922485
18305,0.21018454432487488
18306,0.10519096255302429
18307,0.40301916003227234
18308,0.2959446907043457
18309,0.10207581520080566
18310,0.10965243726968765
18311,0.14441925287246704
18312,0.11289459466934204
18313,0.09948107600212097
18314,0.10215960443019867
18315,0.09997565299272537
18316,0.10122451186180115
18317,0.19242940843105316
18318,0.10075202584266663
18319,0.11692164093255997
18320,0.13987942039966583
18321,0.10050013661384583
18322,0.10578994452953339
18323,0.1536259651184082
18324,0.5492088794708252
18325,0.10877345502376556
18326,0.10187248140573502
18327,0.100705586373806
18328,0.17561212182044983
18329,0.10263635963201523
18330,0.10500158369541168
18331,0.10304409265518188
18332,0.10050500184297562
18333,0.22697262465953827
18334,0.11856618523597717
18335,0.46663612127304077
18336,0.3873259127140045
18337,0.10055641829967499
18338,0.2590688467025757
18339,0.2370195984840393
18340,0.09878978133201599
18341,0.1058046966791153
18342,0.1235499307513237
18343,0.11034251004457474
18344,0.11870081722736359
18345,0.10376283526420593
18346,0.1452244222164154
18347,0.11116103082895279
18348,0.10278228670358658
18349,0.14325162768363953
18350,0.16933414340019226
18351,0.5998984575271606
18352,0.15914615988731384
18353,0.10244312882423401
18354,0.1047283411026001
18355,0.21527238190174103
18356,0.10135684162378311
18357,0.11991044133901596
18358,0.0993785634636879
18359,0.09997565299272537
18360,0.13954748213291168
18361,0.17276917397975922
18362,0.10068250447511673
18363,0.10124887526035309
18364,0.10122451186180115
18365,0.10322682559490204
18366,0.1115778312087059
18367,0.10701338946819305
18368,0.10202000290155411
18369,0.09997565299272537
18370,0.10316207259893417
18371,0.1001250371336937
18372,0.10942888259887695
18373,0.4952086806297302
18374,0.1104893833398819
18375,0.10122451186180115
18376,0.0993785634636879
18377,0.10447639971971512
18378,0.11958428472280502
18379,0.09997565299272537
18380,0.14844903349876404
18381,0.10135684162378311
18382,0.1179410070180893
18383,0.16126896440982819
18384,0.10977587103843689
18385,0.15072739124298096
18386,0.10078641027212143
18387,0.31357982754707336
18388,0.11792972683906555
18389,0.13912184536457062
18390,0.11957711726427078
18391,0.1045059859752655
18392,0.10439693927764893
18393,0.1554567515850067
18394,0.10249010473489761
18395,0.10091891139745712
18396,0.1142316609621048
18397,0.10293214023113251
18398,0.17680683732032776
18399,0.14934948086738586
18400,0.11562225222587585
18401,0.10940710455179214
18402,0.15324491262435913
18403,0.12417693436145782
18404,0.1009899377822876
18405,0.6205801963806152
18406,0.10219500213861465
18407,0.10799627006053925
18408,0.10701075196266174
18409,0.11668046563863754
18410,0.10268817096948624
18411,0.09997040033340454
18412,0.32962995767593384
18413,0.10912305116653442
18414,0.42299893498420715
18415,0.10447292029857635
18416,0.23193316161632538
18417,0.1394004374742508
18418,0.3711502254009247
18419,0.10051141679286957
18420,0.10968910157680511
18421,0.1130688264966011
18422,0.1070316955447197
18423,0.10990439355373383
18424,0.10325368493795395
18425,0.09948107600212097
18426,0.09948107600212097
18427,0.25440263748168945
18428,0.1073763519525528
18429,0.10321148484945297
18430,0.10380170494318008
18431,0.10451676696538925
18432,0.1035996749997139
18433,0.09872075170278549
18434,0.1466229110956192
18435,0.10221606492996216
18436,0.10063818842172623
18437,0.09997565299272537
18438,0.10050013661384583
18439,0.11056903749704361
18440,0.11016973853111267
18441,0.15578493475914001
18442,0.1038937047123909
18443,0.10538410395383835
18444,0.1013069748878479
18445,0.0993785634636879
18446,0.11150571703910828
18447,0.1089954525232315
18448,0.10428353399038315
18449,0.1000429019331932
18450,0.10066812485456467
18451,0.10429661720991135
18452,0.10467009991407394
18453,0.10094184428453445
18454,0.10884245485067368
18455,0.1843794733285904
18456,0.16168563067913055
18457,0.17654666304588318
18458,0.4111981987953186
18459,0.10181433707475662
18460,0.11196303367614746
18461,0.10256563872098923
18462,0.12188491225242615
18463,0.24957522749900818
18464,0.11040118336677551
18465,0.11092570424079895
18466,0.10276920348405838
18467,0.09997565299272537
18468,0.1407293975353241
18469,0.10692805051803589
18470,0.19845648109912872
18471,0.10813499987125397
18472,0.24358542263507843
18473,0.09945956617593765
18474,0.12595470249652863
18475,0.09997565299272537
18476,0.10215415805578232
18477,0.1780550479888916
18478,0.5822694301605225
18479,0.10870414972305298
18480,0.09997565299272537
18481,0.10701338946819305
18482,0.10909672826528549
18483,0.14843642711639404
18484,0.10434742271900177
18485,0.15864303708076477
18486,0.09763868898153305
18487,0.10540089011192322
18488,0.10115551203489304
18489,0.2873770296573639
18490,0.1086190938949585
18491,0.10142119973897934
18492,0.10315055400133133
18493,0.11714829504489899
18494,0.10135684162378311
18495,0.09997565299272537
18496,0.09933190047740936
18497,0.10720347613096237
18498,0.100705586373806
18499,0.11313649266958237
18500,0.11612554639577866
18501,0.16652263700962067
18502,0.09997565299272537
18503,0.10051141679286957
18504,0.11004094034433365
18505,0.10136089473962784
18506,0.11206969618797302
18507,0.10143034160137177
18508,0.10834614187479019
18509,0.1013069748878479
18510,0.1866152286529541
18511,0.09763868898153305
18512,0.10440606623888016
18513,0.36980968713760376
18514,0.11633328348398209
18515,0.11163610965013504
18516,0.1018342524766922
18517,0.09842794388532639
18518,0.1098867729306221
18519,0.09997565299272537
18520,0.35795167088508606
18521,0.10297228395938873
18522,0.108552947640419
18523,0.1057981327176094
18524,0.10521965473890305
18525,0.13730955123901367
18526,0.10523652285337448
18527,0.26404649019241333
18528,0.10420938581228256
18529,0.10317397117614746
18530,0.10467702895402908
18531,0.10027953237295151
18532,0.1016116663813591
18533,0.10189300030469894
18534,0.10681428760290146
18535,0.10357553511857986
18536,0.13894310593605042
18537,0.10193686187267303
18538,0.09948107600212097
18539,0.15720070898532867
18540,0.09937380254268646
18541,0.13151828944683075
18542,0.1356067806482315
18543,0.44768497347831726
18544,0.1025778204202652
18545,0.15708336234092712
18546,0.10383845865726471
18547,0.4490206837654114
18548,0.11108244210481644
18549,0.137695774435997
18550,0.15357080101966858
18551,0.14052285254001617
18552,0.10384198278188705
18553,0.10050013661384583
18554,0.10463014245033264
18555,0.10257022827863693
18556,0.20531585812568665
18557,0.11297973245382309
18558,0.1363508254289627
18559,0.10304658859968185
18560,0.1446327120065689
18561,0.1044909730553627
18562,0.10318941622972488
18563,0.1095241978764534
18564,0.10533171147108078
18565,0.18713361024856567
18566,0.1027025505900383
18567,0.10432407259941101
18568,0.10267876833677292
18569,0.1013069748878479
18570,0.10013872385025024
18571,0.10122451186180115
18572,0.11120004951953888
18573,0.10464658588171005
18574,0.12218862771987915
18575,0.10773149877786636
18576,0.2347583770751953
18577,0.1660718023777008
18578,0.1048458144068718
18579,0.12217163294553757
18580,0.3637864589691162
18581,0.10259892046451569
18582,0.18335755169391632
18583,0.10015824437141418
18584,0.11532686650753021
18585,0.17016160488128662
18586,0.1030656024813652
18587,0.09997040033340454
18588,0.10965049266815186
18589,0.47924506664276123
18590,0.10948477685451508
18591,0.1014355942606926
18592,0.10933923721313477
18593,0.10413497686386108
18594,0.43792328238487244
18595,0.10947763174772263
18596,0.1031617820262909
18597,0.10219500958919525
18598,0.10185471922159195
18599,0.6168801188468933
18600,0.10554027557373047
18601,0.10151465982198715
18602,0.10608426481485367
18603,0.12404938787221909
18604,0.12836863100528717
18605,0.09997565299272537
18606,0.10256288945674896
18607,0.12750306725502014
18608,0.1547982394695282
18609,0.21873562037944794
18610,0.11374346911907196
18611,0.16905954480171204
18612,0.10295549035072327
18613,0.10023891180753708
18614,0.1379607915878296
18615,0.11353322863578796
18616,0.1791311353445053
18617,0.10089518129825592
18618,0.10519964247941971
18619,0.16092991828918457
18620,0.10644515603780746
18621,0.09948107600212097
18622,0.14921408891677856
18623,0.13157008588314056
18624,0.1014355942606926
18625,0.10336398333311081
18626,0.11163080483675003
18627,0.09876741468906403
18628,0.1014355942606926
18629,0.17839443683624268
18630,0.10093586891889572
18631,0.4907720685005188
18632,0.15713205933570862
18633,0.5766107439994812
18634,0.10391796380281448
18635,0.13783834874629974
18636,0.09997040033340454
18637,0.10573898255825043
18638,0.10215415805578232
18639,0.1363651007413864
18640,0.2789629399776459
18641,0.10498205572366714
18642,0.1038937047123909
18643,0.1030656024813652
18644,0.12249836325645447
18645,0.11343567818403244
18646,0.30046308040618896
18647,0.09848557412624359
18648,0.18882998824119568
18649,0.11613018065690994
18650,0.15142162144184113
18651,0.14563588798046112
18652,0.09687905013561249
18653,0.10050013661384583
18654,0.14651550352573395
18655,0.0921168178319931
18656,0.14294852316379547
18657,0.13557729125022888
18658,0.14923416078090668
18659,0.16977988183498383
18660,0.10055442899465561
18661,0.10875710099935532
18662,0.1504858285188675
18663,0.10140618681907654
18664,0.11347117274999619
18665,0.10705512017011642
18666,0.14383956789970398
18667,0.10612055659294128
18668,0.10292953252792358
18669,0.13120776414871216
18670,0.3230317533016205
18671,0.1142038106918335
18672,0.1801159530878067
18673,0.09937963634729385
18674,0.12114892899990082
18675,0.2743816077709198
18676,0.11085450649261475
18677,0.09872075170278549
18678,0.10004814714193344
18679,0.24021342396736145
18680,0.10025746375322342
18681,0.18468230962753296
18682,0.1390976905822754
18683,0.12186343967914581
18684,0.12436677515506744
18685,0.12329492717981339
18686,0.25283530354499817
18687,0.10185997188091278
18688,0.10017730295658112
18689,0.10276920348405838
18690,0.1030656024813652
18691,0.10831806063652039
18692,0.15649063885211945
18693,0.10523924976587296
18694,0.1006893441081047
18695,0.10452014952898026
18696,0.34956789016723633
18697,0.3273339569568634
18698,0.13954170048236847
18699,0.10214509069919586
18700,0.11078997701406479
18701,0.11597907543182373
18702,0.10376044362783432
18703,0.10777796059846878
18704,0.14487650990486145
18705,0.09997565299272537
18706,0.20497101545333862
18707,0.10135684162378311
18708,0.10770884901285172
18709,0.7166134119033813
18710,0.1388111263513565
18711,0.13595400750637054
18712,0.1030656024813652
18713,0.19771865010261536
18714,0.1031913012266159
18715,0.100705586373806
18716,0.09869595617055893
18717,0.10437517613172531
18718,0.11315196007490158
18719,0.10122451186180115
18720,0.23210549354553223
18721,0.10949411988258362
18722,0.295873761177063
18723,0.16042524576187134
18724,0.10828309506177902
18725,0.10472491383552551
18726,0.13197259604930878
18727,0.10056167095899582
18728,0.10112714767456055
18729,0.11429405212402344
18730,0.12175506353378296
18731,0.09937331825494766
18732,0.23924003541469574
18733,0.10535900294780731
18734,0.10841560363769531
18735,0.3610585331916809
18736,0.09983855485916138
18737,0.10128273069858551
18738,0.10315055400133133
18739,0.10130935162305832
18740,0.1412389576435089
18741,0.10050013661384583
18742,0.13202713429927826
18743,0.10948242992162704
18744,0.19154995679855347
18745,0.10648699849843979
18746,0.10738635808229446
18747,0.10143034160137177
18748,0.09867310523986816
18749,0.12750810384750366
18750,0.18143324553966522
18751,0.10715080797672272
18752,0.1389826387166977
18753,0.10336398333311081
18754,0.12227745354175568
18755,0.1054464802145958
18756,0.11209173500537872
18757,0.11634177714586258
18758,0.1010018065571785
18759,0.10146558284759521
18760,0.10327418148517609
18761,0.12652792036533356
18762,0.09876741468906403
18763,0.2865040898323059
18764,0.10051141679286957
18765,0.10522504895925522
18766,0.10040728747844696
18767,0.13623182475566864
18768,0.10539083182811737
18769,0.10262404382228851
18770,0.5314708352088928
18771,0.13071146607398987
18772,0.10121926665306091
18773,0.10336398333311081
18774,0.10138078033924103
18775,0.1243184506893158
18776,0.11228469014167786
18777,0.10050013661384583
18778,0.22936275601387024
18779,0.10972835123538971
18780,0.20655015110969543
18781,0.10045075416564941
18782,0.10896361619234085
18783,0.10223709046840668
18784,0.0993785634636879
18785,0.10287316888570786
18786,0.11758143454790115
18787,0.1867758184671402
18788,0.1955297291278839
18789,0.10211846977472305
18790,0.10355982929468155
18791,0.10094184428453445
18792,0.12244024127721786
18793,0.10122451186180115
18794,0.10094184428453445
18795,0.10133533179759979
18796,0.10058305412530899
18797,0.10129590332508087
18798,0.13371936976909637
18799,0.10435770452022552
18800,0.11173813790082932
18801,0.13109485805034637
18802,0.10056167095899582
18803,0.1032787337899208
18804,0.0993785634636879
18805,0.3592727780342102
18806,0.09950058162212372
18807,0.14030086994171143
18808,0.10050013661384583
18809,0.1048327386379242
18810,0.10111964493989944
18811,0.15606002509593964
18812,0.27380141615867615
18813,0.10055641829967499
18814,0.11067823320627213
18815,0.1291259080171585
18816,0.10066386312246323
18817,0.10165001451969147
18818,0.12886378169059753
18819,0.2850823998451233
18820,0.1273583471775055
18821,0.10200691968202591
18822,0.15528559684753418
18823,0.11615944653749466
18824,0.10082452744245529
18825,0.09948107600212097
18826,0.10341820120811462
18827,0.10215415805578232
18828,0.12865358591079712
18829,0.3304564952850342
18830,0.11625546216964722
18831,0.1014355942606926
18832,0.10082688182592392
18833,0.09932664781808853
18834,0.11334242671728134
18835,0.10136967152357101
18836,0.22872979938983917
18837,0.10582980513572693
18838,0.2357950061559677
18839,0.1785171926021576
18840,0.2750261425971985
18841,0.1195085272192955
18842,0.13245785236358643
18843,0.101748526096344
18844,0.11463838815689087
18845,0.11682853102684021
18846,0.11364962160587311
18847,0.11522882431745529
18848,0.10391413420438766
18849,0.10302291810512543
18850,0.27886733412742615
18851,0.07973336428403854
18852,0.10135684162378311
18853,0.10564777255058289
18854,0.10336398333311081
18855,0.10091661661863327
18856,0.10944917798042297
18857,0.14318086206912994
18858,0.10328267514705658
18859,0.10604064911603928
18860,0.1749439388513565
18861,0.09924043715000153
18862,0.16484534740447998
18863,0.09948107600212097
18864,0.10783956199884415
18865,0.3277830481529236
18866,0.10528858751058578
18867,0.12153062969446182
18868,0.10185997188091278
18869,0.11309997737407684
18870,0.09933190047740936
18871,0.1059805229306221
18872,0.1026003435254097
18873,0.13236336410045624
18874,0.14406724274158478
18875,0.13927222788333893
18876,0.10302291810512543
18877,0.1030656024813652
18878,0.11260460317134857
18879,0.17780080437660217
18880,0.14188209176063538
18881,0.10212858766317368
18882,0.11225150525569916
18883,0.10336398333311081
18884,0.11214711517095566
18885,0.10206025838851929
18886,0.1432548314332962
18887,0.10451897978782654
18888,0.1046750620007515
18889,0.28213444352149963
18890,0.10352874547243118
18891,0.09932082891464233
18892,0.10436245799064636
18893,0.10141408443450928
18894,0.8354553580284119
18895,0.23127754032611847
18896,0.15416428446769714
18897,0.10406750440597534
18898,0.1496749073266983
18899,0.10700055211782455
18900,0.12803015112876892
18901,0.10934542864561081
18902,0.21170464158058167
18903,0.10262169688940048
18904,0.1013069748878479
18905,0.11356757581233978
18906,0.11209974437952042
18907,0.11757995188236237
18908,0.10561066120862961
18909,0.23732246458530426
18910,0.1489260047674179
18911,0.09997565299272537
18912,0.10535278916358948
18913,0.10968910157680511
18914,0.09853998571634293
18915,0.10579630732536316
18916,0.10950686037540436
18917,0.23890306055545807
18918,0.09997565299272537
18919,0.09997565299272537
18920,0.18667618930339813
18921,0.09933190047740936
18922,0.0993785634636879
18923,0.09997565299272537
18924,0.15248170495033264
18925,0.11159180104732513
18926,0.10525894165039062
18927,0.09853287041187286
18928,0.1014355942606926
18929,0.11733265221118927
18930,0.1045163944363594
18931,0.10022657364606857
18932,0.100819431245327
18933,0.09946014732122421
18934,0.10056167095899582
18935,0.13529643416404724
18936,0.09997565299272537
18937,0.10234653949737549
18938,0.10604056715965271
18939,0.2055920511484146
18940,0.12942928075790405
18941,0.1021072268486023
18942,0.13747897744178772
18943,0.11147181689739227
18944,0.5944771766662598
18945,0.1016930416226387
18946,0.13459976017475128
18947,0.154878169298172
18948,0.3345000147819519
18949,0.13966332376003265
18950,0.1520683318376541
18951,0.10439693927764893
18952,0.2493099868297577
18953,0.17186588048934937
18954,0.09914029389619827
18955,0.1044042631983757
18956,0.16591376066207886
18957,0.1013069748878479
18958,0.10262169688940048
18959,0.11815456300973892
18960,0.09948107600212097
18961,0.10004814714193344
18962,0.10528112202882767
18963,0.10255584865808487
18964,0.138503298163414
18965,0.10080993920564651
18966,0.12933780252933502
18967,0.10150553286075592
18968,0.10855770111083984
18969,0.2136109322309494
18970,0.10050500184297562
18971,0.2179786115884781
18972,0.2060457319021225
18973,0.0920102670788765
18974,0.0982460156083107
18975,0.11177683621644974
18976,0.14458154141902924
18977,0.0944182351231575
18978,0.11143382638692856
18979,0.09997565299272537
18980,0.4016408920288086
18981,0.10721636563539505
18982,0.10851524770259857
18983,0.10205358266830444
18984,0.10855050384998322
18985,0.10185997188091278
18986,0.1217886433005333
18987,0.3429461419582367
18988,0.14144863188266754
18989,0.18887750804424286
18990,0.12523570656776428
18991,0.09933190047740936
18992,0.10281053930521011
18993,0.19119110703468323
18994,0.21980763971805573
18995,0.10089518129825592
18996,0.3115673363208771
18997,0.09901677817106247
18998,0.10608535259962082
18999,0.10305681824684143
19000,0.10094184428453445
19001,0.10260401666164398
19002,0.14433985948562622
19003,0.1237042248249054
19004,0.1111682802438736
19005,0.11057329177856445
19006,0.09997565299272537
19007,0.09997565299272537
19008,0.14455001056194305
19009,0.10305120795965195
19010,0.09958137571811676
19011,0.09997040033340454
19012,0.09997565299272537
19013,0.10445968061685562
19014,0.12631537020206451
19015,0.14781464636325836
19016,0.1445309966802597
19017,0.1734589785337448
19018,0.25422364473342896
19019,0.1127050518989563
19020,0.10137634724378586
19021,0.11098974198102951
19022,0.10649905353784561
19023,0.4997155964374542
19024,0.19691374897956848
19025,0.24813634157180786
19026,0.10433274507522583
19027,0.10549803823232651
19028,0.10860688984394073
19029,0.10551084578037262
19030,0.37197697162628174
19031,0.0993785634636879
19032,0.10343620926141739
19033,0.31907761096954346
19034,0.10005607455968857
19035,0.10925711691379547
19036,0.1061318963766098
19037,0.10644515603780746
19038,0.10857482999563217
19039,0.11784157156944275
19040,0.10122451186180115
19041,0.10349080711603165
19042,0.10351032763719559
19043,0.1014355942606926
19044,0.10114441812038422
19045,0.09923439472913742
19046,0.10553375631570816
19047,0.10272254049777985
19048,0.12362737953662872
19049,0.102507583796978
19050,0.15477077662944794
19051,0.1018286943435669
19052,0.10175169259309769
19053,0.09914029389619827
19054,0.14271993935108185
19055,0.1251850575208664
19056,0.16248543560504913
19057,0.10135684162378311
19058,0.11714719235897064
19059,0.09853998571634293
19060,0.1781439185142517
19061,0.105536088347435
19062,0.11147181689739227
19063,0.11105706542730331
19064,0.11612554639577866
19065,0.18475939333438873
19066,0.14705416560173035
19067,0.09997040033340454
19068,0.10681948065757751
19069,0.10336398333311081
19070,0.1017969399690628
19071,0.10549019277095795
19072,0.10692842304706573
19073,0.10226462781429291
19074,0.10745823383331299
19075,0.15473049879074097
19076,0.1481691151857376
19077,0.10282975435256958
19078,0.10236701369285583
19079,0.10021920502185822
19080,0.10954761505126953
19081,0.10094184428453445
19082,0.10633455216884613
19083,0.10434633493423462
19084,0.09997565299272537
19085,0.09948107600212097
19086,0.1029214859008789
19087,0.10303930193185806
19088,0.10080468654632568
19089,0.09933190047740936
19090,0.09985607862472534
19091,0.1033136248588562
19092,0.10222891718149185
19093,0.1254507154226303
19094,0.09997565299272537
19095,0.0993785634636879
19096,0.09422135353088379
19097,0.11438143998384476
19098,0.3490936756134033
19099,0.1075250431895256
19100,0.1013408675789833
19101,0.10572231560945511
19102,0.09948107600212097
19103,0.10908916592597961
19104,0.10196476429700851
19105,0.1067151203751564
19106,0.10135684162378311
19107,0.1038937047123909
19108,0.10050616413354874
19109,0.09997565299272537
19110,0.09997565299272537
19111,0.45385655760765076
19112,0.44241562485694885
19113,0.13844063878059387
19114,0.10131378471851349
19115,0.09931877255439758
19116,0.1354464292526245
19117,0.10461021214723587
19118,0.12912678718566895
19119,0.15660732984542847
19120,0.12405509501695633
19121,0.10159635543823242
19122,0.09997565299272537
19123,0.10431629419326782
19124,0.10315055400133133
19125,0.10069802403450012
19126,0.12687955796718597
19127,0.10460124909877777
19128,0.10207166522741318
19129,0.10338111221790314
19130,0.10122451186180115
19131,0.24709416925907135
19132,0.10383845865726471
19133,0.09872075170278549
19134,0.09947311878204346
19135,0.19898460805416107
19136,0.10094184428453445
19137,0.27331119775772095
19138,0.10879192501306534
19139,0.10268376767635345
19140,0.1863166093826294
19141,0.09997565299272537
19142,0.0999191477894783
19143,0.10066449642181396
19144,0.10339426249265671
19145,0.09997565299272537
19146,0.10096492618322372
19147,0.25690531730651855
19148,0.10070119053125381
19149,0.09997565299272537
19150,0.10829361528158188
19151,0.09948107600212097
19152,0.10861651599407196
19153,0.27548086643218994
19154,0.15343819558620453
19155,0.6761739253997803
19156,0.11068283766508102
19157,0.19108225405216217
19158,0.16601470112800598
19159,0.10472044348716736
19160,0.21064826846122742
19161,0.11963733285665512
19162,0.10136967152357101
19163,0.10425686836242676
19164,0.09914029389619827
19165,0.5075036287307739
19166,0.1013069748878479
19167,0.3194756507873535
19168,0.1086127981543541
19169,0.10096492618322372
19170,0.10135684162378311
19171,0.10145509988069534
19172,0.11162865906953812
19173,0.10639798641204834
19174,0.14006304740905762
19175,0.10219500958919525
19176,0.10407636314630508
19177,0.10528460144996643
19178,0.11263444274663925
19179,0.4071113169193268
19180,0.10569927096366882
19181,0.09862403571605682
19182,0.09997565299272537
19183,0.10611580312252045
19184,0.21704919636249542
19185,0.10902561247348785
19186,0.09997565299272537
19187,0.13226188719272614
19188,0.1364847719669342
19189,0.13014449179172516
19190,0.10567319393157959
19191,0.1174132376909256
19192,0.10510668158531189
19193,0.09823685139417648
19194,0.1032317653298378
19195,0.10671717673540115
19196,0.2636604905128479
19197,0.305737167596817
19198,0.2517756223678589
19199,0.1129249557852745
19200,0.14653925597667694
19201,0.09997565299272537
19202,0.0999191477894783
19203,0.11141504347324371
19204,0.0993013083934784
19205,0.13135968148708344
19206,0.09997565299272537
19207,0.15143044292926788
19208,0.09997565299272537
19209,0.10568205267190933
19210,0.1538458913564682
19211,0.100739486515522
19212,0.10131610184907913
19213,0.10439691692590714
19214,0.10946737974882126
19215,0.11456151306629181
19216,0.24457262456417084
19217,0.12136849015951157
19218,0.28971025347709656
19219,0.09997565299272537
19220,0.1014355942606926
19221,0.10251486301422119
19222,0.1050129160284996
19223,0.10390526801347733
19224,0.11321363598108292
19225,0.2111864984035492
19226,0.1015842854976654
19227,0.16117191314697266
19228,0.11420336365699768
19229,0.10514689981937408
19230,0.11254752427339554
19231,0.2959994375705719
19232,0.09883910417556763
19233,0.10336598008871078
19234,0.22748567163944244
19235,0.10270659625530243
19236,0.3731372356414795
19237,0.10056167095899582
19238,0.10282767564058304
19239,0.1287066638469696
19240,0.23983070254325867
19241,0.10447172075510025
19242,0.4437636733055115
19243,0.10907267779111862
19244,0.1151263564825058
19245,0.09997565299272537
19246,0.10050013661384583
19247,0.1528947502374649
19248,0.3594501316547394
19249,0.24129845201969147
19250,0.10588082671165466
19251,0.10844637453556061
19252,0.10192690789699554
19253,0.1762704700231552
19254,0.22831857204437256
19255,0.10188543796539307
19256,0.13434353470802307
19257,0.11693490296602249
19258,0.10462737828493118
19259,0.11035212129354477
19260,0.1071993038058281
19261,0.1569845974445343
19262,0.12520425021648407
19263,0.22711552679538727
19264,0.1041572242975235
19265,0.4950018525123596
19266,0.14688660204410553
19267,0.10236701369285583
19268,0.10972127318382263
19269,0.11374469846487045
19270,0.10359355807304382
19271,0.13759756088256836
19272,0.14312607049942017
19273,0.14502708613872528
19274,0.11380185931921005
19275,0.20449040830135345
19276,0.09867110848426819
19277,0.10409203916788101
19278,0.09997565299272537
19279,0.11494916677474976
19280,0.10911811143159866
19281,0.26841267943382263
19282,0.10122451186180115
19283,0.10152705013751984
19284,0.12423420697450638
19285,0.16030097007751465
19286,0.10930512845516205
19287,0.11126233637332916
19288,0.11122056841850281
19289,0.12047754228115082
19290,0.10616273432970047
19291,0.09997565299272537
19292,0.10135684162378311
19293,0.10274229943752289
19294,0.09666618704795837
19295,0.10157322883605957
19296,0.10089518129825592
19297,0.10769782960414886
19298,0.10483860969543457
19299,0.09997565299272537
19300,0.14414703845977783
19301,0.10336398333311081
19302,0.14878354966640472
19303,0.10189300030469894
19304,0.0995929092168808
19305,0.1319517195224762
19306,0.16082292795181274
19307,0.1739765852689743
19308,0.15633262693881989
19309,0.14946122467517853
19310,0.12811973690986633
19311,0.18550916016101837
19312,0.11691784858703613
19313,0.10215415805578232
19314,0.10051141679286957
19315,0.14617381989955902
19316,0.11816063523292542
19317,0.1401502937078476
19318,0.5367690920829773
19319,0.16612403094768524
19320,0.1062580868601799
19321,0.10129161179065704
19322,0.1044401302933693
19323,0.10159053653478622
19324,0.11557631194591522
19325,0.10056167095899582
19326,0.35226166248321533
19327,0.18167990446090698
19328,0.12330733239650726
19329,0.0997542068362236
19330,0.14044243097305298
19331,0.412829726934433
19332,0.09941910952329636
19333,0.11736099421977997
19334,0.10082452744245529
19335,0.10897207260131836
19336,0.12841923534870148
19337,0.11074090003967285
19338,0.10013814270496368
19339,0.11081721633672714
19340,0.14718501269817352
19341,0.3751913011074066
19342,0.11039017885923386
19343,0.10185997188091278
19344,0.10722161829471588
19345,0.1279991865158081
19346,0.3439636826515198
19347,0.10094184428453445
19348,0.18193389475345612
19349,0.23882071673870087
19350,0.1005401611328125
19351,0.10185997188091278
19352,0.10238043963909149
19353,0.10131610184907913
19354,0.14011159539222717
19355,0.2699659764766693
19356,0.09948107600212097
19357,0.10147654265165329
19358,0.11937455087900162
19359,0.11570298671722412
19360,0.10236701369285583
19361,0.14557288587093353
19362,0.13539934158325195
19363,0.10662123560905457
19364,0.14604046940803528
19365,0.10470957309007645
19366,0.13042595982551575
19367,0.1452956348657608
19368,0.10302291810512543
19369,0.07398650795221329
19370,0.16451148688793182
19371,0.11083066463470459
19372,0.10230762511491776
19373,0.19467371702194214
19374,0.1014324277639389
19375,0.10080993920564651
19376,0.11169371008872986
19377,0.10236701369285583
19378,0.1038937047123909
19379,0.13129717111587524
19380,0.11417170614004135
19381,0.18987798690795898
19382,0.10472486913204193
19383,0.1158154159784317
19384,0.11387176811695099
19385,0.11495612561702728
19386,0.10219277441501617
19387,0.10447292029857635
19388,0.14963878691196442
19389,0.11004890501499176
19390,0.15478777885437012
19391,0.11785116791725159
19392,0.09997565299272537
19393,0.1062663197517395
19394,0.30480918288230896
19395,0.10336398333311081
19396,0.21782785654067993
19397,0.235361248254776
19398,0.09933190047740936
19399,0.10554388165473938
19400,0.09937380254268646
19401,0.10246535390615463
19402,0.09948107600212097
19403,0.28160032629966736
19404,0.11879587173461914
19405,0.16466370224952698
19406,0.1037416085600853
19407,0.14228788018226624
19408,0.15095838904380798
19409,0.12380243092775345
19410,0.09997565299272537
19411,0.10604056715965271
19412,0.10591696202754974
19413,0.14249028265476227
19414,0.09997565299272537
19415,0.10133805125951767
19416,0.1013324111700058
19417,0.17792373895645142
19418,0.0993785634636879
19419,0.09997565299272537
19420,0.10632878541946411
19421,0.10120443999767303
19422,0.1817229986190796
19423,0.09996125847101212
19424,0.1051725447177887
19425,0.10214509069919586
19426,0.12174811959266663
19427,0.10133805125951767
19428,0.10395199805498123
19429,0.11209294199943542
19430,0.10286520421504974
19431,0.10035155713558197
19432,0.11331933736801147
19433,0.5728996992111206
19434,0.10404930263757706
19435,0.09122411161661148
19436,0.11600331962108612
19437,0.12152102589607239
19438,0.10191064327955246
19439,0.09883910417556763
19440,0.15612447261810303
19441,0.36555859446525574
19442,0.1038627028465271
19443,0.09932664781808853
19444,0.10677769780158997
19445,0.10132307559251785
19446,0.133289635181427
19447,0.2233601063489914
19448,0.1654459685087204
19449,0.14156542718410492
19450,0.12933684885501862
19451,0.10051141679286957
19452,0.10735869407653809
19453,0.11835498362779617
19454,0.10584226250648499
19455,0.09997565299272537
19456,0.33064937591552734
19457,0.09884387254714966
19458,0.10069712996482849
19459,0.1814606785774231
19460,0.13548575341701508
19461,0.1048458144068718
19462,0.2952430248260498
19463,0.1124977394938469
19464,0.11901862919330597
19465,0.0992189273238182
19466,0.24052242934703827
19467,0.11629156768321991
19468,0.09997565299272537
19469,0.5023477077484131
19470,0.3205017149448395
19471,0.10335759818553925
19472,0.10185997188091278
19473,0.17678259313106537
19474,0.1020607128739357
19475,0.10384198278188705
19476,0.13908211886882782
19477,0.1553431749343872
19478,0.11202675104141235
19479,0.18884341418743134
19480,0.13911686837673187
19481,0.10244312882423401
19482,0.1131257638335228
19483,0.1654311716556549
19484,0.12809528410434723
19485,0.1030656024813652
19486,0.10449878126382828
19487,0.09997565299272537
19488,0.10185997188091278
19489,0.10359259694814682
19490,0.13986828923225403
19491,0.09858503192663193
19492,0.12075259536504745
19493,0.09986822307109833
19494,0.09950058162212372
19495,0.1127154603600502
19496,0.10586874186992645
19497,0.15694527328014374
19498,0.17937009036540985
19499,0.10251409560441971
19500,0.10015495121479034
19501,0.11104892939329147
19502,0.09997565299272537
19503,0.22605594992637634
19504,0.38592126965522766
19505,0.11605841666460037
19506,0.15009760856628418
19507,0.10970654338598251
19508,0.2386903166770935
19509,0.1449381709098816
19510,0.09933190047740936
19511,0.12847475707530975
19512,0.10846750438213348
19513,0.29725176095962524
19514,0.10004814714193344
19515,0.16852407157421112
19516,0.14747686684131622
19517,0.10804431140422821
19518,0.39180639386177063
19519,0.14893017709255219
19520,0.10066477209329605
19521,0.1756487488746643
19522,0.17890705168247223
19523,0.10122451186180115
19524,0.09899581223726273
19525,0.42770180106163025
19526,0.10522504895925522
19527,0.1148114949464798
19528,0.13391101360321045
19529,0.12441772222518921
19530,0.10133805125951767
19531,0.1013408675789833
19532,0.10646877437829971
19533,0.09933540225028992
19534,0.15175761282444
19535,0.1076262891292572
19536,0.14052285254001617
19537,0.10212250798940659
19538,0.10129161179065704
19539,0.10122451186180115
19540,0.11205416917800903
19541,0.10646932572126389
19542,0.09997565299272537
19543,0.39136072993278503
19544,0.1043262705206871
19545,0.1014355942606926
19546,0.10136967152357101
19547,0.101173996925354
19548,0.1091722622513771
19549,0.24309633672237396
19550,0.10851451754570007
19551,0.10890946537256241
19552,0.1775745451450348
19553,0.10448483377695084
19554,0.10242155194282532
19555,0.12890809774398804
19556,0.09217081218957901
19557,0.09948107600212097
19558,0.09997565299272537
19559,0.10351268202066422
19560,0.10287316888570786
19561,0.11609554290771484
19562,0.11704842746257782
19563,0.10349608212709427
19564,0.10696089267730713
19565,0.12524546682834625
19566,0.10121926665306091
19567,0.10317397117614746
19568,0.10315102338790894
19569,0.11119414120912552
19570,0.15597714483737946
19571,0.10131775587797165
19572,0.12545141577720642
19573,0.11246709525585175
19574,0.10701128095388412
19575,0.2898607850074768
19576,0.5459470152854919
19577,0.5044167041778564
19578,0.09853998571634293
19579,0.11575959622859955
19580,0.1016632542014122
19581,0.11408592760562897
19582,0.10185997188091278
19583,0.12922939658164978
19584,0.12592032551765442
19585,0.13813352584838867
19586,0.100739486515522
19587,0.10305681824684143
19588,0.10270658135414124
19589,0.16539497673511505
19590,0.11381424218416214
19591,0.1014355942606926
19592,0.09948107600212097
19593,0.1664804071187973
19594,0.14292867481708527
19595,0.10165001451969147
19596,0.112028568983078
19597,0.1037416085600853
19598,0.11022110283374786
19599,0.1728278398513794
19600,0.100705586373806
19601,0.147335022687912
19602,0.10589732229709625
19603,0.10272063314914703
19604,0.09997565299272537
19605,0.12976418435573578
19606,0.10527872294187546
19607,0.10479914397001266
19608,0.10550380498170853
19609,0.10122451186180115
19610,0.10142119973897934
19611,0.35308894515037537
19612,0.14063264429569244
19613,0.11158130317926407
19614,0.11711316555738449
19615,0.13047446310520172
19616,0.34850209951400757
19617,0.260012149810791
19618,0.10308399796485901
19619,0.14185984432697296
19620,0.11017986387014389
19621,0.10272254049777985
19622,0.09853998571634293
19623,0.20439094305038452
19624,0.1031808853149414
19625,0.09997565299272537
19626,0.13039112091064453
19627,0.11455312371253967
19628,0.18550345301628113
19629,0.10356749594211578
19630,0.10336398333311081
19631,0.1030656024813652
19632,0.1034749448299408
19633,0.1014355942606926
19634,0.18864236772060394
19635,0.10292645543813705
19636,0.10411850363016129
19637,0.09997565299272537
19638,0.1014355942606926
19639,0.09997565299272537
19640,0.1031746193766594
19641,0.29200586676597595
19642,0.12334346771240234
19643,0.10168581455945969
19644,0.10075202584266663
19645,0.10778367519378662
19646,0.10182712972164154
19647,0.10521210730075836
19648,0.3826165199279785
19649,0.14192286133766174
19650,0.10185997188091278
19651,0.2981613576412201
19652,0.0989948958158493
19653,0.12947985529899597
19654,0.12229260802268982
19655,0.09997565299272537
19656,0.1038937047123909
19657,0.09948107600212097
19658,0.11838486045598984
19659,0.10028557479381561
19660,0.11373287439346313
19661,0.10254129767417908
19662,0.24656367301940918
19663,0.3052610456943512
19664,0.11418645083904266
19665,0.10050013661384583
19666,0.13828043639659882
19667,0.13148942589759827
19668,0.10230294615030289
19669,0.09997565299272537
19670,0.3197803199291229
19671,0.1036229133605957
19672,0.1008124053478241
19673,0.10688257217407227
19674,0.1259455531835556
19675,0.10122451186180115
19676,0.10303731262683868
19677,0.15175659954547882
19678,0.13742120563983917
19679,0.10698746889829636
19680,0.6267132759094238
19681,0.10690910369157791
19682,0.14759671688079834
19683,0.1628047376871109
19684,0.1059805229306221
19685,0.10447857528924942
19686,0.0988338515162468
19687,0.13563136756420135
19688,0.10191743075847626
19689,0.10086555033922195
19690,0.1013069748878479
19691,0.09997565299272537
19692,0.1103523001074791
19693,0.14242807030677795
19694,0.09914029389619827
19695,0.1873760223388672
19696,0.10278379917144775
19697,0.10446948558092117
19698,0.10025015473365784
19699,0.1230614110827446
19700,0.105458103120327
19701,0.11030511558055878
19702,0.09895278513431549
19703,0.12322918325662613
19704,0.12345605343580246
19705,0.49903836846351624
19706,0.10476446896791458
19707,0.2622418999671936
19708,0.12099325656890869
19709,0.13756892085075378
19710,0.3559424579143524
19711,0.10706408321857452
19712,0.0999680906534195
19713,0.6417632699012756
19714,0.09996125847101212
19715,0.0993785634636879
19716,0.10371889173984528
19717,0.1062517985701561
19718,0.10204833745956421
19719,0.166648730635643
19720,0.12103787809610367
19721,0.1075311228632927
19722,0.13620160520076752
19723,0.10945472866296768
19724,0.11045706272125244
19725,0.1509324610233307
19726,0.14433985948562622
19727,0.10336398333311081
19728,0.10394452512264252
19729,0.1030656024813652
19730,0.12556670606136322
19731,0.14440637826919556
19732,0.10306034982204437
19733,0.12801586091518402
19734,0.10159635543823242
19735,0.10495488345623016
19736,0.1051483154296875
19737,0.10521246492862701
19738,0.22248898446559906
19739,0.15708336234092712
19740,0.09997565299272537
19741,0.1130349412560463
19742,0.28166162967681885
19743,0.14562204480171204
19744,0.19888189435005188
19745,0.3903850018978119
19746,0.18772059679031372
19747,0.10077720880508423
19748,0.10422531515359879
19749,0.0993013083934784
19750,0.13885489106178284
19751,0.10185997188091278
19752,0.1216316670179367
19753,0.10182007402181625
19754,0.15899918973445892
19755,0.100776806473732
19756,0.10543933510780334
19757,0.10477104783058167
19758,0.15476341545581818
19759,0.11028788238763809
19760,0.13730403780937195
19761,0.09997889399528503
19762,0.1038937047123909
19763,0.3404502272605896
19764,0.11558466404676437
19765,0.10135684162378311
19766,0.10878947377204895
19767,0.11074228584766388
19768,0.24632132053375244
19769,0.20295366644859314
19770,0.10965243726968765
19771,0.18120098114013672
19772,0.13527140021324158
19773,0.10185997188091278
19774,0.10080468654632568
19775,0.11784754693508148
19776,0.1014355942606926
19777,0.10302291810512543
19778,0.10056167095899582
19779,0.10135684162378311
19780,0.11080874502658844
19781,0.10097765177488327
19782,0.11227849870920181
19783,0.2438768744468689
19784,0.15603381395339966
19785,0.10569748282432556
19786,0.10179866850376129
19787,0.1014355942606926
19788,0.09948107600212097
19789,0.09519454091787338
19790,0.10270853340625763
19791,0.15303131937980652
19792,0.13819868862628937
19793,0.09933190047740936
19794,0.09875531494617462
19795,0.09946668148040771
19796,0.23503418266773224
19797,0.10953298956155777
19798,0.09997565299272537
19799,0.09997565299272537
19800,0.11103849112987518
19801,0.10109557211399078
19802,0.10103871673345566
19803,0.11531541496515274
19804,0.2084445059299469
19805,0.10122451186180115
19806,0.10442881286144257
19807,0.10121926665306091
19808,0.12919476628303528
19809,0.14349249005317688
19810,0.1368989497423172
19811,0.10244127362966537
19812,0.10775729268789291
19813,0.20522354543209076
19814,0.2521091103553772
19815,0.3275367021560669
19816,0.10478155314922333
19817,0.10478559881448746
19818,0.10094184428453445
19819,0.1304519921541214
19820,0.1030656024813652
19821,0.11109068989753723
19822,0.10006765276193619
19823,0.10082944482564926
19824,0.10448350757360458
19825,0.18187247216701508
19826,0.15420421957969666
19827,0.09997565299272537
19828,0.3689473271369934
19829,0.1033698171377182
19830,0.1678471714258194
19831,0.10334248095750809
19832,0.10375600308179855
19833,0.13517998158931732
19834,0.10111964493989944
19835,0.09997565299272537
19836,0.10056167095899582
19837,0.14025446772575378
19838,0.10620899498462677
19839,0.130178302526474
19840,0.0679415836930275
19841,0.10135684162378311
19842,0.10056167095899582
19843,0.11333925276994705
19844,0.14375634491443634
19845,0.0993865504860878
19846,0.10200867056846619
19847,0.12980088591575623
19848,0.10192647576332092
19849,0.1865939199924469
19850,0.1021106019616127
19851,0.11395368725061417
19852,0.2964422404766083
19853,0.10234653949737549
19854,0.1494009643793106
19855,0.2709427773952484
19856,0.1414848268032074
19857,0.1123681291937828
19858,0.18454697728157043
19859,0.10520073026418686
19860,0.19165131449699402
19861,0.14784681797027588
19862,0.10241503268480301
19863,0.10472021251916885
19864,0.11252263188362122
19865,0.10214605927467346
19866,0.3914172649383545
19867,0.187312513589859
19868,0.10189389437437057
19869,0.12461211532354355
19870,0.1030656024813652
19871,0.1063593178987503
19872,0.14573420584201813
19873,0.29072481393814087
19874,0.11260790377855301
19875,0.09948107600212097
19876,0.2444675862789154
19877,0.10042337328195572
19878,0.10094184428453445
19879,0.1411922723054886
19880,0.22400912642478943
19881,0.10068974643945694
19882,0.10376589000225067
19883,0.09948107600212097
19884,0.11028671264648438
19885,0.28768518567085266
19886,0.20021076500415802
19887,0.1550121009349823
19888,0.17518766224384308
19889,0.13320115208625793
19890,0.11864012479782104
19891,0.1075250431895256
19892,0.1515788733959198
19893,0.12240663170814514
19894,0.1013408675789833
19895,0.11859932541847229
19896,0.3750525414943695
19897,0.10563158988952637
19898,0.11436422169208527
19899,0.1384924054145813
19900,0.15356579422950745
19901,0.13081952929496765
19902,0.09948107600212097
19903,0.14123858511447906
19904,0.16626231372356415
19905,0.11528292298316956
19906,0.153949573636055
19907,0.12229260802268982
19908,0.09997040033340454
19909,0.10405580699443817
19910,0.1110195443034172
19911,0.13564637303352356
19912,0.10091109573841095
19913,0.10010985285043716
19914,0.10282420367002487
19915,0.23089101910591125
19916,0.5108172297477722
19917,0.11310906708240509
19918,0.11865323036909103
19919,0.10422874242067337
19920,0.6893318891525269
19921,0.10185712575912476
19922,0.09996125847101212
19923,0.09793897718191147
19924,0.10226328670978546
19925,0.43867674469947815
19926,0.10400326550006866
19927,0.11668583750724792
19928,0.09883910417556763
19929,0.09921037405729294
19930,0.10170412063598633
19931,0.10176107287406921
19932,0.131554514169693
19933,0.16342505812644958
19934,0.09997565299272537
19935,0.14182983338832855
19936,0.09501820057630539
19937,0.10406439751386642
19938,0.2062484622001648
19939,0.11381664872169495
19940,0.10123389214277267
19941,0.10234493017196655
19942,0.1283654421567917
19943,0.13692061603069305
19944,0.21120093762874603
19945,0.11724982410669327
19946,0.1426025629043579
19947,0.10245804488658905
19948,0.20077553391456604
19949,0.1030656024813652
19950,0.1183379516005516
19951,0.12933029234409332
19952,0.10897111892700195
19953,0.10463014245033264
19954,0.17491163313388824
19955,0.1158401370048523
19956,0.37242135405540466
19957,0.26450926065444946
19958,0.09826520085334778
19959,0.10322520136833191
19960,0.10387872904539108
19961,0.13936331868171692
19962,0.09997565299272537
19963,0.23176425695419312
19964,0.10668744146823883
19965,0.13632281124591827
19966,0.24544553458690643
19967,0.10502889752388
19968,0.10411476343870163
19969,0.10408192873001099
19970,0.23135070502758026
19971,0.10259496420621872
19972,0.15052108466625214
19973,0.20181091129779816
19974,0.1403178721666336
19975,0.11321217566728592
19976,0.10165001451969147
19977,0.1227954551577568
19978,0.18384875357151031
19979,0.1008463054895401
19980,0.10128072649240494
19981,0.10520821809768677
19982,0.10227571427822113
19983,0.10999725759029388
19984,0.19212664663791656
19985,0.12048569321632385
19986,0.09997565299272537
19987,0.1031913012266159
19988,0.10128277540206909
19989,0.2117389440536499
19990,0.09932350367307663
19991,0.14280618727207184
19992,0.10236701369285583
19993,0.10185997188091278
19994,0.10547477006912231
19995,0.24960042536258698
19996,0.10122451186180115
19997,0.09997040033340454
19998,0.10094184428453445
19999,0.20679038763046265
20000,0.116176538169384
20001,0.11542470753192902
20002,0.12459054589271545
20003,0.09841730445623398
20004,0.10278379917144775
20005,0.10215415805578232
20006,0.105108343064785
20007,0.1013069748878479
20008,0.1031913012266159
20009,0.10100562870502472
20010,0.10185997188091278
20011,0.10094184428453445
20012,0.1013408675789833
20013,0.13021698594093323
20014,0.12072873115539551
20015,0.11637691408395767
20016,0.10524385422468185
20017,0.10570184886455536
20018,0.10903306305408478
20019,0.16759778559207916
20020,0.1539921760559082
20021,0.10347896069288254
20022,0.12719088792800903
20023,0.10142119973897934
20024,0.10131378471851349
20025,0.11249097436666489
20026,0.11958220601081848
20027,0.09948107600212097
20028,0.10308122634887695
20029,0.09948107600212097
20030,0.36362868547439575
20031,0.10209468752145767
20032,0.2100343555212021
20033,0.22727230191230774
20034,0.11348932981491089
20035,0.19832062721252441
20036,0.10107418149709702
20037,0.17965909838676453
20038,0.11096160113811493
20039,0.15517669916152954
20040,0.1159570962190628
20041,0.10173539072275162
20042,0.11028090119361877
20043,0.10337047278881073
20044,0.1109345555305481
20045,0.0993785634636879
20046,0.10173989832401276
20047,0.11816063523292542
20048,0.11499184370040894
20049,0.10922666639089584
20050,0.30522868037223816
20051,0.1753464788198471
20052,0.11224625259637833
20053,0.10556808114051819
20054,0.10503359138965607
20055,0.10455987602472305
20056,0.10746322572231293
20057,0.10437443107366562
20058,0.10122451186180115
20059,0.15331339836120605
20060,0.10247942805290222
20061,0.10036368668079376
20062,0.10706058144569397
20063,0.16556109488010406
20064,0.11518876254558563
20065,0.10217365622520447
20066,0.10522234439849854
20067,0.427533894777298
20068,0.3810783624649048
20069,0.11363682150840759
20070,0.10056167095899582
20071,0.11396194994449615
20072,0.1021641343832016
20073,0.2817186117172241
20074,0.10885131359100342
20075,0.14872770011425018
20076,0.10050013661384583
20077,0.106186643242836
20078,0.13678741455078125
20079,0.10059931874275208
20080,0.17224673926830292
20081,0.1508152037858963
20082,0.0982460156083107
20083,0.12555554509162903
20084,0.3781646490097046
20085,0.11030285805463791
20086,0.10435356944799423
20087,0.36326906085014343
20088,0.33593207597732544
20089,0.12312792241573334
20090,0.09948492795228958
20091,0.10897232592105865
20092,0.11573867499828339
20093,0.102930948138237
20094,0.10117338597774506
20095,0.10993684083223343
20096,0.11811349540948868
20097,0.09872075170278549
20098,0.25950801372528076
20099,0.10726997256278992
20100,0.11201190948486328
20101,0.3221050202846527
20102,0.09947582334280014
20103,0.1565261036157608
20104,0.17097251117229462
20105,0.10448483377695084
20106,0.12732645869255066
20107,0.1496431827545166
20108,0.11115046590566635
20109,0.46220532059669495
20110,0.1442328244447708
20111,0.14427466690540314
20112,0.1030656024813652
20113,0.10395723581314087
20114,0.13882482051849365
20115,0.1683698147535324
20116,0.10582469403743744
20117,0.10122451186180115
20118,0.10295512527227402
20119,0.1398838609457016
20120,0.10166072845458984
20121,0.17802219092845917
20122,0.1265655755996704
20123,0.10165001451969147
20124,0.09997565299272537
20125,0.1803673803806305
20126,0.1014355942606926
20127,0.09853998571634293
20128,0.21956288814544678
20129,0.10004814714193344
20130,0.10462435334920883
20131,0.09627494215965271
20132,0.10024255514144897
20133,0.37467387318611145
20134,0.30818822979927063
20135,0.11069425195455551
20136,0.13548459112644196
20137,0.3054544925689697
20138,0.14250099658966064
20139,0.10055641829967499
20140,0.10228157043457031
20141,0.11293177306652069
20142,0.107915498316288
20143,0.1032211184501648
20144,0.11071478575468063
20145,0.11581486463546753
20146,0.13184799253940582
20147,0.14312924444675446
20148,0.2490989863872528
20149,0.1065104678273201
20150,0.10565588623285294
20151,0.10316801816225052
20152,0.10324853658676147
20153,0.10808290541172028
20154,0.1022753193974495
20155,0.11213076859712601
20156,0.2919254004955292
20157,0.10050013661384583
20158,0.113497793674469
20159,0.1109105572104454
20160,0.10215415805578232
20161,0.11474566161632538
20162,0.10056167095899582
20163,0.09511896222829819
20164,0.8890960812568665
20165,0.11360105127096176
20166,0.13564637303352356
20167,0.13680344820022583
20168,0.1251799315214157
20169,0.09616886079311371
20170,0.10741111636161804
20171,0.4449831545352936
20172,0.10236701369285583
20173,0.6187350749969482
20174,0.23969754576683044
20175,0.10440412163734436
20176,0.4398830235004425
20177,0.5884852409362793
20178,0.12546579539775848
20179,0.10131610184907913
20180,0.21914547681808472
20181,0.10159613937139511
20182,0.10774815082550049
20183,0.10294279456138611
20184,0.1074429303407669
20185,0.11898290365934372
20186,0.10513372719287872
20187,0.1042214184999466
20188,0.10180491954088211
20189,0.09853287041187286
20190,0.09948107600212097
20191,0.11053503304719925
20192,0.33257025480270386
20193,0.10427732020616531
20194,0.10135684162378311
20195,0.09997889399528503
20196,0.10238681733608246
20197,0.5621800422668457
20198,0.09948107600212097
20199,0.1014355942606926
20200,0.11945727467536926
20201,0.09997565299272537
20202,0.10056167095899582
20203,0.12947595119476318
20204,0.128343865275383
20205,0.15266761183738708
20206,0.12623879313468933
20207,0.0993013083934784
20208,0.10352795571088791
20209,0.0987924337387085
20210,0.09853474050760269
20211,0.09997565299272537
20212,0.10136118531227112
20213,0.12192995846271515
20214,0.19694818556308746
20215,0.10650920122861862
20216,0.1991584300994873
20217,0.10276920348405838
20218,0.10189300030469894
20219,0.10272254049777985
20220,0.10118313878774643
20221,0.17646506428718567
20222,0.12426123023033142
20223,0.16336427628993988
20224,0.11337118595838547
20225,0.10561524331569672
20226,0.10620483756065369
20227,0.2700612545013428
20228,0.12275449931621552
20229,0.29715895652770996
20230,0.09906470030546188
20231,0.10384198278188705
20232,0.18687504529953003
20233,0.11187281459569931
20234,0.10158703476190567
20235,0.12609824538230896
20236,0.09867110848426819
20237,0.10068250447511673
20238,0.10673989355564117
20239,0.0993785634636879
20240,0.10343752801418304
20241,0.10143034160137177
20242,0.10304658859968185
20243,0.10185471922159195
20244,0.10330762714147568
20245,0.16364918649196625
20246,0.443245530128479
20247,0.22797216475009918
20248,0.2683630883693695
20249,0.10427430272102356
20250,0.09751341491937637
20251,0.09948107600212097
20252,0.10835345834493637
20253,0.2059008628129959
20254,0.10804431140422821
20255,0.10026349872350693
20256,0.10928638279438019
20257,0.11106836795806885
20258,0.23042580485343933
20259,0.22774825990200043
20260,0.6717953681945801
20261,0.11786916851997375
20262,0.10334959626197815
20263,0.10278130322694778
20264,0.10088808834552765
20265,0.13476544618606567
20266,0.10400968790054321
20267,0.24412479996681213
20268,0.12991629540920258
20269,0.1058046966791153
20270,0.11761347949504852
20271,0.1450657993555069
20272,0.2635636031627655
20273,0.10236701369285583
20274,0.23238518834114075
20275,0.10045157372951508
20276,0.10189300030469894
20277,0.11104894429445267
20278,0.1306670606136322
20279,0.10237114131450653
20280,0.10135684162378311
20281,0.10984249413013458
20282,0.10801041126251221
20283,0.10150101035833359
20284,0.10001945495605469
20285,0.0994948223233223
20286,0.09883910417556763
20287,0.18381449580192566
20288,0.13960692286491394
20289,0.14513346552848816
20290,0.10863032937049866
20291,0.24397574365139008
20292,0.1992698758840561
20293,0.10736586898565292
20294,0.09933190047740936
20295,0.12240931391716003
20296,0.1161009892821312
20297,0.217311829328537
20298,0.09997565299272537
20299,0.23943008482456207
20300,0.10701075196266174
20301,0.10355725139379501
20302,0.145517960190773
20303,0.24638380110263824
20304,0.10308545082807541
20305,0.14103834331035614
20306,0.15744104981422424
20307,0.13759970664978027
20308,0.13376949727535248
20309,0.14053744077682495
20310,0.25746989250183105
20311,0.10383845865726471
20312,0.09572967886924744
20313,0.11010190844535828
20314,0.16727617383003235
20315,0.11241526901721954
20316,0.11312402039766312
20317,0.1030656024813652
20318,0.1255582869052887
20319,0.10122451186180115
20320,0.1690780222415924
20321,0.09872075170278549
20322,0.09933190047740936
20323,0.10362383723258972
20324,0.10897690057754517
20325,0.10435356944799423
20326,0.10122451186180115
20327,0.10519237071275711
20328,0.09997565299272537
20329,0.16908526420593262
20330,0.10056167095899582
20331,0.14050740003585815
20332,0.10056167095899582
20333,0.2436055988073349
20334,0.10027953237295151
20335,0.1626056581735611
20336,0.10759676992893219
20337,0.32997438311576843
20338,0.09997565299272537
20339,0.17136266827583313
20340,0.1326947957277298
20341,0.10990439355373383
20342,0.11711781471967697
20343,0.10209132730960846
20344,0.10003873705863953
20345,0.10859320312738419
20346,0.11164067685604095
20347,0.09869924187660217
20348,0.3991382420063019
20349,0.21380265057086945
20350,0.10050013661384583
20351,0.12074203789234161
20352,0.3104972243309021
20353,0.20196545124053955
20354,0.11077055335044861
20355,0.11211542040109634
20356,0.10055641829967499
20357,0.13623182475566864
20358,0.14045356214046478
20359,0.12133745849132538
20360,0.2336726188659668
20361,0.10263635963201523
20362,0.09948107600212097
20363,0.1118258610367775
20364,0.21791021525859833
20365,0.30523356795310974
20366,0.13451427221298218
20367,0.1013408675789833
20368,0.11253929883241653
20369,0.10609113425016403
20370,0.09863408654928207
20371,0.0999191477894783
20372,0.09997565299272537
20373,0.15330500900745392
20374,0.100705586373806
20375,0.10724564641714096
20376,0.10486651957035065
20377,0.32783544063568115
20378,0.22349460422992706
20379,0.35693320631980896
20380,0.10214509069919586
20381,0.14617304503917694
20382,0.1306324154138565
20383,0.11420699954032898
20384,0.30567070841789246
20385,0.10383664816617966
20386,0.10311999171972275
20387,0.12796445190906525
20388,0.1215268149971962
20389,0.11146172881126404
20390,0.11183245480060577
20391,0.104217030107975
20392,0.13159078359603882
20393,0.1324717402458191
20394,0.11364962160587311
20395,0.11847103387117386
20396,0.1451282948255539
20397,0.09914029389619827
20398,0.12542448937892914
20399,0.12958136200904846
20400,0.1037416085600853
20401,0.10097010433673859
20402,0.10208678990602493
20403,0.09948107600212097
20404,0.10412115603685379
20405,0.15301886200904846
20406,0.09948107600212097
20407,0.11602848023176193
20408,0.32107043266296387
20409,0.10336398333311081
20410,0.13171157240867615
20411,0.13589316606521606
20412,0.10435809195041656
20413,0.1297456920146942
20414,0.11872196942567825
20415,0.2790322005748749
20416,0.10395723581314087
20417,0.10253763198852539
20418,0.10380422323942184
20419,0.15265882015228271
20420,0.10719894617795944
20421,0.20768645405769348
20422,0.06896384805440903
20423,0.10056167095899582
20424,0.09948107600212097
20425,0.13557729125022888
20426,0.09997565299272537
20427,0.28157109022140503
20428,0.10117338597774506
20429,0.1956968754529953
20430,0.10050616413354874
20431,0.10082694888114929
20432,0.10591678321361542
20433,0.10561524331569672
20434,0.10645582526922226
20435,0.10083726793527603
20436,0.10842899978160858
20437,0.09931304305791855
20438,0.10656478255987167
20439,0.10332456976175308
20440,0.10835087299346924
20441,0.10214921832084656
20442,0.10029082745313644
20443,0.1030656024813652
20444,0.6746382117271423
20445,0.26225438714027405
20446,0.14434219896793365
20447,0.0993785634636879
20448,0.11223140358924866
20449,0.10456335544586182
20450,0.1092928871512413
20451,0.1031808853149414
20452,0.1123681291937828
20453,0.10079754143953323
20454,0.09876741468906403
20455,0.10051141679286957
20456,0.138165682554245
20457,0.10398772358894348
20458,0.14364108443260193
20459,0.14104962348937988
20460,0.1014355942606926
20461,0.10839720815420151
20462,0.1660214215517044
20463,0.09933190047740936
20464,0.10482494533061981
20465,0.0987924337387085
20466,0.09948107600212097
20467,0.38366764783859253
20468,0.12005442380905151
20469,0.11329823732376099
20470,0.12624721229076385
20471,0.10508085042238235
20472,0.38301172852516174
20473,0.10094184428453445
20474,0.21350224316120148
20475,0.1356067806482315
20476,0.1013408675789833
20477,0.10833146423101425
20478,0.10143034160137177
20479,0.10491391271352768
20480,0.3767859935760498
20481,0.10353010892868042
20482,0.11053205281496048
20483,0.1232127919793129
20484,0.10432407259941101
20485,0.10640227049589157
20486,0.10537075251340866
20487,0.15044274926185608
20488,0.09967190027236938
20489,0.10078343749046326
20490,0.09997565299272537
20491,0.1695505529642105
20492,0.2758517861366272
20493,0.09997565299272537
20494,0.10324853658676147
20495,0.12659305334091187
20496,0.2526167333126068
20497,0.11394666135311127
20498,0.2610526382923126
20499,0.11255118995904922
20500,0.10161098837852478
20501,0.16773760318756104
20502,0.10577598959207535
20503,0.1113041341304779
20504,0.6738763451576233
20505,0.10411559045314789
20506,0.10367078334093094
20507,0.13729862868785858
20508,0.11856424063444138
20509,0.1481810212135315
20510,0.10122451186180115
20511,0.10454213619232178
20512,0.16189409792423248
20513,0.12667222321033478
20514,0.14835946261882782
20515,0.10453770309686661
20516,0.10055641829967499
20517,0.0987924337387085
20518,0.10752855241298676
20519,0.3087296187877655
20520,0.11995012313127518
20521,0.1107235923409462
20522,0.10237608850002289
20523,0.1387360692024231
20524,0.10391321778297424
20525,0.1266310065984726
20526,0.5520325899124146
20527,0.11348064988851547
20528,0.10096666216850281
20529,0.09933190047740936
20530,0.161627396941185
20531,0.10634706914424896
20532,0.10056167095899582
20533,0.1004786267876625
20534,0.1019584909081459
20535,0.19992035627365112
20536,0.09997565299272537
20537,0.10122451186180115
20538,0.10467805713415146
20539,0.11530734598636627
20540,0.10185997188091278
20541,0.1032431498169899
20542,0.10645236819982529
20543,0.10334884375333786
20544,0.13340029120445251
20545,0.11478351056575775
20546,0.10004814714193344
20547,0.10641126334667206
20548,0.09949640929698944
20549,0.1117577776312828
20550,0.10165682435035706
20551,0.10212250798940659
20552,0.10432689636945724
20553,0.10664454102516174
20554,0.10479138791561127
20555,0.11711707711219788
20556,0.10075202584266663
20557,0.15820905566215515
20558,0.09996125847101212
20559,0.10958397388458252
20560,0.10816830396652222
20561,0.14098796248435974
20562,0.18998362123966217
20563,0.12000275403261185
20564,0.10263107717037201
20565,0.10136967152357101
20566,0.11225200444459915
20567,0.25038856267929077
20568,0.10089518129825592
20569,0.10933853685855865
20570,0.10256259888410568
20571,0.12812966108322144
20572,0.10272254049777985
20573,0.11209544539451599
20574,0.11907664686441422
20575,0.2655717134475708
20576,0.10758068412542343
20577,0.11122056841850281
20578,0.10980447381734848
20579,0.1233275830745697
20580,0.10721041262149811
20581,0.14036758244037628
20582,0.11937114596366882
20583,0.2775109112262726
20584,0.09853998571634293
20585,0.14523246884346008
20586,0.10302291810512543
20587,0.14109116792678833
20588,0.0993013083934784
20589,0.7667470574378967
20590,0.11443205922842026
20591,0.1014355942606926
20592,0.09997040033340454
20593,0.10165001451969147
20594,0.13071146607398987
20595,0.4814523756504059
20596,0.12188491225242615
20597,0.29208505153656006
20598,0.10327941924333572
20599,0.10166072845458984
20600,0.47271671891212463
20601,0.10268796980381012
20602,0.300229012966156
20603,0.6558074355125427
20604,0.10090485215187073
20605,0.17386159300804138
20606,0.15876248478889465
20607,0.15087461471557617
20608,0.14143483340740204
20609,0.44951918721199036
20610,0.303692489862442
20611,0.09997565299272537
20612,0.10253408551216125
20613,0.11353682726621628
20614,0.10012434422969818
20615,0.10174878686666489
20616,0.10747754573822021
20617,0.09997565299272537
20618,0.10027953237295151
20619,0.09997565299272537
20620,0.09933190047740936
20621,0.17191897332668304
20622,0.11223377287387848
20623,0.1601410061120987
20624,0.10317576676607132
20625,0.09937331825494766
20626,0.2392582893371582
20627,0.09997565299272537
20628,0.1575450897216797
20629,0.18826451897621155
20630,0.0993785634636879
20631,0.1280049830675125
20632,0.27498292922973633
20633,0.10539450496435165
20634,0.09422135353088379
20635,0.10027699172496796
20636,0.24444524943828583
20637,0.31733250617980957
20638,0.10278855264186859
20639,0.1546192318201065
20640,0.20322690904140472
20641,0.12054449319839478
20642,0.14983706176280975
20643,0.29890844225883484
20644,0.09777506440877914
20645,0.10307613760232925
20646,0.20960167050361633
20647,0.09867310523986816
20648,0.10392433404922485
20649,0.10055641829967499
20650,0.11067028343677521
20651,0.11084333807229996
20652,0.10518734902143478
20653,0.12573932111263275
20654,0.10055641829967499
20655,0.31613776087760925
20656,0.10213723033666611
20657,0.10024528950452805
20658,0.11459974199533463
20659,0.13955837488174438
20660,0.09950711578130722
20661,0.09997565299272537
20662,0.14831259846687317
20663,0.10637583583593369
20664,0.10355829447507858
20665,0.1479918509721756
20666,0.14999014139175415
20667,0.09931304305791855
20668,0.10383845865726471
20669,0.5879992842674255
20670,0.18753555417060852
20671,0.10236701369285583
20672,0.09997565299272537
20673,0.3295094668865204
20674,0.10452563315629959
20675,0.14140631258487701
20676,0.10781613737344742
20677,0.09997040033340454
20678,0.10056167095899582
20679,0.0993785634636879
20680,0.13112664222717285
20681,0.10954631865024567
20682,0.26215749979019165
20683,0.14717604219913483
20684,0.1911555379629135
20685,0.10100626200437546
20686,0.10004814714193344
20687,0.12075259536504745
20688,0.10558813810348511
20689,0.21941083669662476
20690,0.10749712586402893
20691,0.19334229826927185
20692,0.10721636563539505
20693,0.10941696166992188
20694,0.13733015954494476
20695,0.10333371162414551
20696,0.11717823147773743
20697,0.14844109117984772
20698,0.10509886592626572
20699,0.09948107600212097
20700,0.10135684162378311
20701,0.09997565299272537
20702,0.29265204071998596
20703,0.2109827697277069
20704,0.09997565299272537
20705,0.10051141679286957
20706,0.2488919049501419
20707,0.10260743647813797
20708,0.1043691411614418
20709,0.1313607096672058
20710,0.327896386384964
20711,0.17332878708839417
20712,0.10537312924861908
20713,0.10133805125951767
20714,0.10066322982311249
20715,0.17835184931755066
20716,0.10122451186180115
20717,0.10274214297533035
20718,0.818324625492096
20719,0.0988338515162468
20720,0.1014355942606926
20721,0.1048288494348526
20722,0.12812313437461853
20723,0.14517298340797424
20724,0.13665805757045746
20725,0.09997565299272537
20726,0.1011563315987587
20727,0.13858038187026978
20728,0.10230762511491776
20729,0.11152715981006622
20730,0.11315767467021942
20731,0.13349483907222748
20732,0.25293445587158203
20733,0.14803923666477203
20734,0.11683231592178345
20735,0.10577338188886642
20736,0.13701383769512177
20737,0.3150518536567688
20738,0.11097167432308197
20739,0.10274428874254227
20740,0.10978414863348007
20741,0.11737088114023209
20742,0.10866935551166534
20743,0.14321701228618622
20744,0.14271850883960724
20745,0.14867325127124786
20746,0.37979546189308167
20747,0.03415874391794205
20748,0.13248126208782196
20749,0.10315055400133133
20750,0.09874541312456131
20751,0.11008280515670776
20752,0.11663253605365753
20753,0.10185997188091278
20754,0.11147181689739227
20755,0.10925644636154175
20756,0.09825766086578369
20757,0.09852559864521027
20758,0.12414604425430298
20759,0.1642611175775528
20760,0.1576121747493744
20761,0.2703190743923187
20762,0.09933190047740936
20763,0.13719435036182404
20764,0.10832441598176956
20765,0.15407897531986237
20766,0.10206025838851929
20767,0.12683214247226715
20768,0.10215415805578232
20769,0.1378243863582611
20770,0.10122451186180115
20771,0.09691812843084335
20772,0.09937331825494766
20773,0.1543741077184677
20774,0.10159164667129517
20775,0.1030656024813652
20776,0.5538361072540283
20777,0.19500184059143066
20778,0.2410304993391037
20779,0.09831605851650238
20780,0.10301902145147324
20781,0.10493095219135284
20782,0.13623182475566864
20783,0.10407636314630508
20784,0.12307831645011902
20785,0.10243064910173416
20786,0.09853998571634293
20787,0.15934446454048157
20788,0.1974223405122757
20789,0.1653466522693634
20790,0.10990439355373383
20791,0.10119321942329407
20792,0.10098882764577866
20793,0.4526609480381012
20794,0.10171027481555939
20795,0.11239352822303772
20796,0.09722056239843369
20797,0.10913433879613876
20798,0.10942888259887695
20799,0.13623182475566864
20800,0.14371132850646973
20801,0.1122966855764389
20802,0.10420605540275574
20803,0.12248056381940842
20804,0.1220279112458229
20805,0.1162862479686737
20806,0.14743934571743011
20807,0.1098867729306221
20808,0.10183846205472946
20809,0.10004814714193344
20810,0.10135684162378311
20811,0.0993785634636879
20812,0.09979099780321121
20813,0.10066449642181396
20814,0.15066055953502655
20815,0.10580983012914658
20816,0.11136794090270996
20817,0.14355941116809845
20818,0.1107235923409462
20819,0.09924043715000153
20820,0.4315281808376312
20821,0.11151140928268433
20822,0.10548406839370728
20823,0.10059097409248352
20824,0.1987052708864212
20825,0.1376262903213501
20826,0.43680208921432495
20827,0.10336398333311081
20828,0.11295395344495773
20829,0.1381455659866333
20830,0.3480261564254761
20831,0.6213193535804749
20832,0.09997565299272537
20833,0.10055350512266159
20834,0.28925904631614685
20835,0.13250204920768738
20836,0.13660010695457458
20837,0.11852604895830154
20838,0.10246957093477249
20839,0.09777506440877914
20840,0.09826162457466125
20841,0.19999895989894867
20842,0.45220082998275757
20843,0.21999689936637878
20844,0.106425441801548
20845,0.13030856847763062
20846,0.12747593224048615
20847,0.12750574946403503
20848,0.11136976629495621
20849,0.10321677476167679
20850,0.0991797000169754
20851,0.14507712423801422
20852,0.10614810883998871
20853,0.12790507078170776
20854,0.10093987733125687
20855,0.14757925271987915
20856,0.1053384393453598
20857,0.12752604484558105
20858,0.12075632065534592
20859,0.10335873812437057
20860,0.10436245799064636
20861,0.10333097726106644
20862,0.13623182475566864
20863,0.10336398333311081
20864,0.10122451186180115
20865,0.08967024832963943
20866,0.101295106112957
20867,0.10998602956533432
20868,0.16674856841564178
20869,0.3574180603027344
20870,0.09876741468906403
20871,0.10143883526325226
20872,0.10080993920564651
20873,0.09997565299272537
20874,0.103841632604599
20875,0.10446617752313614
20876,0.09919597953557968
20877,0.14474333822727203
20878,0.09997040033340454
20879,0.13617628812789917
20880,0.10383845865726471
20881,0.11254121363162994
20882,0.11200336366891861
20883,0.1009899377822876
20884,0.10270659625530243
20885,0.09997565299272537
20886,0.10364329814910889
20887,0.1524897664785385
20888,0.14507712423801422
20889,0.11614744365215302
20890,0.10027953237295151
20891,0.3257679343223572
20892,0.09805560857057571
20893,0.11007320880889893
20894,0.10143034160137177
20895,0.3979949653148651
20896,0.1525689661502838
20897,0.16695788502693176
20898,0.14185400307178497
20899,0.23549817502498627
20900,0.2801622450351715
20901,0.1045064777135849
20902,0.23920685052871704
20903,0.09867310523986816
20904,0.11766265332698822
20905,0.175598606467247
20906,0.09997565299272537
20907,0.09929605573415756
20908,0.19763660430908203
20909,0.14386609196662903
20910,0.09997565299272537
20911,0.12211711704730988
20912,0.2810172140598297
20913,0.11408406496047974
20914,0.10051141679286957
20915,0.1133020669221878
20916,0.09997565299272537
20917,0.10391628742218018
20918,0.09997040033340454
20919,0.11245308816432953
20920,0.1294272243976593
20921,0.10268968343734741
20922,0.20924054086208344
20923,0.10118838399648666
20924,0.09903290867805481
20925,0.10056167095899582
20926,0.10135684162378311
20927,0.100705586373806
20928,0.13853169977664948
20929,0.1025649756193161
20930,0.09997565299272537
20931,0.1013408675789833
20932,0.104550302028656
20933,0.34753280878067017
20934,0.10809247195720673
20935,0.10205358266830444
20936,0.10375940054655075
20937,0.10089518129825592
20938,0.1327357292175293
20939,0.12542448937892914
20940,0.11925660818815231
20941,0.10179951041936874
20942,0.10348548740148544
20943,0.11421449482440948
20944,0.1150539368391037
20945,0.10122451186180115
20946,0.11754821985960007
20947,0.11508454382419586
20948,0.10567519068717957
20949,0.09997565299272537
20950,0.12208709120750427
20951,0.12652882933616638
20952,0.10122451186180115
20953,0.10237608850002289
20954,0.10965243726968765
20955,0.1024399846792221
20956,0.09746173769235611
20957,0.16031000018119812
20958,0.26241958141326904
20959,0.09662123024463654
20960,0.1403178721666336
20961,0.26462632417678833
20962,0.10071901977062225
20963,0.16861306130886078
20964,0.0936809852719307
20965,0.10692433267831802
20966,0.10383845865726471
20967,0.10572278499603271
20968,0.10089518129825592
20969,0.10949546098709106
20970,0.10280216485261917
20971,0.1045059859752655
20972,0.10079135745763779
20973,0.13969947397708893
20974,0.14205823838710785
20975,0.10402200371026993
20976,0.1341620832681656
20977,0.1169266551733017
20978,0.2045711725950241
20979,0.13465233147144318
20980,0.12925739586353302
20981,0.10965459048748016
20982,0.1535148024559021
20983,0.10122451186180115
20984,0.11526507139205933
20985,0.10159164667129517
20986,0.10336398333311081
20987,0.10056167095899582
20988,0.09948107600212097
20989,0.10056167095899582
20990,0.4349285066127777
20991,0.1063593178987503
20992,0.10336398333311081
20993,0.09948107600212097
20994,0.10235343873500824
20995,0.2589346170425415
20996,0.12307712435722351
20997,0.19112540781497955
20998,0.1515049934387207
20999,0.10575626790523529
21000,0.4650299549102783
21001,0.1034359335899353
21002,0.10623583197593689
21003,0.1107385903596878
21004,0.10369788855314255
21005,0.12239864468574524
21006,0.12265387922525406
21007,0.09946668148040771
21008,0.10147082805633545
21009,0.16507767140865326
21010,0.10220940411090851
21011,0.40049728751182556
21012,0.16428202390670776
21013,0.1880749613046646
21014,0.1028379276394844
21015,0.1893816888332367
21016,0.24459843337535858
21017,0.11357949674129486
21018,0.3219589293003082
21019,0.10388809442520142
21020,0.10416564345359802
21021,0.10693199932575226
21022,0.10224878787994385
21023,0.08946745842695236
21024,0.10135158896446228
21025,0.1110306829214096
21026,0.12488385289907455
21027,0.09997565299272537
21028,0.12467529624700546
21029,0.10082452744245529
21030,0.22506766021251678
21031,0.11615479737520218
21032,0.14999863505363464
21033,0.2443179190158844
21034,0.10992448031902313
21035,0.1014355942606926
21036,0.09948107600212097
21037,0.1467982530593872
21038,0.10212250798940659
21039,0.11218816787004471
21040,0.13039113581180573
21041,0.10395172983407974
21042,0.2628319263458252
21043,0.11429209262132645
21044,0.09999515116214752
21045,0.09997565299272537
21046,0.10259678214788437
21047,0.1432662159204483
21048,0.1284107118844986
21049,0.1468580663204193
21050,0.11453739553689957
21051,0.16040697693824768
21052,0.1253877431154251
21053,0.10593117773532867
21054,0.10452381521463394
21055,0.13780616223812103
21056,0.09948107600212097
21057,0.10050013661384583
21058,0.3292258083820343
21059,0.10455987602472305
21060,0.12533143162727356
21061,0.09950058162212372
21062,0.12378782778978348
21063,0.11420543491840363
21064,0.10207166522741318
21065,0.1010303944349289
21066,0.10770794749259949
21067,0.13420100510120392
21068,0.10626557469367981
21069,0.10436472296714783
21070,0.5947622060775757
21071,0.13407884538173676
21072,0.1462969183921814
21073,0.10427588224411011
21074,0.10168898850679398
21075,0.10436245799064636
21076,0.10208185762166977
21077,0.10122629255056381
21078,0.20353993773460388
21079,0.15581822395324707
21080,0.2287510335445404
21081,0.10135158896446228
21082,0.10090876370668411
21083,0.10276692360639572
21084,0.10422378033399582
21085,0.1519733965396881
21086,0.12243565917015076
21087,0.10278444737195969
21088,0.10143034160137177
21089,0.16055628657341003
21090,0.10185997188091278
21091,0.10136967152357101
21092,0.103841632604599
21093,0.14751099050045013
21094,0.09652569890022278
21095,0.10336398333311081
21096,0.1067148819565773
21097,0.11584732681512833
21098,0.12119406461715698
21099,0.10824079811573029
21100,0.10336398333311081
21101,0.34027206897735596
21102,0.11082390695810318
21103,0.10237852483987808
21104,0.110489122569561
21105,0.39139100909233093
21106,0.09853998571634293
21107,0.13020174205303192
21108,0.10864341259002686
21109,0.10039100795984268
21110,0.11748351156711578
21111,0.10122451186180115
21112,0.1562378704547882
21113,0.1030656024813652
21114,0.18141482770442963
21115,0.09962792694568634
21116,0.3397267162799835
21117,0.1912984549999237
21118,0.1259426474571228
21119,0.2482961118221283
21120,0.10056167095899582
21121,0.09997565299272537
21122,0.10110140591859818
21123,0.138109490275383
21124,0.11305800825357437
21125,0.34154024720191956
21126,0.4446074366569519
21127,0.11201012134552002
21128,0.11171294748783112
21129,0.10107079893350601
21130,0.12312792241573334
21131,0.1554698795080185
21132,0.104481041431427
21133,0.11295143514871597
21134,0.12459980696439743
21135,0.11442328244447708
21136,0.1906781792640686
21137,0.10145509988069534
21138,0.21205680072307587
21139,0.10215415805578232
21140,0.10051141679286957
21141,0.110835961997509
21142,0.17986014485359192
21143,0.1391056329011917
21144,0.15597714483737946
21145,0.2391773909330368
21146,0.1661141961812973
21147,0.10122451186180115
21148,0.4336388409137726
21149,0.11116472631692886
21150,0.2193526029586792
21151,0.1037876084446907
21152,0.1013069748878479
21153,0.10904910415410995
21154,0.10553842037916183
21155,0.09997565299272537
21156,0.09988068789243698
21157,0.09933514893054962
21158,0.10134244710206985
21159,0.09933190047740936
21160,0.10639602690935135
21161,0.09997565299272537
21162,0.108552947640419
21163,0.12735432386398315
21164,0.09997565299272537
21165,0.1728140264749527
21166,0.30295905470848083
21167,0.10321148484945297
21168,0.1286400854587555
21169,0.10118313878774643
21170,0.10305681824684143
21171,0.5118677020072937
21172,0.10175169259309769
21173,0.09997565299272537
21174,0.10185997188091278
21175,0.11320789158344269
21176,0.11398405581712723
21177,0.11222045868635178
21178,0.09997040033340454
21179,0.1085156500339508
21180,0.38795608282089233
21181,0.12707261741161346
21182,0.28144600987434387
21183,0.12341394275426865
21184,0.10214509069919586
21185,0.10737422853708267
21186,0.10921323299407959
21187,0.10942550748586655
21188,0.09997040033340454
21189,0.1106509119272232
21190,0.10201289504766464
21191,0.11479957401752472
21192,0.1275290548801422
21193,0.18438760936260223
21194,0.1463335007429123
21195,0.10069313645362854
21196,0.1179695725440979
21197,0.1014355942606926
21198,0.10678689926862717
21199,0.13478605449199677
21200,0.20997139811515808
21201,0.10414036363363266
21202,0.10917939990758896
21203,0.09883910417556763
21204,0.1815633624792099
21205,0.22195805609226227
21206,0.12500981986522675
21207,0.13229124248027802
21208,0.10390526801347733
21209,0.09997565299272537
21210,0.10288027673959732
21211,0.10080993920564651
21212,0.13215263187885284
21213,0.1568881720304489
21214,0.10187248140573502
21215,0.11306330561637878
21216,0.259492963552475
21217,0.14762480556964874
21218,0.10534379631280899
21219,0.10122451186180115
21220,0.2310478389263153
21221,0.10157530009746552
21222,0.10037615150213242
21223,0.1090511828660965
21224,0.10245851427316666
21225,0.33390599489212036
21226,0.10662169754505157
21227,0.3908288776874542
21228,0.10118838399648666
21229,0.12433215975761414
21230,0.11633915454149246
21231,0.10629859566688538
21232,0.10245200246572495
21233,0.09997565299272537
21234,0.2019302248954773
21235,0.15645956993103027
21236,0.1026904508471489
21237,0.09997565299272537
21238,0.10942550748586655
21239,0.24699972569942474
21240,0.14287982881069183
21241,0.15704983472824097
21242,0.10213706642389297
21243,0.10070016980171204
21244,0.3115229606628418
21245,0.10169149190187454
21246,0.10375331342220306
21247,0.14702430367469788
21248,0.1008463054895401
21249,0.11102881282567978
21250,0.09884677082300186
21251,0.10270581394433975
21252,0.09763868898153305
21253,0.10287821292877197
21254,0.14068323373794556
21255,0.13217291235923767
21256,0.12608999013900757
21257,0.10094184428453445
21258,0.1154947578907013
21259,0.3610982298851013
21260,0.102057084441185
21261,0.09948107600212097
21262,0.10459045320749283
21263,0.20525643229484558
21264,0.09997040033340454
21265,0.10071998089551926
21266,0.21125806868076324
21267,0.10228157043457031
21268,0.16161665320396423
21269,0.10348827391862869
21270,0.1851877123117447
21271,0.09948107600212097
21272,0.10431139916181564
21273,0.10521210730075836
21274,0.26904821395874023
21275,0.10387932509183884
21276,0.14185546338558197
21277,0.3173409104347229
21278,0.10122451186180115
21279,0.1124635636806488
21280,0.09997565299272537
21281,0.0993785634636879
21282,0.4236587882041931
21283,0.10806998610496521
21284,0.10524385422468185
21285,0.13201545178890228
21286,0.10272207856178284
21287,0.16584189236164093
21288,0.10485611855983734
21289,0.10236041247844696
21290,0.1932041049003601
21291,0.1470893919467926
21292,0.10956324636936188
21293,0.10119321942329407
21294,0.1000635027885437
21295,0.14178718626499176
21296,0.10624080151319504
21297,0.12259912490844727
21298,0.12408193200826645
21299,0.11686841398477554
21300,0.292481005191803
21301,0.09948107600212097
21302,0.10912898927927017
21303,0.10383237898349762
21304,0.11763086169958115
21305,0.09948107600212097
21306,0.17434898018836975
21307,0.12455722689628601
21308,0.1177675873041153
21309,0.10264261066913605
21310,0.10212250798940659
21311,0.11657191067934036
21312,0.17301736772060394
21313,0.1608322411775589
21314,0.10184533149003983
21315,0.0993785634636879
21316,0.20146280527114868
21317,0.1205577552318573
21318,0.111056849360466
21319,0.12781506776809692
21320,0.10089518129825592
21321,0.09997565299272537
21322,0.5030928254127502
21323,0.10903936624526978
21324,0.14809878170490265
21325,0.1165265366435051
21326,0.10075202584266663
21327,0.2789463996887207
21328,0.10472148656845093
21329,0.14108693599700928
21330,0.10414553433656693
21331,0.1475418210029602
21332,0.23394522070884705
21333,0.13311196863651276
21334,0.1013069748878479
21335,0.1027081310749054
21336,0.13554665446281433
21337,0.10567319393157959
21338,0.14685331284999847
21339,0.1076836809515953
21340,0.10051141679286957
21341,0.09997565299272537
21342,0.11090981215238571
21343,0.10872026532888412
21344,0.09997565299272537
21345,0.10336398333311081
21346,0.09997565299272537
21347,0.10595779120922089
21348,0.11396194994449615
21349,0.10245851427316666
21350,0.22388209402561188
21351,0.09997040033340454
21352,0.10210516303777695
21353,0.10674729198217392
21354,0.15818142890930176
21355,0.09888152778148651
21356,0.36947768926620483
21357,0.1036059632897377
21358,0.10282226651906967
21359,0.10975388437509537
21360,0.09953159093856812
21361,0.1770084798336029
21362,0.24355098605155945
21363,0.13254857063293457
21364,0.10788263380527496
21365,0.16691744327545166
21366,0.256023645401001
21367,0.10051141679286957
21368,0.11348049342632294
21369,0.22771690785884857
21370,0.0993785634636879
21371,0.15924830734729767
21372,0.13564637303352356
21373,0.14169926941394806
21374,0.14601896703243256
21375,0.10328127443790436
21376,0.10050013661384583
21377,0.10648711770772934
21378,0.10013872385025024
21379,0.16406045854091644
21380,0.10215415805578232
21381,0.10075202584266663
21382,0.36630716919898987
21383,0.14442898333072662
21384,0.1009899377822876
21385,0.12848320603370667
21386,0.14708440005779266
21387,0.10135684162378311
21388,0.10508190840482712
21389,0.10080993920564651
21390,0.10963413864374161
21391,0.11329823732376099
21392,0.10251563042402267
21393,0.10433347523212433
21394,0.10376153141260147
21395,0.32899823784828186
21396,0.13724710047245026
21397,0.10838291049003601
21398,0.1500830352306366
21399,0.09997565299272537
21400,0.10391240566968918
21401,0.1296842396259308
21402,0.37453392148017883
21403,0.14455001056194305
21404,0.11427804827690125
21405,0.13146719336509705
21406,0.10185997188091278
21407,0.10245544463396072
21408,0.18757303059101105
21409,0.17798689007759094
21410,0.10380946844816208
21411,0.25528839230537415
21412,0.12214985489845276
21413,0.2599613666534424
21414,0.1554567515850067
21415,0.15262089669704437
21416,0.10189300030469894
21417,0.10244312882423401
21418,0.10205358266830444
21419,0.14422345161437988
21420,0.13101793825626373
21421,0.16057080030441284
21422,0.10801041126251221
21423,0.10901351273059845
21424,0.25363391637802124
21425,0.10280921310186386
21426,0.10348548740148544
21427,0.13828209042549133
21428,0.2219056338071823
21429,0.12976573407649994
21430,0.3468027710914612
21431,0.14278671145439148
21432,0.1525607705116272
21433,0.12181544303894043
21434,0.11102881282567978
21435,0.0997849628329277
21436,0.09774132817983627
21437,0.3058917820453644
21438,0.10721636563539505
21439,0.1127178817987442
21440,0.11206991970539093
21441,0.10004495084285736
21442,0.1106119379401207
21443,0.15839506685733795
21444,0.24512392282485962
21445,0.12085232138633728
21446,0.104377381503582
21447,0.11586186289787292
21448,0.11452104896306992
21449,0.1014355942606926
21450,0.1145022064447403
21451,0.12321371585130692
21452,0.10215415805578232
21453,0.1407240778207779
21454,0.17979323863983154
21455,0.12486777454614639
21456,0.15435872972011566
21457,0.11170798540115356
21458,0.13492289185523987
21459,0.3064967393875122
21460,0.10214509069919586
21461,0.38345393538475037
21462,0.09997565299272537
21463,0.1741088479757309
21464,0.13069161772727966
21465,0.10180340707302094
21466,0.11029617488384247
21467,0.10486127436161041
21468,0.10236041247844696
21469,0.1257411688566208
21470,0.4395994246006012
21471,0.1030656024813652
21472,0.10336398333311081
21473,0.10213984549045563
21474,0.11071060597896576
21475,0.10075202584266663
21476,0.10437458008527756
21477,0.09870096296072006
21478,0.09924043715000153
21479,0.1017746776342392
21480,0.10718069970607758
21481,0.1281205266714096
21482,0.11752420663833618
21483,0.10236701369285583
21484,0.15681509673595428
21485,0.11251372843980789
21486,0.12329626828432083
21487,0.1034487709403038
21488,0.1014355942606926
21489,0.11271541565656662
21490,0.12208711355924606
21491,0.0994499996304512
21492,0.10355868935585022
21493,0.10977864265441895
21494,0.10135684162378311
21495,0.10392379015684128
21496,0.09997040033340454
21497,0.13048066198825836
21498,0.11025915294885635
21499,0.15406277775764465
21500,0.11138048768043518
21501,0.10752711445093155
21502,0.1344156414270401
21503,0.10525894165039062
21504,0.13813915848731995
21505,0.10430637747049332
21506,0.10477009415626526
21507,0.21397705376148224
21508,0.11144600063562393
21509,0.10142119973897934
21510,0.09964326024055481
21511,0.10068250447511673
21512,0.1037876084446907
21513,0.10268817096948624
21514,0.09997565299272537
21515,0.13009978830814362
21516,0.10908300429582596
21517,0.15532256662845612
21518,0.10463316738605499
21519,0.34756940603256226
21520,0.10414961725473404
21521,0.10594218224287033
21522,0.10156312584877014
21523,0.11118241399526596
21524,0.10056167095899582
21525,0.11852150410413742
21526,0.2528073489665985
21527,0.1000429019331932
21528,0.10461362451314926
21529,0.09872075170278549
21530,0.10465759038925171
21531,0.13338534533977509
21532,0.10413245856761932
21533,0.09997565299272537
21534,0.43424907326698303
21535,0.11672768741846085
21536,0.10989473015069962
21537,0.12874141335487366
21538,0.10203173011541367
21539,0.11760222166776657
21540,0.12571455538272858
21541,0.10235261917114258
21542,0.09997565299272537
21543,0.11064157634973526
21544,0.10506241768598557
21545,0.10727256536483765
21546,0.09997040033340454
21547,0.10165682435035706
21548,0.2311011403799057
21549,0.15451490879058838
21550,0.10122005641460419
21551,0.10135158896446228
21552,0.28919726610183716
21553,0.10090485215187073
21554,0.09999515116214752
21555,0.10070202499628067
21556,0.10281643271446228
21557,0.10863032937049866
21558,0.09997565299272537
21559,0.10144612193107605
21560,0.13539934158325195
21561,0.1555895060300827
21562,0.1673675775527954
21563,0.13441376388072968
21564,0.1062946543097496
21565,0.18597446382045746
21566,0.31076228618621826
21567,0.21612265706062317
21568,0.23317714035511017
21569,0.10207166522741318
21570,0.11934428662061691
21571,0.11183064430952072
21572,0.27680325508117676
21573,0.12381374835968018
21574,0.09962976723909378
21575,0.16066060960292816
21576,0.22736380994319916
21577,0.13790325820446014
21578,0.1074824258685112
21579,0.11189501732587814
21580,0.10274214297533035
21581,0.2864235043525696
21582,0.10757036507129669
21583,0.10315055400133133
21584,0.13490796089172363
21585,0.21119169890880585
21586,0.1779993623495102
21587,0.20937564969062805
21588,0.535692572593689
21589,0.2071726769208908
21590,0.20285235345363617
21591,0.10449878126382828
21592,0.13421376049518585
21593,0.09997565299272537
21594,0.10114441812038422
21595,0.14024564623832703
21596,0.09997565299272537
21597,0.12302900105714798
21598,0.10399752110242844
21599,0.19786889851093292
21600,0.10246535390615463
21601,0.11045150458812714
21602,0.10167519003152847
21603,0.1185889020562172
21604,0.1265987604856491
21605,0.10094184428453445
21606,0.1609382927417755
21607,0.09933190047740936
21608,0.16384941339492798
21609,0.10224319994449615
21610,0.1172681525349617
21611,0.10075951367616653
21612,0.11612554639577866
21613,0.13934317231178284
21614,0.09997565299272537
21615,0.14326630532741547
21616,0.19969867169857025
21617,0.24893702566623688
21618,0.15306556224822998
21619,0.28131571412086487
21620,0.10414885729551315
21621,0.10135684162378311
21622,0.12945935130119324
21623,0.09948107600212097
21624,0.10045265406370163
21625,0.106407031416893
21626,0.1124982237815857
21627,0.11027364432811737
21628,0.10479258000850677
21629,0.15293267369270325
21630,0.103841632604599
21631,0.10971705615520477
21632,0.17344146966934204
21633,0.14001330733299255
21634,0.14691439270973206
21635,0.146785169839859
21636,0.16315223276615143
21637,0.09948107600212097
21638,0.16362589597702026
21639,0.13495220243930817
21640,0.1013408675789833
21641,0.10977169126272202
21642,0.14309924840927124
21643,0.10185997188091278
21644,0.09792375564575195
21645,0.2559830844402313
21646,0.09933190047740936
21647,0.10243771970272064
21648,0.10080402344465256
21649,0.16552840173244476
21650,0.1037876084446907
21651,0.15800796449184418
21652,0.1073794737458229
21653,0.15174031257629395
21654,0.13007652759552002
21655,0.09995413571596146
21656,0.3571394681930542
21657,0.16819775104522705
21658,0.11081234365701675
21659,0.10332164913415909
21660,0.10189300030469894
21661,0.10245851427316666
21662,0.10051141679286957
21663,0.2908361852169037
21664,0.10630149394273758
21665,0.10867218673229218
21666,0.1400991976261139
21667,0.112577423453331
21668,0.09996125847101212
21669,0.21892549097537994
21670,0.09931877255439758
21671,0.13539934158325195
21672,0.16021184623241425
21673,0.13623182475566864
21674,0.10351938754320145
21675,0.14108693599700928
21676,0.09948107600212097
21677,0.09997565299272537
21678,0.31854239106178284
21679,0.10206431895494461
21680,0.2603350281715393
21681,0.10391655564308167
21682,0.1013069748878479
21683,0.10885317623615265
21684,0.227213054895401
21685,0.12832586467266083
21686,0.34119120240211487
21687,0.4447696805000305
21688,0.10136441886425018
21689,0.18682564795017242
21690,0.11259067058563232
21691,0.10334248095750809
21692,0.1731264740228653
21693,0.4454939365386963
21694,0.2726505398750305
21695,0.10121516138315201
21696,0.10584372282028198
21697,0.10274214297533035
21698,0.12797033786773682
21699,0.10307613760232925
21700,0.10135684162378311
21701,0.11175908893346786
21702,0.09997565299272537
21703,0.12086981534957886
21704,0.10115543752908707
21705,0.09997565299272537
21706,0.7823569774627686
21707,0.1027025505900383
21708,0.2723647356033325
21709,0.09422135353088379
21710,0.12148979306221008
21711,0.10257375985383987
21712,0.10964971035718918
21713,0.100705586373806
21714,0.13444584608078003
21715,0.09319200366735458
21716,0.11056444048881531
21717,0.10820145905017853
21718,0.13742120563983917
21719,0.09997565299272537
21720,0.10238319635391235
21721,0.1580890566110611
21722,0.10489674657583237
21723,0.10929102450609207
21724,0.21750685572624207
21725,0.12843264639377594
21726,0.10701075196266174
21727,0.10595554113388062
21728,0.10943126678466797
21729,0.5441614389419556
21730,0.33719733357429504
21731,0.1666870266199112
21732,0.13145101070404053
21733,0.12728755176067352
21734,0.1116669699549675
21735,0.10692805051803589
21736,0.10850969702005386
21737,0.12773767113685608
21738,0.09937331825494766
21739,0.10089518129825592
21740,0.10180708020925522
21741,0.0989769920706749
21742,0.32811424136161804
21743,0.10349050164222717
21744,0.09997565299272537
21745,0.10305681824684143
21746,0.10493151843547821
21747,0.10529480874538422
21748,0.1030656024813652
21749,0.10950025916099548
21750,0.14165323972702026
21751,0.10329893231391907
21752,0.10322520136833191
21753,0.12269323319196701
21754,0.1039949357509613
21755,0.11302386969327927
21756,0.10122451186180115
21757,0.1005401611328125
21758,0.10270581394433975
21759,0.1087285727262497
21760,0.13251233100891113
21761,0.10050013661384583
21762,0.12496459484100342
21763,0.10080993920564651
21764,0.26724034547805786
21765,0.10773149877786636
21766,0.10972405970096588
21767,0.1982172578573227
21768,0.5628491640090942
21769,0.4107799232006073
21770,0.1038241758942604
21771,0.10192690789699554
21772,0.10096492618322372
21773,0.10097362846136093
21774,0.09948107600212097
21775,0.10960128158330917
21776,0.15047818422317505
21777,0.09997565299272537
21778,0.10150673985481262
21779,0.10075202584266663
21780,0.10215415805578232
21781,0.10027953237295151
21782,0.1058046966791153
21783,0.10461284220218658
21784,0.09948107600212097
21785,0.1318020224571228
21786,0.17160366475582123
21787,0.12166756391525269
21788,0.1030656024813652
21789,0.1274285912513733
21790,0.2021460235118866
21791,0.16391950845718384
21792,0.10463014245033264
21793,0.1006157398223877
21794,0.10278014838695526
21795,0.14690831303596497
21796,0.12385141849517822
21797,0.09651901572942734
21798,0.12423761188983917
21799,0.10218390077352524
21800,0.09937331825494766
21801,0.09997565299272537
21802,0.10876332223415375
21803,0.10205358266830444
21804,0.2501731812953949
21805,0.12305787205696106
21806,0.1016257032752037
21807,0.11474813520908356
21808,0.3897987902164459
21809,0.25804445147514343
21810,0.10393248498439789
21811,0.10135684162378311
21812,0.10448414087295532
21813,0.10132134705781937
21814,0.12313292920589447
21815,0.10725255310535431
21816,0.12839175760746002
21817,0.11900565028190613
21818,0.09948107600212097
21819,0.1688903570175171
21820,0.10050013661384583
21821,0.10040277242660522
21822,0.11331983655691147
21823,0.10406125336885452
21824,0.16050517559051514
21825,0.10096492618322372
21826,0.10122451186180115
21827,0.10414036363363266
21828,0.20327115058898926
21829,0.10308399796485901
21830,0.10354217141866684
21831,0.28098493814468384
21832,0.3661952018737793
21833,0.10075202584266663
21834,0.10113786906003952
21835,0.12332087010145187
21836,0.2962464988231659
21837,0.12652775645256042
21838,0.10948491096496582
21839,0.3115636706352234
21840,0.11639964580535889
21841,0.10336398333311081
21842,0.1217399537563324
21843,0.49134427309036255
21844,0.15626905858516693
21845,0.09860729426145554
21846,0.10278014838695526
21847,0.14306432008743286
21848,0.150800883769989
21849,0.12433215975761414
21850,0.1116471141576767
21851,0.09997040033340454
21852,0.10130748897790909
21853,0.3173695504665375
21854,0.1093083918094635
21855,0.11014869064092636
21856,0.09997565299272537
21857,0.23431096971035004
21858,0.10392433404922485
21859,0.1560690551996231
21860,0.14074034988880157
21861,0.1160711944103241
21862,0.10142851620912552
21863,0.09997565299272537
21864,0.4065154790878296
21865,0.10054727643728256
21866,0.10749446600675583
21867,0.10336398333311081
21868,0.10187248140573502
21869,0.09999515116214752
21870,0.509113609790802
21871,0.10296568274497986
21872,0.20625628530979156
21873,0.0993785634636879
21874,0.13921882212162018
21875,0.11916208267211914
21876,0.11007320880889893
21877,0.1506032794713974
21878,0.10922911018133163
21879,0.11753536760807037
21880,0.43552255630493164
21881,0.14781084656715393
21882,0.09997565299272537
21883,0.11284033209085464
21884,0.17635126411914825
21885,0.09948107600212097
21886,0.11186268925666809
21887,0.09853998571634293
21888,1.0
21889,0.12253064662218094
21890,0.09948107600212097
21891,0.402759850025177
21892,0.10296761989593506
21893,0.10056167095899582
21894,0.1271430402994156
21895,0.1313486397266388
21896,0.11090302467346191
21897,0.10056167095899582
21898,0.10347642749547958
21899,0.10604064911603928
21900,0.14459939301013947
21901,0.10736002773046494
21902,0.10763513296842575
21903,0.10255584865808487
21904,0.10169149190187454
21905,0.10216385871171951
21906,0.11630460619926453
21907,0.100853331387043
21908,0.09853474050760269
21909,0.1008124053478241
21910,0.12038055807352066
21911,0.10027953237295151
21912,0.1016070693731308
21913,0.09948107600212097
21914,0.18278232216835022
21915,0.09997565299272537
21916,0.1258324384689331
21917,0.33578962087631226
21918,0.09932664781808853
21919,0.10066449642181396
21920,0.21379661560058594
21921,0.16165213286876678
21922,0.10302291810512543
21923,0.10284489393234253
21924,0.14007394015789032
21925,0.11951535195112228
21926,0.5424668192863464
21927,0.11608173698186874
21928,0.11393611878156662
21929,0.11147788166999817
21930,0.116036556661129
21931,0.1185271143913269
21932,0.10080468654632568
21933,0.11791568249464035
21934,0.31117478013038635
21935,0.10257215797901154
21936,0.15311023592948914
21937,0.11352293193340302
21938,0.09997565299272537
21939,0.1530151665210724
21940,0.10752550512552261
21941,0.10634344816207886
21942,0.35437580943107605
21943,0.24661879241466522
21944,0.21083803474903107
21945,0.1114921048283577
21946,0.10226260870695114
21947,0.0995950847864151
21948,0.39011234045028687
21949,0.2275848090648651
21950,0.09883910417556763
21951,0.2879408001899719
21952,0.10122451186180115
21953,0.1421460658311844
21954,0.09867310523986816
21955,0.11617507040500641
21956,0.1614939123392105
21957,0.10061149299144745
21958,0.10569325089454651
21959,0.1482125073671341
21960,0.09924343973398209
21961,0.16794759035110474
21962,0.11666474491357803
21963,0.10122451186180115
21964,0.1468842476606369
21965,0.10162525624036789
21966,0.09948107600212097
21967,0.12243470549583435
21968,0.09802236407995224
21969,0.22269266843795776
21970,0.4139830470085144
21971,0.1014355942606926
21972,0.09955967217683792
21973,0.09997565299272537
21974,0.10251972079277039
21975,0.11126811057329178
21976,0.3951420485973358
21977,0.10780683904886246
21978,0.11280864477157593
21979,0.10679097473621368
21980,0.43577954173088074
21981,0.10089518129825592
21982,0.10056167095899582
21983,0.10859643667936325
21984,0.100739486515522
21985,0.10271651297807693
21986,0.1423749029636383
21987,0.1031820997595787
21988,0.17476412653923035
21989,0.11123332381248474
21990,0.10143034160137177
21991,0.10334646701812744
21992,0.10137463361024857
21993,0.10903401672840118
21994,0.09997565299272537
21995,0.10063060373067856
21996,0.09933190047740936
21997,0.09933190047740936
21998,0.11170726269483566
21999,0.10192690789699554
22000,0.11698941141366959
22001,0.14434871077537537
22002,0.42145365476608276
22003,0.20560038089752197
22004,0.10687839984893799
22005,0.10258129239082336
22006,0.10212250798940659
22007,0.10066449642181396
22008,0.10315055400133133
22009,0.11318375915288925
22010,0.14229397475719452
22011,0.09948107600212097
22012,0.291334331035614
22013,0.10148217529058456
22014,0.14093846082687378
22015,0.14216037094593048
22016,0.13658732175827026
22017,0.0993785634636879
22018,0.10050013661384583
22019,0.10327941924333572
22020,0.15092313289642334
22021,0.0993785634636879
22022,0.11299144476652145
22023,0.1849018633365631
22024,0.10100562870502472
22025,0.10798545926809311
22026,0.1618710309267044
22027,0.1226411685347557
22028,0.09997565299272537
22029,0.1006726324558258
22030,0.42478033900260925
22031,0.20052646100521088
22032,0.09948107600212097
22033,0.10236701369285583
22034,0.11071641743183136
22035,0.1362832635641098
22036,0.10218390077352524
22037,0.10215415805578232
22038,0.35056546330451965
22039,0.1932479590177536
22040,0.10236701369285583
22041,0.16003115475177765
22042,0.11211629211902618
22043,0.14459939301013947
22044,0.09948107600212097
22045,0.22007927298545837
22046,0.1014355942606926
22047,0.09997565299272537
22048,0.10340434312820435
22049,0.11150571703910828
22050,0.10135684162378311
22051,0.10215415805578232
22052,0.11823233962059021
22053,0.10438192635774612
22054,0.5468819737434387
22055,0.14446331560611725
22056,0.139765664935112
22057,0.10264080762863159
22058,0.16767604649066925
22059,0.3932670056819916
22060,0.12913712859153748
22061,0.13460688292980194
22062,0.11672912538051605
22063,0.09867310523986816
22064,0.10440412163734436
22065,0.27080678939819336
22066,0.09948107600212097
22067,0.43997088074684143
22068,0.14503027498722076
22069,0.0993785634636879
22070,0.17615827918052673
22071,0.10803970694541931
22072,0.6256205439567566
22073,0.1035621166229248
22074,0.17510712146759033
22075,0.09950058162212372
22076,0.10190385580062866
22077,0.14894278347492218
22078,0.16385358572006226
22079,0.09997565299272537
22080,0.09948107600212097
22081,0.09948107600212097
22082,0.10454649478197098
22083,0.10056167095899582
22084,0.10932201147079468
22085,0.13620509207248688
22086,0.13896393775939941
22087,0.2178632766008377
22088,0.10054760426282883
22089,0.19267776608467102
22090,0.10183826088905334
22091,0.10004814714193344
22092,0.11338993906974792
22093,0.1026855930685997
22094,0.1025649756193161
22095,0.10056167095899582
22096,0.10923942178487778
22097,0.12903009355068207
22098,0.10095694661140442
22099,0.10075202584266663
22100,0.06260556727647781
22101,0.10977597534656525
22102,0.2538427412509918
22103,0.09997565299272537
22104,0.15875984728336334
22105,0.11294440180063248
22106,0.11875555664300919
22107,0.10063060373067856
22108,0.12698596715927124
22109,0.10577985644340515
22110,0.24520869553089142
22111,0.30925416946411133
22112,0.10896901786327362
22113,0.1095338836312294
22114,0.10230762511491776
22115,0.09997565299272537
22116,0.10700206458568573
22117,0.10056167095899582
22118,0.1239519864320755
22119,0.10469196736812592
22120,0.13473284244537354
22121,0.1452244222164154
22122,0.10977864265441895
22123,0.0999680906534195
22124,0.25759321451187134
22125,0.10141337662935257
22126,0.10128721594810486
22127,0.1094878688454628
22128,0.5807669162750244
22129,0.35455581545829773
22130,0.2712308168411255
22131,0.1023617684841156
22132,0.10828067362308502
22133,0.22310379147529602
22134,0.5612300634384155
22135,0.14889022707939148
22136,0.1075565367937088
22137,0.10063818842172623
22138,0.12414747476577759
22139,0.10063060373067856
22140,0.10069847106933594
22141,0.11054930835962296
22142,0.19915182888507843
22143,0.11177065968513489
22144,0.09903603792190552
22145,0.28046083450317383
22146,0.148379847407341
22147,0.12824882566928864
22148,0.19827820360660553
22149,0.10181041806936264
22150,0.32441437244415283
22151,0.1264140009880066
22152,0.13321469724178314
22153,0.6021026372909546
22154,0.10215415805578232
22155,0.17494231462478638
22156,0.11853186786174774
22157,0.10168581455945969
22158,0.13742120563983917
22159,0.18161426484584808
22160,0.14320459961891174
22161,0.130863755941391
22162,0.09997565299272537
22163,0.4268362522125244
22164,0.09933190047740936
22165,0.10384839028120041
22166,0.1523841768503189
22167,0.15026850998401642
22168,0.10323872417211533
22169,0.1038937047123909
22170,0.12944447994232178
22171,0.10974198579788208
22172,0.10306034982204437
22173,0.1469114124774933
22174,0.10512784868478775
22175,0.3349462151527405
22176,0.33060410618782043
22177,0.10567319393157959
22178,0.14433985948562622
22179,0.10784836858510971
22180,0.20790204405784607
22181,0.1066882461309433
22182,0.09876741468906403
22183,0.10645442456007004
22184,0.22113169729709625
22185,0.13676664233207703
22186,0.10402324795722961
22187,0.10300974547863007
22188,0.16535824537277222
22189,0.09997565299272537
22190,0.11288505047559738
22191,0.10783355683088303
22192,0.10056167095899582
22193,0.2788521647453308
22194,0.11039017885923386
22195,0.2051032930612564
22196,0.13452541828155518
22197,0.10362698882818222
22198,0.12686967849731445
22199,0.1763177067041397
22200,0.11731243133544922
22201,0.13857440650463104
22202,0.11800453066825867
22203,0.11291184276342392
22204,0.10938165336847305
22205,0.30936744809150696
22206,0.0993785634636879
22207,0.14450877904891968
22208,0.2961071729660034
22209,0.11636387556791306
22210,0.10648711770772934
22211,0.5065639019012451
22212,0.09906470030546188
22213,0.10063060373067856
22214,0.11974941194057465
22215,0.10724025219678879
22216,0.39398500323295593
22217,0.11879711598157883
22218,0.10469532012939453
22219,0.2515242099761963
22220,0.1374506801366806
22221,0.16708560287952423
22222,0.21465109288692474
22223,0.32227662205696106
22224,0.10103871673345566
22225,0.11683784425258636
22226,0.10336398333311081
22227,0.633943498134613
22228,0.10322682559490204
22229,0.2430587261915207
22230,0.1091388687491417
22231,0.10244312882423401
22232,0.103841632604599
22233,0.09968245029449463
22234,0.10161098837852478
22235,0.10558590292930603
22236,0.10319320857524872
22237,0.09452333301305771
22238,0.11062896251678467
22239,0.10360895097255707
22240,0.14898847043514252
22241,0.14120200276374817
22242,0.10056167095899582
22243,0.10226386785507202
22244,0.5233075618743896
22245,0.1199432834982872
22246,0.1000429019331932
22247,0.10321997851133347
22248,0.10925226658582687
22249,0.28726890683174133
22250,0.2749134302139282
22251,0.0974903553724289
22252,0.10485539585351944
22253,0.11624600738286972
22254,0.09422135353088379
22255,0.12493015825748444
22256,0.17511120438575745
22257,0.10345004498958588
22258,0.09997565299272537
22259,0.10327678173780441
22260,0.12987856566905975
22261,0.10757094621658325
22262,0.10461362451314926
22263,0.09948107600212097
22264,0.13110536336898804
22265,0.10511304438114166
22266,0.102360300719738
22267,0.958820641040802
22268,0.10124319791793823
22269,0.15685319900512695
22270,0.1081223115324974
22271,0.1377810388803482
22272,0.16420744359493256
22273,0.23485438525676727
22274,0.10101373493671417
22275,0.09997565299272537
22276,0.10133805125951767
22277,0.2268812358379364
22278,0.13439027965068817
22279,0.11669868230819702
22280,0.1116471141576767
22281,0.17632082104682922
22282,0.11150571703910828
22283,0.09783853590488434
22284,0.10819172114133835
22285,0.13369877636432648
22286,0.09997040033340454
22287,0.10386640578508377
22288,0.1375432312488556
22289,0.10741996020078659
22290,0.10606266558170319
22291,0.1265989989042282
22292,0.10205358266830444
22293,0.10587011277675629
22294,0.1840783655643463
22295,0.10276920348405838
22296,0.10692422091960907
22297,0.09996125847101212
22298,0.11833420395851135
22299,0.11272252351045609
22300,0.1030656024813652
22301,0.10015270113945007
22302,0.10189300030469894
22303,0.2039906233549118
22304,0.09867310523986816
22305,0.26796233654022217
22306,0.10439693927764893
22307,0.11738146841526031
22308,0.10835074633359909
22309,0.11161068826913834
22310,0.1413698047399521
22311,0.23107916116714478
22312,0.11131282895803452
22313,0.33878782391548157
22314,0.1335836797952652
22315,0.10568872839212418
22316,0.12812966108322144
22317,0.10255049914121628
22318,0.2294367253780365
22319,0.10118838399648666
22320,0.10302291810512543
22321,0.10045166313648224
22322,0.09665713459253311
22323,0.13701383769512177
22324,0.1007402241230011
22325,0.15342755615711212
22326,0.09997565299272537
22327,0.09997565299272537
22328,0.10234550386667252
22329,0.11005410552024841
22330,0.11579511314630508
22331,0.13794445991516113
22332,0.10185997188091278
22333,0.10292953252792358
22334,0.13269560039043427
22335,0.13772383332252502
22336,0.14507311582565308
22337,0.2926497161388397
22338,0.31307944655418396
22339,0.11135879158973694
22340,0.10122451186180115
22341,0.7608075737953186
22342,0.11355947703123093
22343,0.11686206609010696
22344,0.1288822740316391
22345,0.10521246492862701
22346,0.105353944003582
22347,0.10382433235645294
22348,0.1138247400522232
22349,0.10299424827098846
22350,0.1583634912967682
22351,0.19324538111686707
22352,0.10226096212863922
22353,0.1234731525182724
22354,0.11740688979625702
22355,0.15121184289455414
22356,0.09853998571634293
22357,0.10055641829967499
22358,0.1581713855266571
22359,0.10412808507680893
22360,0.22468535602092743
22361,0.19427090883255005
22362,0.10050013661384583
22363,0.15643690526485443
22364,0.33731311559677124
22365,0.10089518129825592
22366,0.3213377594947815
22367,0.14576299488544464
22368,0.10540492832660675
22369,0.10137957334518433
22370,0.10056167095899582
22371,0.1507789045572281
22372,0.1037416085600853
22373,0.10232178866863251
22374,0.267551064491272
22375,0.09983296692371368
22376,0.10132134705781937
22377,0.109225332736969
22378,0.13310164213180542
22379,0.09997565299272537
22380,0.11122260242700577
22381,0.1013069748878479
22382,0.1000429019331932
22383,0.09997565299272537
22384,0.12575171887874603
22385,0.1095241978764534
22386,0.28138959407806396
22387,0.11186623573303223
22388,0.10751023143529892
22389,0.10056167095899582
22390,0.21297769248485565
22391,0.10459622740745544
22392,0.10270853340625763
22393,0.1388905644416809
22394,0.10245851427316666
22395,0.10617070645093918
22396,0.10189300030469894
22397,0.33037328720092773
22398,0.10433175414800644
22399,0.09617353230714798
22400,0.09997565299272537
22401,0.32656213641166687
22402,0.11089956015348434
22403,0.2818529009819031
22404,0.10925711691379547
22405,0.10879889130592346
22406,0.10786210745573044
22407,0.3387300968170166
22408,0.10080993920564651
22409,0.28591611981391907
22410,0.19435228407382965
22411,0.1074090301990509
22412,0.10098742693662643
22413,0.0993785634636879
22414,0.10089518129825592
22415,0.10343170166015625
22416,0.3501271903514862
22417,0.10405317693948746
22418,0.12631922960281372
22419,0.1023980975151062
22420,0.10887305438518524
22421,0.10048990696668625
22422,0.10484688729047775
22423,0.1014355942606926
22424,0.10165001451969147
22425,0.1039377897977829
22426,0.09997565299272537
22427,0.15360847115516663
22428,0.09887482225894928
22429,0.0993785634636879
22430,0.15525208413600922
22431,0.135459303855896
22432,0.10482996702194214
22433,0.10746948421001434
22434,0.11807241290807724
22435,0.1968032270669937
22436,0.21848447620868683
22437,0.11605841666460037
22438,0.10495475679636002
22439,0.1034809798002243
22440,0.1013408675789833
22441,0.38799452781677246
22442,0.11176419258117676
22443,0.09997565299272537
22444,0.1930774450302124
22445,0.1301335096359253
22446,0.24161259829998016
22447,0.10276920348405838
22448,0.11841017752885818
22449,0.2217903584241867
22450,0.1014355942606926
22451,0.1013425663113594
22452,0.10804431140422821
22453,0.10568205267190933
22454,0.14003506302833557
22455,0.1455383449792862
22456,0.10187947750091553
22457,0.1022147461771965
22458,0.13931870460510254
22459,0.10699735581874847
22460,0.10313615947961807
22461,0.16611109673976898
22462,0.10055641829967499
22463,0.11428066343069077
22464,0.14037509262561798
22465,0.10416075587272644
22466,0.1062932088971138
22467,0.09872075170278549
22468,0.10026410967111588
22469,0.0987904816865921
22470,0.10356277227401733
22471,0.09997040033340454
22472,0.10911542922258377
22473,0.10670234262943268
22474,0.10637053847312927
22475,0.11810024827718735
22476,0.10143034160137177
22477,0.11779030412435532
22478,0.0993785634636879
22479,0.10050013661384583
22480,0.10396139323711395
22481,0.09866785258054733
22482,0.14665499329566956
22483,0.09931548684835434
22484,0.13430741429328918
22485,0.10587593913078308
22486,0.10443564504384995
22487,0.1494719684123993
22488,0.291352242231369
22489,0.1132550835609436
22490,0.27557429671287537
22491,0.29964005947113037
22492,0.09948107600212097
22493,0.10004814714193344
22494,0.09948107600212097
22495,0.11311372369527817
22496,0.09871549904346466
22497,0.10450399667024612
22498,0.1030321791768074
22499,0.1132211834192276
22500,0.10826725512742996
22501,0.10522283613681793
22502,0.5410687327384949
22503,0.11055758595466614
22504,0.25264328718185425
22505,0.14612247049808502
22506,0.10415907949209213
22507,0.14685852825641632
22508,0.20892706513404846
22509,0.10143034160137177
22510,0.10621676594018936
22511,0.10568205267190933
22512,0.12773767113685608
22513,0.10336398333311081
22514,0.11484480649232864
22515,0.10239950567483902
22516,0.10308297723531723
22517,0.1075311228632927
22518,0.15592356026172638
22519,0.13371388614177704
22520,0.4766864776611328
22521,0.10185997188091278
22522,0.10432689636945724
22523,0.1024165228009224
22524,0.1353655457496643
22525,0.10281622409820557
22526,0.12044323235750198
22527,0.13005690276622772
22528,0.15216834843158722
22529,0.10179866850376129
22530,0.2893564701080322
22531,0.18586386740207672
22532,0.10264080762863159
22533,0.11660517752170563
22534,0.13710398972034454
22535,0.1073506772518158
22536,0.13062678277492523
22537,0.17779682576656342
22538,0.1415286511182785
22539,0.09997565299272537
22540,0.11609452962875366
22541,0.10394272208213806
22542,0.2596854865550995
22543,0.1537102907896042
22544,0.10215037316083908
22545,0.10159635543823242
22546,0.10185997188091278
22547,0.22178751230239868
22548,0.1018766462802887
22549,0.10952726751565933
22550,0.13606378436088562
22551,0.11254558712244034
22552,0.10192915797233582
22553,0.15547987818717957
22554,0.09846751391887665
22555,0.11902423948049545
22556,0.14864735305309296
22557,0.10135684162378311
22558,0.10302286595106125
22559,0.10068974643945694
22560,0.13461968302726746
22561,0.16357670724391937
22562,0.09933190047740936
22563,0.10418128222227097
22564,0.1030656024813652
22565,0.10130748897790909
22566,0.10135684162378311
22567,0.10100562870502472
22568,0.1527472585439682
22569,0.12240663170814514
22570,0.10436981171369553
22571,0.10954231768846512
22572,0.09997565299272537
22573,0.10374825447797775
22574,0.1149737536907196
22575,0.23120516538619995
22576,0.3576129376888275
22577,0.10336398333311081
22578,0.13251328468322754
22579,0.32685863971710205
22580,0.10105588287115097
22581,0.10256259888410568
22582,0.10973464697599411
22583,0.10048574209213257
22584,0.10426179319620132
22585,0.11816973239183426
22586,0.10348548740148544
22587,0.10326012969017029
22588,0.20661616325378418
22589,0.14722484350204468
22590,0.156500443816185
22591,0.10208506882190704
22592,0.09933190047740936
22593,0.10186878591775894
22594,0.10966486483812332
22595,0.10145509988069534
22596,0.12316862493753433
22597,0.10024762898683548
22598,0.12542448937892914
22599,0.11357524991035461
22600,0.10050013661384583
22601,0.09853998571634293
22602,0.10250916332006454
22603,0.10421130061149597
22604,0.10902917385101318
22605,0.10188586264848709
22606,0.10139384865760803
22607,0.10474184900522232
22608,0.10171027481555939
22609,0.14707760512828827
22610,0.10122451186180115
22611,0.10212250798940659
22612,0.10118838399648666
22613,0.09948107600212097
22614,0.12521302700042725
22615,0.09997565299272537
22616,0.10465942323207855
22617,0.26488351821899414
22618,0.10122451186180115
22619,0.15599648654460907
22620,0.1083141639828682
22621,0.1414622813463211
22622,0.10435759276151657
22623,0.11104501038789749
22624,0.11630651354789734
22625,0.1357513964176178
22626,0.1093684732913971
22627,0.10324820131063461
22628,0.10359092056751251
22629,0.10214011371135712
22630,0.10302291810512543
22631,0.1491263061761856
22632,0.12190421670675278
22633,0.09997565299272537
22634,0.10773149877786636
22635,0.1006157398223877
22636,0.10132461041212082
22637,0.11298955976963043
22638,0.13386879861354828
22639,0.10207166522741318
22640,0.15408365428447723
22641,0.14214485883712769
22642,0.13341884315013885
22643,0.11223769932985306
22644,0.09997565299272537
22645,0.11531153321266174
22646,0.10122451186180115
22647,0.10379087924957275
22648,0.09853287041187286
22649,0.17015023529529572
22650,0.10212250798940659
22651,0.139920175075531
22652,0.09997565299272537
22653,0.10167355835437775
22654,0.10227737575769424
22655,0.10549242049455643
22656,0.10321430116891861
22657,0.09997565299272537
22658,0.1038937047123909
22659,0.12278172373771667
22660,0.13541407883167267
22661,0.10215415805578232
22662,0.12882381677627563
22663,0.40467512607574463
22664,0.15251198410987854
22665,0.10122451186180115
22666,0.1014355942606926
22667,0.27480781078338623
22668,0.2607823610305786
22669,0.09997565299272537
22670,0.1135304793715477
22671,0.10454508662223816
22672,0.1751023232936859
22673,0.103493332862854
22674,0.156730055809021
22675,0.10816562175750732
22676,0.10300589352846146
22677,0.15499837696552277
22678,0.10131198912858963
22679,0.09997565299272537
22680,0.11031800508499146
22681,0.10230294615030289
22682,0.11023437231779099
22683,0.10187248140573502
22684,0.10335873812437057
22685,0.1013069748878479
22686,0.10193917900323868
22687,0.11862196773290634
22688,0.11099227517843246
22689,0.11039021611213684
22690,0.11574424058198929
22691,0.10493317991495132
22692,0.09987130761146545
22693,0.24116547405719757
22694,0.11395440995693207
22695,0.1489260047674179
22696,0.12931405007839203
22697,0.24644388258457184
22698,0.10142119973897934
22699,0.10075202584266663
22700,0.12153100967407227
22701,0.09997565299272537
22702,0.10336597263813019
22703,0.10593703389167786
22704,0.09997565299272537
22705,0.11349254846572876
22706,0.10694307088851929
22707,0.15283174812793732
22708,0.2874392569065094
22709,0.10056167095899582
22710,0.11044466495513916
22711,0.09799008816480637
22712,0.276143342256546
22713,0.09911534935235977
22714,0.10392433404922485
22715,0.09997565299272537
22716,0.10472021251916885
22717,0.10965049266815186
22718,0.15505850315093994
22719,0.14694511890411377
22720,0.10809909552335739
22721,0.42547133564949036
22722,0.11904564499855042
22723,0.10367056727409363
22724,0.355333149433136
22725,0.10111964493989944
22726,0.0993785634636879
22727,0.10737225413322449
22728,0.09997565299272537
22729,0.09997040033340454
22730,0.10309422761201859
22731,0.09997565299272537
22732,0.12782606482505798
22733,0.10055641829967499
22734,0.10514293611049652
22735,0.13070742785930634
22736,0.10027728974819183
22737,0.1978728175163269
22738,0.10122451186180115
22739,0.09853998571634293
22740,0.11685406416654587
22741,0.2686000168323517
22742,0.10238997638225555
22743,0.10838025063276291
22744,0.10048376768827438
22745,0.10205358266830444
22746,0.1041572242975235
22747,0.10122451186180115
22748,0.24014829099178314
22749,0.10822810232639313
22750,0.10056167095899582
22751,0.10417778044939041
22752,0.1311584860086441
22753,0.2386614978313446
22754,0.24161039292812347
22755,0.10991634428501129
22756,0.10406787693500519
22757,0.24771076440811157
22758,0.10226096212863922
22759,0.14866027235984802
22760,0.09997565299272537
22761,0.14889022707939148
22762,0.10094184428453445
22763,0.1262647807598114
22764,0.11540479958057404
22765,0.6082372069358826
22766,0.09853474050760269
22767,0.13790082931518555
22768,0.10094184428453445
22769,0.10366277396678925
22770,0.10212250798940659
22771,0.10802087932825089
22772,0.10721682012081146
22773,0.13174062967300415
22774,0.10056167095899582
22775,0.09997565299272537
22776,0.0987621620297432
22777,0.12455452233552933
22778,0.1006726324558258
22779,0.1344221979379654
22780,0.11478354781866074
22781,0.37404441833496094
22782,0.5047937035560608
22783,0.18993596732616425
22784,0.4615134000778198
22785,0.10467009991407394
22786,0.10164646804332733
22787,0.1226465255022049
22788,0.1030656024813652
22789,0.12359558045864105
22790,0.13931220769882202
22791,0.1744212657213211
22792,0.13857562839984894
22793,0.11979068070650101
22794,0.20414939522743225
22795,0.1022544577717781
22796,0.3462919592857361
22797,0.12208711355924606
22798,0.12742693722248077
22799,0.10063060373067856
22800,0.10056167095899582
22801,0.10122451186180115
22802,0.10004814714193344
22803,0.1505853682756424
22804,0.31404250860214233
22805,0.11211542040109634
22806,0.09994924068450928
22807,0.16599789261817932
22808,0.11075817048549652
22809,0.43672358989715576
22810,0.27367135882377625
22811,0.11312159895896912
22812,0.10069036483764648
22813,0.10467009991407394
22814,0.151259645819664
22815,0.10458886623382568
22816,0.15459372103214264
22817,0.19325414299964905
22818,0.12942928075790405
22819,0.09932664781808853
22820,0.09876741468906403
22821,0.10137957334518433
22822,0.12854357063770294
22823,0.11007992178201675
22824,0.13715264201164246
22825,0.16551704704761505
22826,0.44014090299606323
22827,0.10213976353406906
22828,0.1014355942606926
22829,0.4817278981208801
22830,0.11010293662548065
22831,0.11882653832435608
22832,0.09997565299272537
22833,0.1439492106437683
22834,0.1013069748878479
22835,0.21746736764907837
22836,0.1310681700706482
22837,0.11869198083877563
22838,0.16708214581012726
22839,0.1028623953461647
22840,0.13564637303352356
22841,0.11335614323616028
22842,0.0993785634636879
22843,0.2811693251132965
22844,0.09997565299272537
22845,0.10338307172060013
22846,0.11204037815332413
22847,0.10304287821054459
22848,0.10424473881721497
22849,0.1073794960975647
22850,0.243212029337883
22851,0.10101373493671417
22852,0.10741331428289413
22853,0.09997565299272537
22854,0.16911324858665466
22855,0.10401522368192673
22856,0.09997565299272537
22857,0.10500077903270721
22858,0.10116225481033325
22859,0.09948107600212097
22860,0.146520733833313
22861,0.10143034160137177
22862,0.10122451186180115
22863,0.10128580778837204
22864,0.10315055400133133
22865,0.23677709698677063
22866,0.10305120795965195
22867,0.11584486067295074
22868,0.10402200371026993
22869,0.10950025916099548
22870,0.47809314727783203
22871,0.22627981007099152
22872,0.10508190840482712
22873,0.13794104754924774
22874,0.15929864346981049
22875,0.10079073160886765
22876,0.1107235923409462
22877,0.11792676895856857
22878,0.0993785634636879
22879,0.11162416636943817
22880,0.11752352118492126
22881,0.09997565299272537
22882,0.3909322917461395
22883,0.340332567691803
22884,0.11948790401220322
22885,0.09997040033340454
22886,0.3505252003669739
22887,0.11857570707798004
22888,0.10207360237836838
22889,0.13012351095676422
22890,0.10244127362966537
22891,0.10111964493989944
22892,0.10477053374052048
22893,0.13288483023643494
22894,0.10185997188091278
22895,0.09997565299272537
22896,0.10145740956068039
22897,0.11213448643684387
22898,0.35723981261253357
22899,0.10333524644374847
22900,0.09970738738775253
22901,0.10439971089363098
22902,0.25510600209236145
22903,0.11193309724330902
22904,0.10239581018686295
22905,0.10454326868057251
22906,0.13236233592033386
22907,0.1305878907442093
22908,0.10758083313703537
22909,0.1131872832775116
22910,0.1394570767879486
22911,0.1260688304901123
22912,0.09997565299272537
22913,0.4019075930118561
22914,0.10567319393157959
22915,0.15396429598331451
22916,0.10338349640369415
22917,0.2348046600818634
22918,0.10327941924333572
22919,0.2188030481338501
22920,0.10079073160886765
22921,0.16526484489440918
22922,0.19190074503421783
22923,0.11230764538049698
22924,0.275012344121933
22925,0.10689563304185867
22926,0.13151304423809052
22927,0.100739486515522
22928,0.11508894711732864
22929,0.1013992577791214
22930,0.1125408485531807
22931,0.10519719123840332
22932,0.24399305880069733
22933,0.10213984549045563
22934,0.0987924337387085
22935,0.11347948014736176
22936,0.1022753193974495
22937,0.1015724316239357
22938,0.10244312882423401
22939,0.10337559878826141
22940,0.10055641829967499
22941,0.10121012479066849
22942,0.11123640835285187
22943,0.10173947364091873
22944,0.10163134336471558
22945,0.10773149877786636
22946,0.10218390077352524
22947,0.1045103669166565
22948,0.11265304684638977
22949,0.11200810223817825
22950,0.2830243408679962
22951,0.2150449901819229
22952,0.10214793682098389
22953,0.09876741468906403
22954,0.10185997188091278
22955,0.10274214297533035
22956,0.10603725910186768
22957,0.10185997188091278
22958,0.100776806473732
22959,0.1541365385055542
22960,0.10759911686182022
22961,0.10482513904571533
22962,0.1006157398223877
22963,0.729051411151886
22964,0.1023198589682579
22965,0.1993025541305542
22966,0.13413222134113312
22967,0.09611070156097412
22968,0.10327941924333572
22969,0.11612554639577866
22970,0.12750564515590668
22971,0.10185997188091278
22972,0.09997565299272537
22973,0.09853998571634293
22974,0.11496511846780777
22975,0.10448164492845535
22976,0.09997565299272537
22977,0.10757371783256531
22978,0.1038937047123909
22979,0.3147260546684265
22980,0.14206480979919434
22981,0.14294852316379547
22982,0.13983476161956787
22983,0.10307613760232925
22984,0.11521412432193756
22985,0.12400975078344345
22986,0.11183245480060577
22987,0.10215415805578232
22988,0.1038937047123909
22989,0.11941078305244446
22990,0.11544214189052582
22991,0.44574403762817383
22992,0.17238196730613708
22993,0.10655086487531662
22994,0.10015824437141418
22995,0.14074034988880157
22996,0.15189705789089203
22997,0.10137634724378586
22998,0.12781506776809692
22999,0.13590863347053528
23000,0.14267206192016602
23001,0.14448297023773193
23002,0.1017153188586235
23003,0.09948107600212097
23004,0.10021139681339264
23005,0.09997565299272537
23006,0.10122451186180115
23007,0.10647983849048615
23008,0.11077762395143509
23009,0.0992572158575058
23010,0.11799724400043488
23011,0.1748315840959549
23012,0.10136967152357101
23013,0.11148098111152649
23014,0.10412001609802246
23015,0.1142316609621048
23016,0.14878055453300476
23017,0.10584753751754761
23018,0.13423018157482147
23019,0.10020095854997635
23020,0.09710178524255753
23021,0.11077055335044861
23022,0.1565266102552414
23023,0.10968438535928726
23024,0.10301996767520905
23025,0.13819868862628937
23026,0.21202385425567627
23027,0.10787608474493027
23028,0.10051141679286957
23029,0.13694842159748077
23030,0.3674243986606598
23031,0.1275893598794937
23032,0.12325798720121384
23033,0.13210429251194
23034,0.11522882431745529
23035,0.10559549927711487
23036,0.10180476307868958
23037,0.10054727643728256
23038,0.12312881648540497
23039,0.1291588395833969
23040,0.10131198912858963
23041,0.025017131119966507
23042,0.09937331825494766
23043,0.11987300217151642
23044,0.10129590332508087
23045,0.3505359888076782
23046,0.11467517167329788
23047,0.10122451186180115
23048,0.10432559996843338
23049,0.11285002529621124
23050,0.3809841573238373
23051,0.10214890539646149
23052,0.1005401611328125
23053,0.20729264616966248
23054,0.11784225702285767
23055,0.15417030453681946
23056,0.12095644325017929
23057,0.14490674436092377
23058,0.1384318470954895
23059,0.0993785634636879
23060,0.11067896336317062
23061,0.09997565299272537
23062,0.1044812798500061
23063,0.19859518110752106
23064,0.10143217444419861
23065,0.10283651947975159
23066,0.10327941924333572
23067,0.6680367588996887
23068,0.12636210024356842
23069,0.10364284366369247
23070,0.11001545190811157
23071,0.1031377762556076
23072,0.11886253207921982
23073,0.0992189273238182
23074,0.09867110848426819
23075,0.11991044133901596
23076,0.10486733168363571
23077,0.10703349858522415
23078,0.10050013661384583
23079,0.10391321778297424
23080,0.10050013661384583
23081,0.20392407476902008
23082,0.11887798458337784
23083,0.10053417086601257
23084,0.17520038783550262
23085,0.10111964493989944
23086,0.10242155194282532
23087,0.22421662509441376
23088,0.17035335302352905
23089,0.12305279076099396
23090,0.30686816573143005
23091,0.10122451186180115
23092,0.10326635837554932
23093,0.10027728974819183
23094,0.20547515153884888
23095,0.10088904201984406
23096,0.1013069748878479
23097,0.09867310523986816
23098,0.19503526389598846
23099,0.10483302175998688
23100,0.11509007215499878
23101,0.2432129979133606
23102,0.117036834359169
23103,0.2313789576292038
23104,0.12206024676561356
23105,0.10344323515892029
23106,0.14916746318340302
23107,0.10233565419912338
23108,0.1145588606595993
23109,0.21497446298599243
23110,0.10259881615638733
23111,0.10185997188091278
23112,0.1310415416955948
23113,0.10271886736154556
23114,0.1074744164943695
23115,0.3461681008338928
23116,0.1063561961054802
23117,0.21404966711997986
23118,0.4231179654598236
23119,0.10212250798940659
23120,0.09711290895938873
23121,0.100776806473732
23122,0.10420605540275574
23123,0.10437905043363571
23124,0.10122451186180115
23125,0.18630215525627136
23126,0.10306034982204437
23127,0.711322009563446
23128,0.1945222020149231
23129,0.2381923943758011
23130,0.4942196011543274
23131,0.113013356924057
23132,0.09948107600212097
23133,0.11615944653749466
23134,0.10298212617635727
23135,0.1056687980890274
23136,0.18843144178390503
23137,0.13827037811279297
23138,0.0988338515162468
23139,0.2254801094532013
23140,0.09948107600212097
23141,0.10301455110311508
23142,0.10384198278188705
23143,0.1808803826570511
23144,0.09947582334280014
23145,0.16421793401241302
23146,0.10308091342449188
23147,0.10433381795883179
23148,0.10536442697048187
23149,0.10657228529453278
23150,0.0997021347284317
23151,0.17293788492679596
23152,0.13658732175827026
23153,0.1031913012266159
23154,0.2386166751384735
23155,0.11777564138174057
23156,0.3458199203014374
23157,0.29233312606811523
23158,0.09997565299272537
23159,0.1965036392211914
23160,0.14414703845977783
23161,0.11763086169958115
23162,0.4096296429634094
23163,0.10581570118665695
23164,0.10524385422468185
23165,0.10058117657899857
23166,0.1073150485754013
23167,0.1172691136598587
23168,0.10029380023479462
23169,0.10056167095899582
23170,0.14507712423801422
23171,0.09900175780057907
23172,0.17132742702960968
23173,0.15489928424358368
23174,0.09771899878978729
23175,0.11812813580036163
23176,0.10391628742218018
23177,0.0993785634636879
23178,0.1301448792219162
23179,0.10212250798940659
23180,0.10185997188091278
23181,0.11199645698070526
23182,0.10270853340625763
23183,0.10244312882423401
23184,0.10841044783592224
23185,0.11030729115009308
23186,0.14320670068264008
23187,0.10617917776107788
23188,0.11161961406469345
23189,0.09997565299272537
23190,0.28538286685943604
23191,0.2290765345096588
23192,0.10135684162378311
23193,0.09948107600212097
23194,0.15581251680850983
23195,0.10456635802984238
23196,0.12155723571777344
23197,0.1609988957643509
23198,0.11155384033918381
23199,0.22662235796451569
23200,0.2223113775253296
23201,0.10120788961648941
23202,0.09997565299272537
23203,0.10359355807304382
23204,0.10075202584266663
23205,0.10139543563127518
23206,0.13065290451049805
23207,0.09910639375448227
23208,0.10135684162378311
23209,0.13022276759147644
23210,0.10403990000486374
23211,0.11031435430049896
23212,0.10082678496837616
23213,0.11056444048881531
23214,0.11269138753414154
23215,0.10135158896446228
23216,0.20192497968673706
23217,0.10364639014005661
23218,0.10122451186180115
23219,0.13567118346691132
23220,0.10234986245632172
23221,0.18084634840488434
23222,0.10079149901866913
23223,0.2570978105068207
23224,0.09896600246429443
23225,0.09997565299272537
23226,0.17933925986289978
23227,0.10242706537246704
23228,0.10268302261829376
23229,0.11270170658826828
23230,0.11337784677743912
23231,0.1008124053478241
23232,0.1018814817070961
23233,0.10135158896446228
23234,0.11839255690574646
23235,0.13093575835227966
23236,0.10187248140573502
23237,0.14534178376197815
23238,0.1255737841129303
23239,0.08778446912765503
23240,0.10133731365203857
23241,0.11294198781251907
23242,0.11215270310640335
23243,0.117882139980793
23244,0.1195182204246521
23245,0.24534264206886292
23246,0.10298212617635727
23247,0.11016957461833954
23248,0.09867310523986816
23249,0.11093202978372574
23250,0.09997040033340454
23251,0.11949250102043152
23252,0.11438967287540436
23253,0.09937963634729385
23254,0.13024690747261047
23255,0.11799351125955582
23256,0.10026596486568451
23257,0.09876741468906403
23258,0.09997565299272537
23259,0.2382199466228485
23260,0.1296079307794571
23261,0.24835650622844696
23262,0.177657812833786
23263,0.10406381636857986
23264,0.1723625212907791
23265,0.1586175560951233
23266,0.1013408675789833
23267,0.2250112146139145
23268,0.12020701915025711
23269,0.13643015921115875
23270,0.284450501203537
23271,0.133747398853302
23272,0.3877596855163574
23273,0.4247608184814453
23274,0.100705586373806
23275,0.09997565299272537
23276,0.12863628566265106
23277,0.1080247014760971
23278,0.10056167095899582
23279,0.11706965416669846
23280,0.10877162963151932
23281,0.10400830209255219
23282,0.10238997638225555
23283,0.10336398333311081
23284,0.09796291589736938
23285,0.10135684162378311
23286,0.6851327419281006
23287,0.20341283082962036
23288,0.21596196293830872
23289,0.09864119440317154
23290,0.10050013661384583
23291,0.11238148808479309
23292,0.11412429809570312
23293,0.10122451186180115
23294,0.10122451186180115
23295,0.10320042818784714
23296,0.14435607194900513
23297,0.10215415805578232
23298,0.13331404328346252
23299,0.10243290662765503
23300,0.10187248140573502
23301,0.10251455008983612
23302,0.10276692360639572
23303,0.1393718421459198
23304,0.1492619663476944
23305,0.16628195345401764
23306,0.10056167095899582
23307,0.2816956341266632
23308,0.10236701369285583
23309,0.10528844594955444
23310,0.10249010473489761
23311,0.09997565299272537
23312,0.10448287427425385
23313,0.10132461041212082
23314,0.11773402243852615
23315,0.1013408675789833
23316,0.17475587129592896
23317,0.1014355942606926
23318,0.10175694525241852
23319,0.14675623178482056
23320,0.14989444613456726
23321,0.12250993400812149
23322,0.1152486577630043
23323,0.10495074093341827
23324,0.12921251356601715
23325,0.13079746067523956
23326,0.14818093180656433
23327,0.1046479195356369
23328,0.1023617684841156
23329,0.14603197574615479
23330,0.15497814118862152
23331,0.6579345464706421
23332,0.1384020298719406
23333,0.1110362708568573
23334,0.09876741468906403
23335,0.12705577909946442
23336,0.10007237643003464
23337,0.1046643927693367
23338,0.8932616114616394
23339,0.09932664781808853
23340,0.09997565299272537
23341,0.14224271476268768
23342,0.1585434526205063
23343,0.10070119053125381
23344,0.10056167095899582
23345,0.10488506406545639
23346,0.19958354532718658
23347,0.10063060373067856
23348,0.11620654165744781
23349,0.11108367145061493
23350,0.09997565299272537
23351,0.1023770123720169
23352,0.1126190796494484
23353,0.10144612193107605
23354,0.12301381677389145
23355,0.2597840130329132
23356,0.15042535960674286
23357,0.10779037326574326
23358,0.16111242771148682
23359,0.23377437889575958
23360,0.10094184428453445
23361,0.1709296852350235
23362,0.0984753891825676
23363,0.13194778561592102
23364,0.10931477695703506
23365,0.13115637004375458
23366,0.14271442592144012
23367,0.10827023535966873
23368,0.15673920512199402
23369,0.10241474956274033
23370,0.1689896434545517
23371,0.17734605073928833
23372,0.10056167095899582
23373,0.10337047278881073
23374,0.2511466443538666
23375,0.10292888432741165
23376,0.10949348658323288
23377,0.10351184755563736
23378,0.14818622171878815
23379,0.0993785634636879
23380,0.19102661311626434
23381,0.09996125847101212
23382,0.10192690789699554
23383,0.11654627323150635
23384,0.13145285844802856
23385,0.09997040033340454
23386,0.10195989161729813
23387,0.11580966413021088
23388,0.101420558989048
23389,0.3189677596092224
23390,0.11159475892782211
23391,0.11850059777498245
23392,0.10759737342596054
23393,0.10116225481033325
23394,0.09933190047740936
23395,0.10191064327955246
23396,0.12015793472528458
23397,0.1041572242975235
23398,0.10315882414579391
23399,0.09308577328920364
23400,0.11302326619625092
23401,0.12003304809331894
23402,0.1069108322262764
23403,0.11056472361087799
23404,0.10919784009456635
23405,0.14977142214775085
23406,0.12839283049106598
23407,0.10278855264186859
23408,0.1640186458826065
23409,0.11026229709386826
23410,0.10787145793437958
23411,0.13636399805545807
23412,0.10050013661384583
23413,0.11222940683364868
23414,0.09997565299272537
23415,0.11582691967487335
23416,0.12271129339933395
23417,0.10184533149003983
23418,0.15641236305236816
23419,0.1109239012002945
23420,0.32018712162971497
23421,0.10050013661384583
23422,0.12751123309135437
23423,0.10635371506214142
23424,0.3032466173171997
23425,0.13527140021324158
23426,0.12165243178606033
23427,0.11823520809412003
23428,0.12981711328029633
23429,0.11238086223602295
23430,0.1043282151222229
23431,0.11756931990385056
23432,0.1400294005870819
23433,0.10213723033666611
23434,0.1016116663813591
23435,0.4055243730545044
23436,0.11892147362232208
23437,0.13280907273292542
23438,0.1008124053478241
23439,0.13739658892154694
23440,0.11012126505374908
23441,0.13346363604068756
23442,0.10142119973897934
23443,0.14075525104999542
23444,0.12212272733449936
23445,0.09948107600212097
23446,0.11942417174577713
23447,0.12423256039619446
23448,0.18466386198997498
23449,0.09997040033340454
23450,0.24501559138298035
23451,0.10355868935585022
23452,0.10325679183006287
23453,0.12125933170318604
23454,0.10518767684698105
23455,0.10184533149003983
23456,0.1132289469242096
23457,0.0993785634636879
23458,0.11286450177431107
23459,0.10071948915719986
23460,0.17151598632335663
23461,0.10274214297533035
23462,0.11046336591243744
23463,0.09853998571634293
23464,0.10214509069919586
23465,0.14814744889736176
23466,0.10756811499595642
23467,0.16529512405395508
23468,0.09996125847101212
23469,0.10645582526922226
23470,0.10432130843400955
23471,0.10600236058235168
23472,0.11289459466934204
23473,0.10665201395750046
23474,0.12608328461647034
23475,0.20072884857654572
23476,0.10180476307868958
23477,0.10183147341012955
23478,0.19544075429439545
23479,0.27430015802383423
23480,0.10924406349658966
23481,0.1435961127281189
23482,0.10454872250556946
23483,0.1137116327881813
23484,0.150658518075943
23485,0.1100737527012825
23486,0.10238997638225555
23487,0.10707368701696396
23488,0.11176065355539322
23489,0.10294011980295181
23490,0.10187248140573502
23491,0.10949500650167465
23492,0.09933190047740936
23493,0.10050013661384583
23494,0.14339382946491241
23495,0.09933190047740936
23496,0.1013069748878479
23497,0.09997565299272537
23498,0.11009839922189713
23499,0.2507570683956146
23500,0.1579020917415619
23501,0.553382933139801
23502,0.33989694714546204
23503,0.11011286079883575
23504,0.12961351871490479
23505,0.35874029994010925
23506,0.10055641829967499
23507,0.10102133452892303
23508,0.11244125664234161
23509,0.10577338188886642
23510,0.09998311847448349
23511,0.1314006745815277
23512,0.10030430555343628
23513,0.19864344596862793
23514,0.09996125847101212
23515,0.11943789571523666
23516,0.1310563087463379
23517,0.32442909479141235
23518,0.11066770553588867
23519,0.11246602982282639
23520,0.10132451355457306
23521,0.10285243391990662
23522,0.26866811513900757
23523,0.13649104535579681
23524,0.12402383238077164
23525,0.10814540833234787
23526,0.11677414178848267
23527,0.10178554058074951
23528,0.10276920348405838
23529,0.10586464405059814
23530,0.10609233379364014
23531,0.12219873070716858
23532,0.09997565299272537
23533,0.7128689885139465
23534,0.13933873176574707
23535,0.11044466495513916
23536,0.11643540114164352
23537,0.14690695703029633
23538,0.10268867760896683
23539,0.10152839869260788
23540,0.11514485627412796
23541,0.13174861669540405
23542,0.11277540028095245
23543,0.10859643667936325
23544,0.1008463054895401
23545,0.10192690789699554
23546,0.10276920348405838
23547,0.11645041406154633
23548,0.10273689031600952
23549,0.10278111696243286
23550,0.16070926189422607
23551,0.13523143529891968
23552,0.30593499541282654
23553,0.17540346086025238
23554,0.10819210112094879
23555,0.10299424827098846
23556,0.10205358266830444
23557,0.1011616662144661
23558,0.09924043715000153
23559,0.11919163912534714
23560,0.10214509069919586
23561,0.10924168676137924
23562,0.10584291070699692
23563,0.10464062541723251
23564,0.1057981327176094
23565,0.3673921227455139
23566,0.10400507599115372
23567,0.1065627709031105
23568,0.3746509850025177
23569,0.11160255968570709
23570,0.18679626286029816
23571,0.12991435825824738
23572,0.10613300651311874
23573,0.10263635963201523
23574,0.09763343632221222
23575,0.1088821068406105
23576,0.1266554594039917
23577,0.10075202584266663
23578,0.14813822507858276
23579,0.10227754712104797
23580,0.10283330082893372
23581,0.1492777168750763
23582,0.10071036219596863
23583,0.10463567823171616
23584,0.10070119053125381
23585,0.2712115943431854
23586,0.11131557822227478
23587,0.10019911825656891
23588,0.18624944984912872
23589,0.10056167095899582
23590,0.10094184428453445
23591,0.3105829954147339
23592,0.09995413571596146
23593,0.2110380232334137
23594,0.10382623225450516
23595,0.11052165925502777
23596,0.09873057901859283
23597,0.1616435945034027
23598,0.10236701369285583
23599,0.11914120614528656
23600,0.11261042952537537
23601,0.14218778908252716
23602,0.11613833159208298
23603,0.14340606331825256
23604,0.14772957563400269
23605,0.3788546621799469
23606,0.12549524009227753
23607,0.11592507362365723
23608,0.15204159915447235
23609,0.11246296018362045
23610,0.10406466573476791
23611,0.16532424092292786
23612,0.15781770646572113
23613,0.0993785634636879
23614,0.10203415155410767
23615,0.10469532012939453
23616,0.13981893658638
23617,0.14612247049808502
23618,0.10387130826711655
23619,0.17722155153751373
23620,0.1382504403591156
23621,0.18253566324710846
23622,0.09924043715000153
23623,0.10050013661384583
23624,0.6369286179542542
23625,0.11961942166090012
23626,0.13870732486248016
23627,0.10056167095899582
23628,0.11096680164337158
23629,0.39454326033592224
23630,0.11263367533683777
23631,0.11056005954742432
23632,0.10075202584266663
23633,0.15554729104042053
23634,0.10213723033666611
23635,0.10212782025337219
23636,0.10070119053125381
23637,0.19174818694591522
23638,0.13742120563983917
23639,0.11383447051048279
23640,0.13472402095794678
23641,0.10570155829191208
23642,0.10114441812038422
23643,0.16559894382953644
23644,0.09997565299272537
23645,0.10253763198852539
23646,0.11976944655179977
23647,0.12084425985813141
23648,0.15836647152900696
23649,0.10494397580623627
23650,0.10011312365531921
23651,0.30426400899887085
23652,0.09997565299272537
23653,0.14970876276493073
23654,0.11660423874855042
23655,0.09997565299272537
23656,0.10360924899578094
23657,0.11254324018955231
23658,0.12942296266555786
23659,0.2059922069311142
23660,0.13430629670619965
23661,0.5314592719078064
23662,0.132963165640831
23663,0.10932201147079468
23664,0.10719653964042664
23665,0.10631813853979111
23666,0.09997565299272537
23667,0.10089518129825592
23668,0.10242132097482681
23669,0.20664313435554504
23670,0.10722161829471588
23671,0.10807183384895325
23672,0.10108944028615952
23673,0.1014355942606926
23674,0.3206568658351898
23675,0.10997836291790009
23676,0.0987924337387085
23677,0.10864724218845367
23678,0.2894057631492615
23679,0.15673670172691345
23680,0.09933190047740936
23681,0.11211542040109634
23682,0.2359577864408493
23683,0.10213322937488556
23684,0.10527872294187546
23685,0.10121926665306091
23686,0.10215415805578232
23687,0.10635934770107269
23688,0.1893220841884613
23689,0.13564768433570862
23690,0.10004814714193344
23691,0.10495678335428238
23692,0.17214183509349823
23693,0.5553111433982849
23694,0.10995382070541382
23695,0.13130776584148407
23696,0.11245986074209213
23697,0.5409431457519531
23698,0.10925795882940292
23699,0.10394861549139023
23700,0.1048458144068718
23701,0.11970892548561096
23702,0.14472180604934692
23703,0.10302184522151947
23704,0.11025163531303406
23705,0.0993013083934784
23706,0.10392433404922485
23707,0.10329893231391907
23708,0.0993785634636879
23709,0.21761643886566162
23710,0.10469196736812592
23711,0.1316826343536377
23712,0.10134244710206985
23713,0.11360127478837967
23714,0.11161068826913834
23715,0.23638935387134552
23716,0.10121926665306091
23717,0.10051141679286957
23718,0.1076246127486229
23719,0.24693173170089722
23720,0.10381815582513809
23721,0.20231372117996216
23722,0.09282518178224564
23723,0.11788676679134369
23724,0.103841632604599
23725,0.14746546745300293
23726,0.1061318963766098
23727,0.10950025916099548
23728,0.15373845398426056
23729,0.1318855881690979
23730,0.09997565299272537
23731,0.15935549139976501
23732,0.10722161829471588
23733,0.10067123919725418
23734,0.23935002088546753
23735,0.10249010473489761
23736,0.17906203866004944
23737,0.10135158896446228
23738,0.14184711873531342
23739,0.09867310523986816
23740,0.09997565299272537
23741,0.1519515961408615
23742,0.1792670637369156
23743,0.10927969217300415
23744,0.13749325275421143
23745,0.16829803586006165
23746,0.09872075170278549
23747,0.1267985999584198
23748,0.11238344013690948
23749,0.1403178721666336
23750,0.09997565299272537
23751,0.10956679284572601
23752,0.15265882015228271
23753,0.10472922027111053
23754,0.15134616196155548
23755,0.10722161829471588
23756,0.10137947648763657
23757,0.13715510070323944
23758,0.100705586373806
23759,0.100705586373806
23760,0.12457858771085739
23761,0.18006961047649384
23762,0.10075202584266663
23763,0.13009971380233765
23764,0.12178052961826324
23765,0.11529027670621872
23766,0.2881239652633667
23767,0.1994650959968567
23768,0.09874025732278824
23769,0.10143034160137177
23770,0.2493516355752945
23771,0.09948107600212097
23772,0.15501461923122406
23773,0.10185997188091278
23774,0.0602666512131691
23775,0.1223975419998169
23776,0.1031913012266159
23777,0.14855322241783142
23778,0.48526743054389954
23779,0.09997040033340454
23780,0.10519719123840332
23781,0.10080993920564651
23782,0.2581529915332794
23783,0.2983534336090088
23784,0.10049594193696976
23785,0.1421460658311844
23786,0.12061099708080292
23787,0.18955449759960175
23788,0.10377643257379532
23789,0.1014355942606926
23790,0.10082398355007172
23791,0.28279024362564087
23792,0.2197035551071167
23793,0.14507712423801422
23794,0.10461076349020004
23795,0.10305629670619965
23796,0.13456188142299652
23797,0.16595259308815002
23798,0.09672144055366516
23799,0.14832395315170288
23800,0.10030882805585861
23801,0.11108077317476273
23802,0.09883910417556763
23803,0.15533365309238434
23804,0.10185997188091278
23805,0.09997565299272537
23806,0.08714781701564789
23807,0.12884612381458282
23808,0.1030656024813652
23809,0.10554230958223343
23810,0.15444013476371765
23811,0.11864721029996872
23812,0.10063060373067856
23813,0.1614360809326172
23814,0.26049742102622986
23815,0.3431819975376129
23816,0.1034749448299408
23817,0.10100562870502472
23818,0.10136441886425018
23819,0.1131257638335228
23820,0.10845296084880829
23821,0.0964050367474556
23822,0.10075202584266663
23823,0.11103527247905731
23824,0.111299529671669
23825,0.1159384548664093
23826,0.12069560587406158
23827,0.15442949533462524
23828,0.15424992144107819
23829,0.1009899377822876
23830,0.15597714483737946
23831,0.11275862157344818
23832,0.10070016980171204
23833,0.10685119777917862
23834,0.3010190427303314
23835,0.1432334929704666
23836,0.13031768798828125
23837,0.10615224391222
23838,0.10094184428453445
23839,0.10499603301286697
23840,0.10392433404922485
23841,0.10315055400133133
23842,0.11423395574092865
23843,0.1400059461593628
23844,0.12204501032829285
23845,0.10075202584266663
23846,0.23884007334709167
23847,0.1545925885438919
23848,0.12067699432373047
23849,0.19392000138759613
23850,0.10725737363100052
23851,0.1052476093173027
23852,0.11601810157299042
23853,0.10773149877786636
23854,0.1400517374277115
23855,0.10515546798706055
23856,0.11062898486852646
23857,0.19696670770645142
23858,0.10118838399648666
23859,0.10205358266830444
23860,0.10055641829967499
23861,0.5395481586456299
23862,0.12306255102157593
23863,0.09997565299272537
23864,0.4090174734592438
23865,0.10064823925495148
23866,0.14140631258487701
23867,0.11078322678804398
23868,0.10530267655849457
23869,0.10377643257379532
23870,0.11771007627248764
23871,0.10056491196155548
23872,0.12568488717079163
23873,0.1071530357003212
23874,0.17980661988258362
23875,0.10048574209213257
23876,0.1048458144068718
23877,0.11848826706409454
23878,0.14626643061637878
23879,0.10050013661384583
23880,0.10367486625909805
23881,0.09946668148040771
23882,0.10402471572160721
23883,0.09948107600212097
23884,0.10244858264923096
23885,0.10001945495605469
23886,0.09997565299272537
23887,0.46312105655670166
23888,0.2256585955619812
23889,0.34322819113731384
23890,0.12025011330842972
23891,0.10360895097255707
23892,0.29586440324783325
23893,0.14626643061637878
23894,0.10084957629442215
23895,0.274650514125824
23896,0.1038571298122406
23897,0.11769064515829086
23898,0.10165992379188538
23899,0.4058549106121063
23900,0.10259070992469788
23901,0.10930761694908142
23902,0.4740492105484009
23903,0.11661044508218765
23904,0.13977639377117157
23905,0.09997565299272537
23906,0.10751424729824066
23907,0.1071760356426239
23908,0.10522621870040894
23909,0.10523942112922668
23910,0.1361616849899292
23911,0.1612706184387207
23912,0.10212068259716034
23913,0.2976153790950775
23914,0.3709218502044678
23915,0.3547711670398712
23916,0.10187248140573502
23917,0.09997565299272537
23918,0.1007300540804863
23919,0.13996833562850952
23920,0.1021292507648468
23921,0.11177270859479904
23922,0.09996125847101212
23923,0.1058710515499115
23924,0.09804636985063553
23925,0.11215412616729736
23926,0.12620188295841217
23927,0.11087638884782791
23928,0.15318627655506134
23929,0.10324788838624954
23930,0.10056167095899582
23931,0.10492327064275742
23932,0.1038789227604866
23933,0.10137233883142471
23934,0.103841632604599
23935,0.10270853340625763
23936,0.1085156500339508
23937,0.11935058236122131
23938,0.0993785634636879
23939,0.13584326207637787
23940,0.11494530737400055
23941,0.09997565299272537
23942,0.10968438535928726
23943,0.1571590006351471
23944,0.10435458272695541
23945,0.10759132355451584
23946,0.09997565299272537
23947,0.2334727644920349
23948,0.10056167095899582
23949,0.14640702307224274
23950,0.33202338218688965
23951,0.1032181978225708
23952,0.10255584865808487
23953,0.10068250447511673
23954,0.1152491495013237
23955,0.18973520398139954
23956,0.3662363588809967
23957,0.10873401910066605
23958,0.3596104681491852
23959,0.10023282468318939
23960,0.10859507322311401
23961,0.1013408675789833
23962,0.10114441812038422
23963,0.12893874943256378
23964,0.10086555033922195
23965,0.10721190273761749
23966,0.1076280027627945
23967,0.2216683328151703
23968,0.16045929491519928
23969,0.13581134378910065
23970,0.10026731342077255
23971,0.10591696202754974
23972,0.10498412698507309
23973,0.10114441812038422
23974,0.10439693927764893
23975,0.1113479807972908
23976,0.11140087991952896
23977,0.10441245883703232
23978,0.1013459786772728
23979,0.12156256288290024
23980,0.10067161172628403
23981,0.10921280086040497
23982,0.09997565299272537
23983,0.09872075170278549
23984,0.10141143947839737
23985,0.09795400500297546
23986,0.13610608875751495
23987,0.20581452548503876
23988,0.10493212938308716
23989,0.1309037059545517
23990,0.10135158896446228
23991,0.14720574021339417
23992,0.10272207856178284
23993,0.5289282202720642
23994,0.3279564082622528
23995,0.1079222559928894
23996,0.1028287410736084
23997,0.10661580413579941
23998,0.15597714483737946
23999,0.1869477927684784
24000,0.09072262048721313
24001,0.12232443690299988
24002,0.1062755212187767
24003,0.10620340704917908
24004,0.1038937047123909
24005,0.29250168800354004
24006,0.1089179515838623
24007,0.09948107600212097
24008,0.33716610074043274
24009,0.10172106325626373
24010,0.09999515116214752
24011,0.1367660015821457
24012,0.09871051460504532
24013,0.11514738947153091
24014,0.1125250831246376
24015,0.15583856403827667
24016,0.13278140127658844
24017,0.1006157398223877
24018,0.27337345480918884
24019,0.09995058923959732
24020,0.10563117265701294
24021,0.1023617684841156
24022,0.1010303944349289
24023,0.1718696504831314
24024,0.10469487309455872
24025,0.26671668887138367
24026,0.10234074294567108
24027,0.13900716602802277
24028,0.11359009891748428
24029,0.0987924337387085
24030,0.10490724444389343
24031,0.11307815462350845
24032,0.10377643257379532
24033,0.10192690789699554
24034,0.09997565299272537
24035,0.11379964649677277
24036,0.1030656024813652
24037,0.10375680774450302
24038,0.10588231682777405
24039,0.10451944172382355
24040,0.10213976353406906
24041,0.16421779990196228
24042,0.16039392352104187
24043,0.1175139993429184
24044,0.11421352624893188
24045,0.10991958528757095
24046,0.1029147133231163
24047,0.1574651300907135
24048,0.10786428302526474
24049,0.21726399660110474
24050,0.09997565299272537
24051,0.2507246434688568
24052,0.10954698920249939
24053,0.23305734992027283
24054,0.10633528977632523
24055,0.13688717782497406
24056,0.10122451186180115
24057,0.10094184428453445
24058,0.10089518129825592
24059,0.1134783998131752
24060,0.2400539517402649
24061,0.12460161745548248
24062,0.10209774971008301
24063,0.1013069748878479
24064,0.10215415805578232
24065,0.10469487309455872
24066,0.10072427242994308
24067,0.10935533046722412
24068,0.11131981760263443
24069,0.11373777687549591
24070,0.24799485504627228
24071,0.10301902145147324
24072,0.0988338515162468
24073,0.10213322937488556
24074,0.14095596969127655
24075,0.09997565299272537
24076,0.10375680774450302
24077,0.10215415805578232
24078,0.446094274520874
24079,0.13302499055862427
24080,0.31021758913993835
24081,0.3608589172363281
24082,0.09901677817106247
24083,0.09997565299272537
24084,0.10633538663387299
24085,0.10365767776966095
24086,0.10189300030469894
24087,0.19299447536468506
24088,0.1976333111524582
24089,0.10094184428453445
24090,0.1605159491300583
24091,0.1376684159040451
24092,0.31644806265830994
24093,0.2336314618587494
24094,0.11546916514635086
24095,0.10025746375322342
24096,0.13852569460868835
24097,0.10010042041540146
24098,0.15395015478134155
24099,0.2699557840824127
24100,0.18571190536022186
24101,0.10009113699197769
24102,0.2215561419725418
24103,0.09997565299272537
24104,0.13578100502490997
24105,0.1400768756866455
24106,0.2275288999080658
24107,0.10438966006040573
24108,0.10928787291049957
24109,0.29546111822128296
24110,0.09933190047740936
24111,0.10147564858198166
24112,0.1030656024813652
24113,0.10360895097255707
24114,0.11091942340135574
24115,0.1296842396259308
24116,0.10475350171327591
24117,0.18217836320400238
24118,0.10264080762863159
24119,0.1038937047123909
24120,0.10862681269645691
24121,0.11223644018173218
24122,0.10731475055217743
24123,0.4166903793811798
24124,0.13313028216362
24125,0.09997565299272537
24126,0.10004814714193344
24127,0.09878718852996826
24128,0.10560639947652817
24129,0.1073455959558487
24130,0.0964389368891716
24131,0.11173589527606964
24132,0.13283471763134003
24133,0.23623719811439514
24134,0.30294519662857056
24135,0.276298463344574
24136,0.09997565299272537
24137,0.6598256230354309
24138,0.20356547832489014
24139,0.1141171008348465
24140,0.22403015196323395
24141,0.10138537734746933
24142,0.11412558704614639
24143,0.1088821068406105
24144,0.09763868898153305
24145,0.19150172173976898
24146,0.10217517614364624
24147,0.1364070326089859
24148,0.15896368026733398
24149,0.15634585916996002
24150,0.10538825392723083
24151,0.1606902927160263
24152,0.21476727724075317
24153,0.23047693073749542
24154,0.10125463455915451
24155,0.1539478302001953
24156,0.15989899635314941
24157,0.10122451186180115
24158,0.11897876113653183
24159,0.10590313374996185
24160,0.1038937047123909
24161,0.12915199995040894
24162,0.14612247049808502
24163,0.09997565299272537
24164,0.09072262048721313
24165,0.26571571826934814
24166,0.10132134705781937
24167,0.10129161179065704
24168,0.09872075170278549
24169,0.1371404230594635
24170,0.09967590868473053
24171,0.09853998571634293
24172,0.10346151143312454
24173,0.10542542487382889
24174,0.10382623225450516
24175,0.19649866223335266
24176,0.10236701369285583
24177,0.13225071132183075
24178,0.10351938754320145
24179,0.10128780454397202
24180,0.10486138612031937
24181,0.09997565299272537
24182,0.1012851744890213
24183,0.11271539330482483
24184,0.11811349540948868
24185,0.13260231912136078
24186,0.11676295101642609
24187,0.1378239393234253
24188,0.10289888083934784
24189,0.09997565299272537
24190,0.10315055400133133
24191,0.10089518129825592
24192,0.1560898870229721
24193,0.10591918230056763
24194,0.2549896240234375
24195,0.10258771479129791
24196,0.10691636800765991
24197,0.10737370699644089
24198,0.1092345342040062
24199,0.17591595649719238
24200,0.16409219801425934
24201,0.13251328468322754
24202,0.12377597391605377
24203,0.10463296622037888
24204,0.10070119053125381
24205,0.10412067174911499
24206,0.09997565299272537
24207,0.12570156157016754
24208,0.19294673204421997
24209,0.10272207856178284
24210,0.09627494215965271
24211,0.09805560857057571
24212,0.1079387366771698
24213,0.14489427208900452
24214,0.2890949845314026
24215,0.11010664701461792
24216,0.10783325880765915
24217,0.12248056381940842
24218,0.13747355341911316
24219,0.09997565299272537
24220,0.11848826706409454
24221,0.10114441812038422
24222,0.1933891624212265
24223,0.12071924656629562
24224,0.17365530133247375
24225,0.10761834681034088
24226,0.11928153038024902
24227,0.13300220668315887
24228,0.10424473881721497
24229,0.28059467673301697
24230,0.09381494671106339
24231,0.23210866749286652
24232,0.17155995965003967
24233,0.13422876596450806
24234,0.5416648387908936
24235,0.10075202584266663
24236,0.10731369256973267
24237,0.1592874974012375
24238,0.0987924337387085
24239,0.10055641829967499
24240,0.10227008163928986
24241,0.1275353878736496
24242,0.16253556311130524
24243,0.0988338515162468
24244,0.34548860788345337
24245,0.1013069748878479
24246,0.0997488796710968
24247,0.10301902145147324
24248,0.1778581440448761
24249,0.09948107600212097
24250,0.29161038994789124
24251,0.13583996891975403
24252,0.11067655682563782
24253,0.10527597367763519
24254,0.13368046283721924
24255,0.10393042117357254
24256,0.11223644018173218
24257,0.09533718228340149
24258,0.10885690152645111
24259,0.09937331825494766
24260,0.1410219967365265
24261,0.10122451186180115
24262,0.16357287764549255
24263,0.09574251621961594
24264,0.09997565299272537
24265,0.10469532012939453
24266,0.10364082455635071
24267,0.12831909954547882
24268,0.10318239033222198
24269,0.09948107600212097
24270,0.35935667157173157
24271,0.1403120458126068
24272,0.11846508830785751
24273,0.11696566641330719
24274,0.10111964493989944
24275,0.11171843856573105
24276,0.09897755831480026
24277,0.3119753897190094
24278,0.45179641246795654
24279,0.13594667613506317
24280,0.14063531160354614
24281,0.19210702180862427
24282,0.10407347232103348
24283,0.13667632639408112
24284,0.22435832023620605
24285,0.11163190752267838
24286,0.10050013661384583
24287,0.10006634891033173
24288,0.0993785634636879
24289,0.14908276498317719
24290,0.1013016402721405
24291,0.10336398333311081
24292,0.21545857191085815
24293,0.11068283766508102
24294,0.13679982721805573
24295,0.10328734666109085
24296,0.1023617684841156
24297,0.10302291810512543
24298,0.0993785634636879
24299,0.10857361555099487
24300,0.10086332261562347
24301,0.6603295207023621
24302,0.10305681824684143
24303,0.1013408675789833
24304,0.11622194200754166
24305,0.09914029389619827
24306,0.10305549949407578
24307,0.10550647974014282
24308,0.16243107616901398
24309,0.10402948409318924
24310,0.09997040033340454
24311,0.09987130761146545
24312,0.27281540632247925
24313,0.11350134015083313
24314,0.14284010231494904
24315,0.20771822333335876
24316,0.10816830396652222
24317,0.11131343245506287
24318,0.6596885323524475
24319,0.10056167095899582
24320,0.1014355942606926
24321,0.14105938374996185
24322,0.20147642493247986
24323,0.108580082654953
24324,0.11035212129354477
24325,0.10360895097255707
24326,0.10909214615821838
24327,0.17830246686935425
24328,0.11438240855932236
24329,0.10132134705781937
24330,0.10527154058218002
24331,0.14296448230743408
24332,0.1379859894514084
24333,0.11091455072164536
24334,0.10166072845458984
24335,0.10820900648832321
24336,0.1040114089846611
24337,0.09926629811525345
24338,0.14201202988624573
24339,0.10021139681339264
24340,0.11867992579936981
24341,0.09581804275512695
24342,0.6437596082687378
24343,0.10147082805633545
24344,0.10681890696287155
24345,0.0993785634636879
24346,0.09999515116214752
24347,0.10214307904243469
24348,0.11982496827840805
24349,0.18329979479312897
24350,0.1529996544122696
24351,0.12015658617019653
24352,0.10056167095899582
24353,0.10502438247203827
24354,0.10527800023555756
24355,0.10822843015193939
24356,0.7029102444648743
24357,0.10163183510303497
24358,0.10344331711530685
24359,0.10702250897884369
24360,0.1199432834982872
24361,0.10619062185287476
24362,0.5879237055778503
24363,0.0974208265542984
24364,0.3827338218688965
24365,0.1354397088289261
24366,0.1329863965511322
24367,0.1219499334692955
24368,0.11964693665504456
24369,0.1629592329263687
24370,0.10835345834493637
24371,0.09997040033340454
24372,0.09924043715000153
24373,0.1253824084997177
24374,0.1126171424984932
24375,0.13927040994167328
24376,0.10215415805578232
24377,0.12078820168972015
24378,0.10458418726921082
24379,0.10717472434043884
24380,0.16548392176628113
24381,0.22014103829860687
24382,0.12313825637102127
24383,0.12749886512756348
24384,0.09844569861888885
24385,0.22327682375907898
24386,0.10343743115663528
24387,0.10264474153518677
24388,0.1261679232120514
24389,0.43376627564430237
24390,0.10498112440109253
24391,0.20959319174289703
24392,0.18681901693344116
24393,0.1025470569729805
24394,0.09997565299272537
24395,0.13201375305652618
24396,0.11187057942152023
24397,0.09944942593574524
24398,0.09999515116214752
24399,0.11293086409568787
24400,0.10879111289978027
24401,0.12278880178928375
24402,0.1300385594367981
24403,0.12809699773788452
24404,0.1098613440990448
24405,0.10463256388902664
24406,0.34898823499679565
24407,0.10192647576332092
24408,0.15814238786697388
24409,0.12175718694925308
24410,0.09997565299272537
24411,0.10348045080900192
24412,0.10066812485456467
24413,0.1081298366189003
24414,0.14268775284290314
24415,0.10680980980396271
24416,0.2819371819496155
24417,0.29816386103630066
24418,0.12310205399990082
24419,0.1141912192106247
24420,0.100705586373806
24421,0.10420605540275574
24422,0.1064959317445755
24423,0.1037876084446907
24424,0.250936359167099
24425,0.11937884986400604
24426,0.17282260954380035
24427,0.1012643501162529
24428,0.12694135308265686
24429,0.10167716443538666
24430,0.31862276792526245
24431,0.10056167095899582
24432,0.47759175300598145
24433,0.2862434387207031
24434,0.10133805125951767
24435,0.12638631463050842
24436,0.12093062698841095
24437,0.1171698272228241
24438,0.13013902306556702
24439,0.1131327822804451
24440,0.10080993920564651
24441,0.44020983576774597
24442,0.1586235612630844
24443,0.11343592405319214
24444,0.09932664781808853
24445,0.10415907949209213
24446,0.11223208904266357
24447,0.09997565299272537
24448,0.1106509119272232
24449,0.10470078140497208
24450,0.11206955462694168
24451,0.14691439270973206
24452,0.5346570611000061
24453,0.10122451186180115
24454,0.1034943088889122
24455,0.1053449884057045
24456,0.10283534973859787
24457,0.132956400513649
24458,0.09772145748138428
24459,0.1014355942606926
24460,0.09773868322372437
24461,0.13615351915359497
24462,0.1433558613061905
24463,0.3519514501094818
24464,0.09933190047740936
24465,0.1039908155798912
24466,0.10122451186180115
24467,0.1490381360054016
24468,0.10056167095899582
24469,0.1315048784017563
24470,0.1371459662914276
24471,0.09932082891464233
24472,0.10143217444419861
24473,0.11766146123409271
24474,0.10367728769779205
24475,0.26982033252716064
24476,0.10773149877786636
24477,0.1018076092004776
24478,0.1030656024813652
24479,0.4097056984901428
24480,0.11916567385196686
24481,0.15948708355426788
24482,0.102975994348526
24483,0.10238043963909149
24484,0.23467034101486206
24485,0.128699392080307
24486,0.13742120563983917
24487,0.12461445480585098
24488,0.10906651616096497
24489,0.41652625799179077
24490,0.10294011980295181
24491,0.1345507651567459
24492,0.28992724418640137
24493,0.21938413381576538
24494,0.13430730998516083
24495,0.10604839771986008
24496,0.11111143976449966
24497,0.26908302307128906
24498,0.09996125847101212
24499,0.2828531265258789
24500,0.10823377966880798
24501,0.10258440673351288
24502,0.10819263011217117
24503,0.16453945636749268
24504,0.09997040033340454
24505,0.12256266921758652
24506,0.09997565299272537
24507,0.1147087961435318
24508,0.11104585975408554
24509,0.15597714483737946
24510,0.10696817189455032
24511,0.1038937047123909
24512,0.3097323477268219
24513,0.10416822135448456
24514,0.10567319393157959
24515,0.13279010355472565
24516,0.14647042751312256
24517,0.10751407593488693
24518,0.11758697032928467
24519,0.6068522334098816
24520,0.14067018032073975
24521,0.14862816035747528
24522,0.4367329180240631
24523,0.11184247583150864
24524,0.09997565299272537
24525,0.17857255041599274
24526,0.103841632604599
24527,0.14454025030136108
24528,0.09876741468906403
24529,0.10177277028560638
24530,0.11219893395900726
24531,0.3100256025791168
24532,0.10897432267665863
24533,0.09948107600212097
24534,0.20888368785381317
24535,0.10379771888256073
24536,0.1013069748878479
24537,0.1293509304523468
24538,0.10009113699197769
24539,0.11344611644744873
24540,0.14218752086162567
24541,0.0999191477894783
24542,0.14003506302833557
24543,0.10189300030469894
24544,0.10145509988069534
24545,0.530341386795044
24546,0.11898048222064972
24547,0.09072262048721313
24548,0.10264080762863159
24549,0.1342611163854599
24550,0.09997565299272537
24551,0.09853998571634293
24552,0.10307919234037399
24553,0.09997565299272537
24554,0.1382385492324829
24555,0.09763343632221222
24556,0.1030656024813652
24557,0.32216334342956543
24558,0.1038937047123909
24559,0.6277325749397278
24560,0.14614158868789673
24561,0.10222948342561722
24562,0.10514816641807556
24563,0.17142848670482635
24564,0.09948492795228958
24565,0.096943698823452
24566,0.10071459412574768
24567,0.15648646652698517
24568,0.16571451723575592
24569,0.09853998571634293
24570,0.11589788645505905
24571,0.10371685028076172
24572,0.12736408412456512
24573,0.10132134705781937
24574,0.11415453255176544
24575,0.1306227147579193
24576,0.09767688810825348
24577,0.1299150288105011
24578,0.09997565299272537
24579,0.10056167095899582
24580,0.100705586373806
24581,0.10080993920564651
24582,0.12227583676576614
24583,0.1140730157494545
24584,0.0988483652472496
24585,0.10189300030469894
24586,0.10089518129825592
24587,0.09997565299272537
24588,0.1293373852968216
24589,0.1148962676525116
24590,0.1154646947979927
24591,0.10128150880336761
24592,0.13942819833755493
24593,0.11066509038209915
24594,0.21014592051506042
24595,0.10375279933214188
24596,0.09933190047740936
24597,0.10649386048316956
24598,0.12032477557659149
24599,0.10159962624311447
24600,0.12063262611627579
24601,0.09997040033340454
24602,0.09997565299272537
24603,0.09997565299272537
24604,0.14928144216537476
24605,0.10107260942459106
24606,0.10120774805545807
24607,0.19013047218322754
24608,0.09997565299272537
24609,0.09983674436807632
24610,0.10185997188091278
24611,0.20081748068332672
24612,0.09948107600212097
24613,0.15513528883457184
24614,0.6186813712120056
24615,0.10518791526556015
24616,0.09947582334280014
24617,0.10726568847894669
24618,0.11252517253160477
24619,0.11476319283246994
24620,0.14423300325870514
24621,0.10258974879980087
24622,0.10265827178955078
24623,0.12120439857244492
24624,0.10431325435638428
24625,0.14290714263916016
24626,0.14294852316379547
24627,0.10449464619159698
24628,0.13813352584838867
24629,0.14507712423801422
24630,0.6796649098396301
24631,0.17071081697940826
24632,0.10173947364091873
24633,0.10748495906591415
24634,0.10305629670619965
24635,0.1134297251701355
24636,0.36707666516304016
24637,0.10056167095899582
24638,0.10075202584266663
24639,0.15356114506721497
24640,0.1498902589082718
24641,0.11363114416599274
24642,0.12482333183288574
24643,0.11761818081140518
24644,0.11118309199810028
24645,0.10205358266830444
24646,0.6076555848121643
24647,0.1803545206785202
24648,0.13756850361824036
24649,0.10147082805633545
24650,0.09997040033340454
24651,0.10777590423822403
24652,0.1372147798538208
24653,0.5431244373321533
24654,0.12696245312690735
24655,0.10142119973897934
24656,0.11137363314628601
24657,0.1112268716096878
24658,0.09997565299272537
24659,0.1410384476184845
24660,0.1014355942606926
24661,0.2670309841632843
24662,0.13614031672477722
24663,0.09997565299272537
24664,0.14947332441806793
24665,0.1546812653541565
24666,0.4232856333255768
24667,0.0981750562787056
24668,0.10946809500455856
24669,0.10799144208431244
24670,0.12951084971427917
24671,0.11779666692018509
24672,0.09997565299272537
24673,0.10050013661384583
24674,0.1013069748878479
24675,0.11564690619707108
24676,0.13656601309776306
24677,0.10588082671165466
24678,0.09948107600212097
24679,0.1125323548913002
24680,0.6266449689865112
24681,0.3173861801624298
24682,0.10272254049777985
24683,0.10215415805578232
24684,0.1355578452348709
24685,0.32495740056037903
24686,0.0994497761130333
24687,0.12162744253873825
24688,0.3544285297393799
24689,0.10336398333311081
24690,0.22559896111488342
24691,0.36221614480018616
24692,0.12351752817630768
24693,0.10351938754320145
24694,0.12487988919019699
24695,0.12218659371137619
24696,0.11074785143136978
24697,0.2680164575576782
24698,0.09996125847101212
24699,0.14527374505996704
24700,0.1440906524658203
24701,0.1036352664232254
24702,0.2092498391866684
24703,0.10354658216238022
24704,0.10950025916099548
24705,0.1038937047123909
24706,0.2191537618637085
24707,0.11108694225549698
24708,0.10420605540275574
24709,0.10001945495605469
24710,0.09997565299272537
24711,0.10132300853729248
24712,0.18367882072925568
24713,0.11259067058563232
24714,0.11104550957679749
24715,0.10415491461753845
24716,0.10208239406347275
24717,0.10582639276981354
24718,0.14249028265476227
24719,0.2333006113767624
24720,0.1046479195356369
24721,0.14330793917179108
24722,0.10338111221790314
24723,0.1020423024892807
24724,0.15813705325126648
24725,0.15662699937820435
24726,0.10431128740310669
24727,0.2873629629611969
24728,0.0993785634636879
24729,0.29370176792144775
24730,0.14770685136318207
24731,0.12775616347789764
24732,0.10624093562364578
24733,0.10135684162378311
24734,0.14053553342819214
24735,0.11496562510728836
24736,0.17720162868499756
24737,0.2028817981481552
24738,0.1250167042016983
24739,0.1183212399482727
24740,0.10007762908935547
24741,0.12893351912498474
24742,0.10107079893350601
24743,0.2530982494354248
24744,0.10131378471851349
24745,0.18674051761627197
24746,0.10608066618442535
24747,0.09995125979185104
24748,0.1086270734667778
24749,0.09997565299272537
24750,0.12771733105182648
24751,0.10167519003152847
24752,0.10395599156618118
24753,0.1045103669166565
24754,0.11548350006341934
24755,0.09997565299272537
24756,0.09997565299272537
24757,0.1274680346250534
24758,0.17224721610546112
24759,0.10050616413354874
24760,0.18842212855815887
24761,0.22767183184623718
24762,0.40066656470298767
24763,0.10173539072275162
24764,0.1047409400343895
24765,0.12173361331224442
24766,0.1539081633090973
24767,0.12755773961544037
24768,0.09584631770849228
24769,0.13402527570724487
24770,0.7017926573753357
24771,0.11187281459569931
24772,0.10495038330554962
24773,0.13305436074733734
24774,0.11358395218849182
24775,0.1112968698143959
24776,0.09948107600212097
24777,0.12988829612731934
24778,0.14668011665344238
24779,0.10056167095899582
24780,0.14101092517375946
24781,0.12662681937217712
24782,0.10435547679662704
24783,0.217868834733963
24784,0.10039623081684113
24785,0.09627494215965271
24786,0.13178174197673798
24787,0.4117296636104584
24788,0.09867310523986816
24789,0.10056167095899582
24790,0.13325932621955872
24791,0.10339833050966263
24792,0.17050501704216003
24793,0.10177229344844818
24794,0.11141569912433624
24795,0.10128580778837204
24796,0.10135684162378311
24797,0.26687347888946533
24798,0.0997021347284317
24799,0.1561817228794098
24800,0.09867310523986816
24801,0.10766933113336563
24802,0.13549914956092834
24803,0.10122451186180115
24804,0.09921329468488693
24805,0.10304147750139236
24806,0.10284462571144104
24807,0.12627707421779633
24808,0.09997565299272537
24809,0.10805338621139526
24810,0.12297632545232773
24811,0.10636651515960693
24812,0.12351167947053909
24813,0.11808042973279953
24814,0.10902654379606247
24815,0.10175694525241852
24816,0.34248942136764526
24817,0.10132300853729248
24818,0.10348548740148544
24819,0.12037395685911179
24820,0.10336398333311081
24821,0.13478541374206543
24822,0.4094395339488983
24823,0.24095886945724487
24824,0.12529200315475464
24825,0.12869463860988617
24826,0.09691845625638962
24827,0.10186878591775894
24828,0.10744886100292206
24829,0.1053960844874382
24830,0.10460124909877777
24831,0.10801041126251221
24832,0.1038937047123909
24833,0.10459547489881516
24834,0.15594987571239471
24835,0.10265885293483734
24836,0.2158377319574356
24837,0.11202806979417801
24838,0.6113394498825073
24839,0.100063256919384
24840,0.09939716011285782
24841,0.12673459947109222
24842,0.20996710658073425
24843,0.22982704639434814
24844,0.09948107600212097
24845,0.1580931544303894
24846,0.168430358171463
24847,0.10402200371026993
24848,0.14301252365112305
24849,0.10443802177906036
24850,0.10280082374811172
24851,0.2589814066886902
24852,0.10420137643814087
24853,0.10294625163078308
24854,0.10301584005355835
24855,0.12898825109004974
24856,0.10111964493989944
24857,0.17094941437244415
24858,0.1030656024813652
24859,0.12237399816513062
24860,0.09997565299272537
24861,0.10398251563310623
24862,0.11453377455472946
24863,0.1265062391757965
24864,0.09997565299272537
24865,0.10151581466197968
24866,0.11115920543670654
24867,0.10454260557889938
24868,0.12841378152370453
24869,0.25535738468170166
24870,0.10107260942459106
24871,0.100739486515522
24872,0.10218501836061478
24873,0.10183931887149811
24874,0.09997565299272537
24875,0.10153229534626007
24876,0.12996728718280792
24877,0.10272063314914703
24878,0.09997565299272537
24879,0.12157256156206131
24880,0.10121859610080719
24881,0.1076280027627945
24882,0.09997565299272537
24883,0.2830030620098114
24884,0.16195712983608246
24885,0.10258974879980087
24886,0.10212250798940659
24887,0.11209173500537872
24888,0.3267216086387634
24889,0.1365949660539627
24890,0.10515017062425613
24891,0.10335873812437057
24892,0.09876741468906403
24893,0.12873706221580505
24894,0.10308399796485901
24895,0.18095342814922333
24896,0.11869264394044876
24897,0.13931870460510254
24898,0.10214509069919586
24899,0.10204143822193146
24900,0.10299424827098846
24901,0.1322481483221054
24902,0.10075202584266663
24903,0.09970738738775253
24904,0.10383845865726471
24905,0.0993013083934784
24906,0.28300940990448
24907,0.09948107600212097
24908,0.10129161179065704
24909,0.13325919210910797
24910,0.2606181800365448
24911,0.11949929594993591
24912,0.11151664704084396
24913,0.10361957550048828
24914,0.48164495825767517
24915,0.10126901417970657
24916,0.2852662205696106
24917,0.14649108052253723
24918,0.14772814512252808
24919,0.1149849072098732
24920,0.10804431140422821
24921,0.10239981859922409
24922,0.10500034689903259
24923,0.33410415053367615
24924,0.13157615065574646
24925,0.2893607020378113
24926,0.10051141679286957
24927,0.09997040033340454
24928,0.10213723033666611
24929,0.10572495311498642
24930,0.3306451141834259
24931,0.09997565299272537
24932,0.1014355942606926
24933,0.10043076425790787
24934,0.0944347158074379
24935,0.4363999664783478
24936,0.37459710240364075
24937,0.10827583819627762
24938,0.10520534962415695
24939,0.10319516807794571
24940,0.10122451186180115
24941,0.11524395644664764
24942,0.10519719123840332
24943,0.10645236819982529
24944,0.10128721594810486
24945,0.161599263548851
24946,0.09997565299272537
24947,0.12682513892650604
24948,0.11840913444757462
24949,0.11870072782039642
24950,0.12659232318401337
24951,0.10212250798940659
24952,0.09314534068107605
24953,0.12567166984081268
24954,0.10274586826562881
24955,0.1057259663939476
24956,0.15988443791866302
24957,0.1095271110534668
24958,0.14018064737319946
24959,0.13626757264137268
24960,0.12816384434700012
24961,0.10354217141866684
24962,0.11319775134325027
24963,0.10575433075428009
24964,0.17101448774337769
24965,0.10350529104471207
24966,0.1446380913257599
24967,0.10152744501829147
24968,0.3631523549556732
24969,0.13328711688518524
24970,0.2739885747432709
24971,0.09997565299272537
24972,0.10056167095899582
24973,0.13739658892154694
24974,0.10102133452892303
24975,0.11117462068796158
24976,0.10977864265441895
24977,0.19265079498291016
24978,0.10270659625530243
24979,0.27638882398605347
24980,0.09848557412624359
24981,0.10073736310005188
24982,0.10583343356847763
24983,0.10968910157680511
24984,0.11918618530035019
24985,0.1082138940691948
24986,0.1014355942606926
24987,0.15911231935024261
24988,0.10161641985177994
24989,0.10889200121164322
24990,0.10437226295471191
24991,0.11000140011310577
24992,0.12782129645347595
24993,0.10378533601760864
24994,0.09933190047740936
24995,0.24173496663570404
24996,0.12492196261882782
24997,0.1081298366189003
24998,0.10214509069919586
24999,0.16373710334300995
25000,0.13239802420139313
25001,0.14700117707252502
25002,0.10126174241304398
25003,0.1083352342247963
25004,0.10064823925495148
25005,0.10048376768827438
25006,0.1376684159040451
25007,0.11491335928440094
25008,0.1610737144947052
25009,0.15323269367218018
25010,0.12474946677684784
25011,0.1607055366039276
25012,0.180516317486763
25013,0.09917231649160385
25014,0.16757051646709442
25015,0.1903405636548996
25016,0.17746776342391968
25017,0.1033523753285408
25018,0.1141345351934433
25019,0.16600367426872253
25020,0.10744886100292206
25021,0.23026569187641144
25022,0.15020090341567993
25023,0.09917939454317093
25024,0.10094184428453445
25025,0.11990469694137573
25026,0.3532055616378784
25027,0.10724041610956192
25028,0.10128903388977051
25029,0.10051141679286957
25030,0.10382433235645294
25031,0.10291323065757751
25032,0.10111964493989944
25033,0.10075202584266663
25034,0.10133805125951767
25035,0.12965737283229828
25036,0.11150571703910828
25037,0.16702699661254883
25038,0.2780441343784332
25039,0.10639806091785431
25040,0.12290807068347931
25041,0.16180697083473206
25042,0.2984616160392761
25043,0.09948107600212097
25044,0.10173539072275162
25045,0.1228693351149559
25046,0.11304090917110443
25047,0.12102220952510834
25048,0.10215415805578232
25049,0.10226096212863922
25050,0.10135684162378311
25051,0.10216182470321655
25052,0.09935705363750458
25053,0.12603254616260529
25054,0.09997565299272537
25055,0.10564842075109482
25056,0.10288027673959732
25057,0.27289536595344543
25058,0.28349512815475464
25059,0.09997565299272537
25060,0.10140109807252884
25061,0.11232899129390717
25062,0.09997040033340454
25063,0.10736513137817383
25064,0.1347755789756775
25065,0.13460688292980194
25066,0.11028490960597992
25067,0.23762951791286469
25068,0.1074429303407669
25069,0.10355965048074722
25070,0.12665824592113495
25071,0.10905426740646362
25072,0.1030656024813652
25073,0.1083659902215004
25074,0.10244127362966537
25075,0.46158483624458313
25076,0.1032181978225708
25077,0.16758957505226135
25078,0.10315055400133133
25079,0.11418835818767548
25080,0.11238086223602295
25081,0.13853022456169128
25082,0.0986737310886383
25083,0.11446255445480347
25084,0.11934571713209152
25085,0.13381190598011017
25086,0.10185997188091278
25087,0.0993959978222847
25088,0.10437364131212234
25089,0.10072322189807892
25090,0.1092512235045433
25091,0.12963902950286865
25092,0.15518496930599213
25093,0.1096208393573761
25094,0.5411569476127625
25095,0.11192554980516434
25096,0.10015714168548584
25097,0.1370197832584381
25098,0.10453222692012787
25099,0.1165543794631958
25100,0.13464075326919556
25101,0.11325513571500778
25102,0.10365606844425201
25103,0.11639576405286789
25104,0.10981927067041397
25105,0.151124507188797
25106,0.10048990696668625
25107,0.12640230357646942
25108,0.11575528234243393
25109,0.10336398333311081
25110,0.11535710841417313
25111,0.10164232552051544
25112,0.4800858199596405
25113,0.24919438362121582
25114,0.16974855959415436
25115,0.11936140805482864
25116,0.10025746375322342
25117,0.10561013221740723
25118,0.09788937121629715
25119,0.1030656024813652
25120,0.10056167095899582
25121,0.11912720650434494
25122,0.1196809858083725
25123,0.10280082374811172
25124,0.10122451186180115
25125,0.10677727311849594
25126,0.12526673078536987
25127,0.1014355942606926
25128,0.09997565299272537
25129,0.11077055335044861
25130,0.5765063166618347
25131,0.11114079505205154
25132,0.14961273968219757
25133,0.10185997188091278
25134,0.10214605927467346
25135,0.4855562448501587
25136,0.13370516896247864
25137,0.13336631655693054
25138,0.09853998571634293
25139,0.2602461576461792
25140,0.1378035843372345
25141,0.10749465227127075
25142,0.1684589684009552
25143,0.12406054884195328
25144,0.10588082671165466
25145,0.11192703992128372
25146,0.10856732726097107
25147,0.1230705976486206
25148,0.19292446970939636
25149,0.13214395940303802
25150,0.14062026143074036
25151,0.1009899377822876
25152,0.23203766345977783
25153,0.15169255435466766
25154,0.1104661151766777
25155,0.11811843514442444
25156,0.1013459786772728
25157,0.10412205010652542
25158,0.10302291810512543
25159,0.09997565299272537
25160,0.13992685079574585
25161,0.2479347139596939
25162,0.2926379144191742
25163,0.16031144559383392
25164,0.11287730187177658
25165,0.1013069748878479
25166,0.10050013661384583
25167,0.09999515116214752
25168,0.10063060373067856
25169,0.44228944182395935
25170,0.10262849926948547
25171,0.12487529963254929
25172,0.09662088006734848
25173,0.10006765276193619
25174,0.1038937047123909
25175,0.1097538024187088
25176,0.2056342363357544
25177,0.10948477685451508
25178,0.1415410041809082
25179,0.1115630641579628
25180,0.1215631291270256
25181,0.10313688963651657
25182,0.28778839111328125
25183,0.11834757030010223
25184,0.10122451186180115
25185,0.10380170494318008
25186,0.09997040033340454
25187,0.18781934678554535
25188,0.34654098749160767
25189,0.532078206539154
25190,0.10056167095899582
25191,0.1253567934036255
25192,0.10245011746883392
25193,0.09997040033340454
25194,0.09997565299272537
25195,0.10196476429700851
25196,0.100776806473732
25197,0.12858846783638
25198,0.15796570479869843
25199,0.14425978064537048
25200,0.10135684162378311
25201,0.1030656024813652
25202,0.12459363788366318
25203,0.10070119053125381
25204,0.16133089363574982
25205,0.10979446768760681
25206,0.10055641829967499
25207,0.2033877819776535
25208,0.10443083941936493
25209,0.11235635727643967
25210,0.10118838399648666
25211,0.14326211810112
25212,0.11958786100149155
25213,0.10198711603879929
25214,0.0921720638871193
25215,0.12203006446361542
25216,0.1038937047123909
25217,0.12451136857271194
25218,0.10128903388977051
25219,0.42846202850341797
25220,0.1849631816148758
25221,0.19777601957321167
25222,0.13227634131908417
25223,0.1226893737912178
25224,0.0992351844906807
25225,0.09948107600212097
25226,0.09997565299272537
25227,0.18202148377895355
25228,0.09997565299272537
25229,0.12743598222732544
25230,0.09997565299272537
25231,0.10133805125951767
25232,0.11553135514259338
25233,0.16659532487392426
25234,0.11686841398477554
25235,0.11768721789121628
25236,0.15157091617584229
25237,0.09928692877292633
25238,0.6827144026756287
25239,0.11652276664972305
25240,0.18236581981182098
25241,0.09876741468906403
25242,0.15282045304775238
25243,0.17214706540107727
25244,0.0943831205368042
25245,0.10122451186180115
25246,0.10302053391933441
25247,0.21659018099308014
25248,0.10386640578508377
25249,0.19401493668556213
25250,0.1127733513712883
25251,0.10415491461753845
25252,0.10107260942459106
25253,0.1079220324754715
25254,0.13095182180404663
25255,0.10646908730268478
25256,0.10274681448936462
25257,0.1295621544122696
25258,0.10762526094913483
25259,0.10599999129772186
25260,0.10305681824684143
25261,0.1022508516907692
25262,0.09997040033340454
25263,0.10028557479381561
25264,0.31671252846717834
25265,0.1013408675789833
25266,0.10348548740148544
25267,0.13623182475566864
25268,0.1193900853395462
25269,0.10975613445043564
25270,0.1688903570175171
25271,0.2564449906349182
25272,0.0988338515162468
25273,0.10519719123840332
25274,0.19705384969711304
25275,0.09999515116214752
25276,0.16033855080604553
25277,0.10302291810512543
25278,0.10184533149003983
25279,0.1013408675789833
25280,0.10804431140422821
25281,0.15070508420467377
25282,0.13364720344543457
25283,0.10527800023555756
25284,0.10236041247844696
25285,0.10056167095899582
25286,0.10455822944641113
25287,0.5953669548034668
25288,0.1000429019331932
25289,0.1013069748878479
25290,0.1395912766456604
25291,0.10054727643728256
25292,0.23057490587234497
25293,0.10323245078325272
25294,0.10493254661560059
25295,0.11661843210458755
25296,0.10127429664134979
25297,0.10983008146286011
25298,0.10281437635421753
25299,0.17747697234153748
25300,0.10185997188091278
25301,0.10059308260679245
25302,0.11437435448169708
25303,0.10066449642181396
25304,0.09852559864521027
25305,0.09844576567411423
25306,0.09855806827545166
25307,0.16388602554798126
25308,0.13865581154823303
25309,0.09933190047740936
25310,0.0993785634636879
25311,0.10313313454389572
25312,0.11001721024513245
25313,0.10162114351987839
25314,0.12862113118171692
25315,0.1201263815164566
25316,0.13695228099822998
25317,0.16190005838871002
25318,0.137589693069458
25319,0.09853998571634293
25320,0.1990489661693573
25321,0.1016116663813591
25322,0.10250891745090485
25323,0.21457920968532562
25324,0.10132300853729248
25325,0.10122451186180115
25326,0.10469532012939453
25327,0.17168819904327393
25328,0.09995413571596146
25329,0.1160544902086258
25330,0.14956402778625488
25331,0.19881126284599304
25332,0.1042214184999466
25333,0.10390526801347733
25334,0.13659104704856873
25335,0.1262279748916626
25336,0.2465951144695282
25337,0.14294710755348206
25338,0.0993785634636879
25339,0.12069452553987503
25340,0.265017569065094
25341,0.11222674697637558
25342,0.13742120563983917
25343,0.12323835492134094
25344,0.11420336365699768
25345,0.39993321895599365
25346,0.10422740876674652
25347,0.1076282262802124
25348,0.10866684466600418
25349,0.11118723452091217
25350,0.10477104783058167
25351,0.18690960109233856
25352,0.09865429997444153
25353,0.1073112040758133
25354,0.11749675124883652
25355,0.09998924285173416
25356,0.10105308890342712
25357,0.10549797862768173
25358,0.11291789263486862
25359,0.14025446772575378
25360,0.12151658535003662
25361,0.13311506807804108
25362,0.10215415805578232
25363,0.0993785634636879
25364,0.6582483053207397
25365,0.10107079893350601
25366,0.2958361804485321
25367,0.11702657490968704
25368,0.1518058478832245
25369,0.10227754712104797
25370,0.10157549381256104
25371,0.18940219283103943
25372,0.1905173808336258
25373,0.2486269772052765
25374,0.13302958011627197
25375,0.09867310523986816
25376,0.10111964493989944
25377,0.10230762511491776
25378,0.1424531191587448
25379,0.1247299462556839
25380,0.36794158816337585
25381,0.0993785634636879
25382,0.14881344139575958
25383,0.24919812381267548
25384,0.1031913012266159
25385,0.16506558656692505
25386,0.10056167095899582
25387,0.11026889085769653
25388,0.11936591565608978
25389,0.10064760595560074
25390,0.17462797462940216
25391,0.10249010473489761
25392,0.10595943033695221
25393,0.10172250866889954
25394,0.10214509069919586
25395,0.7493072152137756
25396,0.10185997188091278
25397,0.10754118114709854
25398,0.11165772378444672
25399,0.1021280586719513
25400,0.10641200095415115
25401,0.1706877052783966
25402,0.10521210730075836
25403,0.10118838399648666
25404,0.1378156542778015
25405,0.1157398596405983
25406,0.14395307004451752
25407,0.09997565299272537
25408,0.10899683833122253
25409,0.10212858766317368
25410,0.16091683506965637
25411,0.10889185220003128
25412,0.1063765361905098
25413,0.100705586373806
25414,0.16108562052249908
25415,0.1014355942606926
25416,0.10527872294187546
25417,0.2256326973438263
25418,0.11561805009841919
25419,0.09751341491937637
25420,0.11357949674129486
25421,0.09997565299272537
25422,0.2759743928909302
25423,0.10314099490642548
25424,0.09215570241212845
25425,0.11264517158269882
25426,0.12695008516311646
25427,0.10350067913532257
25428,0.10156016051769257
25429,0.10564716905355453
25430,0.1058168113231659
25431,0.10383131355047226
25432,0.10540182888507843
25433,0.16617022454738617
25434,0.10395028442144394
25435,0.11245986074209213
25436,0.210072860121727
25437,0.09853998571634293
25438,0.3989931344985962
25439,0.11386511474847794
25440,0.10336398333311081
25441,0.12290212512016296
25442,0.10252424329519272
25443,0.2379026561975479
25444,0.10950025916099548
25445,0.19637462496757507
25446,0.10337047278881073
25447,0.10966751724481583
25448,0.10048990696668625
25449,0.16451287269592285
25450,0.10075202584266663
25451,0.10666821897029877
25452,0.1064344123005867
25453,0.10804431140422821
25454,0.10931675881147385
25455,0.09997565299272537
25456,0.09958603978157043
25457,0.29084691405296326
25458,0.36295029520988464
25459,0.38017114996910095
25460,0.15577758848667145
25461,0.0997849628329277
25462,0.100739486515522
25463,0.09627494215965271
25464,0.10050013661384583
25465,0.13911983370780945
25466,0.17805525660514832
25467,0.10131378471851349
25468,0.1270514577627182
25469,0.09917939454317093
25470,0.100705586373806
25471,0.1294424831867218
25472,0.20012609660625458
25473,0.1014355942606926
25474,0.10032979398965836
25475,0.1068209558725357
25476,0.10440606623888016
25477,0.13317348062992096
25478,0.1992836594581604
25479,0.1291419416666031
25480,0.1030656024813652
25481,0.12664933502674103
25482,0.10056167095899582
25483,0.1016392856836319
25484,0.4641900360584259
25485,0.0993785634636879
25486,0.18653668463230133
25487,0.1013408675789833
25488,0.2655717730522156
25489,0.29877805709838867
25490,0.23440659046173096
25491,0.10302291810512543
25492,0.09870096296072006
25493,0.1365090012550354
25494,0.11710602045059204
25495,0.10210782289505005
25496,0.10305681824684143
25497,0.10192690789699554
25498,0.1084766536951065
25499,0.09997565299272537
25500,0.10184533149003983
25501,0.10468631237745285
25502,0.12742486596107483
25503,0.1030656024813652
25504,0.11016744375228882
25505,0.10122451186180115
25506,0.10088904201984406
25507,0.09997565299272537
