{"count": 162.0, "mean": 13545.942777777778, "std": 17835.364789265786, "min": -18747.92, "25%": 0.0, "50%": 1226.13, "75%": 28517.0325, "max": 55993.66}